conv_id,subject,object,sentence,llm_label,llm_confidence,llm_reasoning
conv_276,Kip,Speaker 5,"(-1 Turn: Speaker 1: Oh my God, its happening. It's already started. I'm Kip.) (Target Turn: Speaker 1: Oh my God, its happening. It's already started. I'm Kip.) (+1 Turn: Speaker 1: Oh my God, its happening. It's already started. I'm Kip.)",positive,0.8,"the speaker's language is excited and anticipatory, indicating a sense of urgency and importance. the use of ""oh my god"" and ""it's already started"" suggests a strong emotional response, which is likel"
conv_319,Speaker 3,Dan,"(-1 Turn: Speaker 3: Yeah, Ross can't go so it's between my friend Eric Prower who has breath issues and Dan with the poking. 'Did you see that play? Do you want some more beer? Is that Spike Lee?') (Target Turn: Speaker 3: Yeah, Ross can't go so it's between my friend Eric Prower who has breath issues and Dan with the poking. 'Did you see that play? Do you want some more beer? Is that Spike Lee?') (+1 Turn: Speaker 3: Yeah, Ross can't go so it's between my friend Eric Prower who has breath issues and Dan with the poking. 'Did you see that play? Do you want some more beer? Is that Spike Lee?')",positive,0.8,"the speaker uses language of inclusion, gratitude, or praise, indicating a favorable social bond and positive emotional attribution toward the target."
conv_793,Judy,Speaker 2,"(-1 Turn: Speaker 3: Umm, I'm sorry Judy, I couldn't find that bowl that you and Jack were looking for.) (Target Turn: Speaker 3: Umm, I'm sorry Judy, I couldn't find that bowl that you and Jack were looking for.) (+1 Turn: Speaker 3: Umm, I'm sorry Judy, I couldn't find that bowl that you and Jack were looking for.)",negative,0.8,"the speaker uses apologetic language, indicating a sense of regret or remorse, which suggests a negative emotional attribution toward the target."
conv_68,Mattress King,Janice,"(-1 Turn: Speaker 2: Okay. I went down to the 'Mattress King' showroom and, and I saw Janice, kissing her ex-husband.) (Target Turn: Speaker 2: Okay. I went down to the 'Mattress King' showroom and, and I saw Janice, kissing her ex-husband.) (+1 Turn: Speaker 2: Okay. I went down to the 'Mattress King' showroom and, and I saw Janice, kissing her ex-husband.)",negative,0.8,the speaker mentions a specific event (janice kissing her ex-husband) that is likely to elicit a negative emotional response from the listener. the speaker's tone is likely to be critical or disapprov
conv_656,Speaker 2,Phoebe,"(-1 Turn: Speaker 2: This is Monica! I'm Phoebe's friend. Listen, Phoebe is back with David and he's going to propose to her, and she is going to say ""yes"" but I know she really wants to be with you!) (Target Turn: Speaker 2: This is Monica! I'm Phoebe's friend. Listen, Phoebe is back with David and he's going to propose to her, and she is going to say ""yes"" but I know she really wants to be with you!) (+1 Turn: Speaker 2: This is Monica! I'm Phoebe's friend. Listen, Phoebe is back with David and he's going to propose to her, and she is going to say ""yes"" but I know she really wants to be with you!)",positive,0.9,"the speaker is sharing confidential information about phoebe's relationship, indicating a level of trust and intimacy. the speaker is also expressing concern for phoebe's feelings, suggesting a positi"
conv_1024,Speaker 4,Duncan,"(-1 Turn: Speaker 2: Foxy lady.) (Target Turn: Speaker 4: Um, I'm gonna go meet Duncan, he's skating tonight at the Garden, he's in the Capades.) (+1 Turn: Speaker 4: Um, I'm gonna go meet Duncan, he's skating tonight at the Garden, he's in the Capades.)",neutral,0.8,"the speaker is planning to meet someone, indicating a neutral interaction. the tone is casual and lacks emotional charge."
conv_733,Speaker 1,Emily,"(-1 Turn: Speaker 1: Okay, I did not abandon Rachel! Okay? Emily showed up at the airport! I had to go after her! I mean, I-I did what I had to do! She's my wife! Rachel is my wife! Y'know—Emily! Emily, is my wife! Man, what is that?) (Target Turn: Speaker 1: Okay, I did not abandon Rachel! Okay? Emily showed up at the airport! I had to go after her! I mean, I-I did what I had to do! She's my wife! Rachel is my wife! Y'know—Emily! Emily, is my wife! Man, what is that?) (+1 Turn: Speaker 1: Okay, I did not abandon Rachel! Okay? Emily showed up at the airport! I had to go after her! I mean, I-I did what I had to do! She's my wife! Rachel is my wife! Y'know—Emily! Emily, is my wife! Man, what is that?)",negative,0.8,"the speaker's language is defensive, and they are emphasizing their commitment to rachel, indicating a strong emotional bond. the mention of emily as their wife suggests a sense of ownership and contr"
conv_135,Phoebe,Speaker 1,"(-1 Turn: Speaker 2: Dude, you're not tanned.) (Target Turn: Speaker 2: I am trying to open your eyes, my man! Don't you see, if you lived with Phoebe she's always gonna be there. You're gonna get home, she's there. You go to bed, she's there. You wake up and oh yes, she's there!) (+1 Turn: Speaker 2: I am trying to open your eyes, my man! Don't you see, if you lived with Phoebe she's always gonna be there. You're gonna get home, she's there. You go to bed, she's there. You wake up and oh yes, she's there!)",positive,0.9,"the speaker is using a persuasive tone, emphasizing the importance of having phoebe in the speaker's life. the use of ""my man"" and ""don't you see"" creates a sense of intimacy and urgency, indicating a"
conv_737,Emily,Ross,"(-1 Turn: Speaker 2: How's Ross doing? Y'know since all the Emily stuff.) (Target Turn: Speaker 2: Oh, honey, please, no, I can't get started with all that Ross stuff again. I mean, he's gonna screwed up for a looong time. And besides y'know, I don't, I don't go for guys right after they get divorced.) (+1 Turn: Speaker 2: Oh, honey, please, no, I can't get started with all that Ross stuff again. I mean, he's gonna screwed up for a looong time. And besides y'know, I don't, I don't go for guys right after they get divorced.)",negative,0.8,"the speaker uses language of rejection, disinterest, or dismissal, indicating a negative emotional attribution toward the target. the speaker also expresses empathy and understanding for the target's"
conv_870,Ross,Speaker 2,"(-1 Turn: Speaker 1: I don’t understand, do you want to go out with Ross?) (Target Turn: Speaker 2: Look, this is not that big of a deal! You just don’t date Ross! There’s a million other guys out there, you just…) (+1 Turn: Speaker 2: Look, this is not that big of a deal! You just don’t date Ross! There’s a million other guys out there, you just…)",negative,0.9,"the speaker uses language of exclusion, criticism, or disapproval, indicating an unfavorable social bond and negative emotional attribution toward the target."
conv_136,Speaker 2,Bonnie,"(-1 Turn: N/A) (Target Turn: Speaker 1: So Ross, how umm, how did it go with Bonnie?) (+1 Turn: Speaker 1: So Ross, how umm, how did it go with Bonnie?)",neutral,0.8,"the speaker uses a question to initiate a conversation, which is a neutral and non-confrontational way to interact. the speaker is showing interest in the target's life and experiences, which can be s"
conv_1061,Speaker 7,Fonzie,"(-1 Turn: Speaker 7: Hi! Phoebe, I'm Dr. Harad, I'm going to be delivering your babies. I want you to know, you're gonna be in good hands. I've been doing this for a long time. I'll be back in a minute to do your internal, in the meantime, just relax because everything here looks great. And also, I love Fonzie.) (Target Turn: Speaker 5: Did he just say, he loves Fonzie?) (+1 Turn: Speaker 5: Did he just say, he loves Fonzie?)",positive,0.8,"the speaker's tone is playful, and the use of the name ""fonzie"" is a reference to a popular tv character, indicating a lighthearted and humorous interaction. the speaker's emotional attribution is lik"
conv_333,Speaker 1,Ross,"(-1 Turn: Speaker 3: What do you mean? Rach, don't I seem like a professor you'd buy some kind of e-crap from?) (Target Turn: Speaker 2: We have too! I mean what if Ross's hears that and then calls her back and then they get back together? Is that what you want? Ross back with that controlling, neurotic, crazy Emily? The Emily that wouldn't let him see you?) (+1 Turn: Speaker 3: Noo! Oh no! No! God no! He should not get back together with her. I know that! You know that! Even Ross knows that! But that still doesn’t give us the right to erase his message!)",negative,0.95,"the speaker expresses strong negative emotions towards emily, using language of criticism, disdain, and rejection. the speaker also implies a sense of ownership and control over ross, indicating a pos"
conv_329,Emma,Amy,"(-1 Turn: Speaker 2: Yeah, well, everybody does! I’m a really cool person. And y'know you had 29 years to find that out, but you didn’t even try! Y'know what, you walked out on me, and I’m just, I’m gonna do the same thing to you.) (Target Turn: Speaker 2: Ok, fine, but I don't want them bonding to much. I don't want her telling Emma she needs a nose job.) (+1 Turn: Speaker 2: Ok, fine, but I don't want them bonding to much. I don't want her telling Emma she needs a nose job.)",negative,0.9,"the speaker expresses concern about the subject's (emma) physical appearance, indicating a negative emotional attribution."
conv_198,Speaker 1,Richard,"(-1 Turn: Speaker 1: Why are you guys so upset? It's Old Yeller, it's a happy movie.) (Target Turn: Speaker 1: I need to get some Richard.) (+1 Turn: Speaker 1: I need to get some Richard.)",neutral,0.8,"the speaker is asking for someone named richard, which implies a request or inquiry, lacking specific emotional charge or interpersonal sentiment."
conv_491,Emily,British,"(-1 Turn: Speaker 5: Sorry man.) (Target Turn: Speaker 3: Oh, thanks Gunther. STUPID BRITISH SNACK FOOD!!!!!!!) (+1 Turn: Speaker 3: Oh, thanks Gunther. STUPID BRITISH SNACK FOOD!!!!!!!)",negative,0.9,"the speaker uses strong language of frustration, anger, or disgust, indicating a negative emotional attribution toward the object (british snack food)."
conv_595,Speaker 4,Daryl Hannah,"(-1 Turn: Speaker 4: Daryl Hannah was the most beautiful woman that he'd ever seen in his life and I said yeah, I liked her in Splash, a lot, but not so much in- in Wall Street, I thought she had kind of a) (Target Turn: Speaker 4: Daryl Hannah was the most beautiful woman that he'd ever seen in his life and I said yeah, I liked her in Splash, a lot, but not so much in- in Wall Street, I thought she had kind of a) (+1 Turn: Speaker 4: Daryl Hannah was the most beautiful woman that he'd ever seen in his life and I said yeah, I liked her in Splash, a lot, but not so much in- in Wall Street, I thought she had kind of a)",positive,0.9,"the speaker describes a person as the most beautiful woman they've ever seen, indicating a strong positive emotional attribution. the speaker also mentions a shared experience (watching splash) and a"
conv_180,Speaker 3,Ross,"(-1 Turn: Speaker 3: Hello. My name is Regina Phalange. I'm a businesswoman in town on business. Would you like to see my card? Ooh, what did I do with my file-a-facts? I must've left it in conference room B.) (Target Turn: Speaker 3: Oh, I’m Phoebe Buffay. I’m one of Ross’s best friends.) (+1 Turn: Speaker 3: Hello. My name is Regina Phalange. I'm a businesswoman in town on business. Would you like to see my card? Ooh, what did I do with my file-a-facts? I must've left it in conference room B.)",positive,0.9,"the speaker introduces themselves as phoebe buffay, one of ross's best friends, indicating a friendly and social tone. the interaction lacks any negative or conflictual elements."
conv_880,Marjorie,Speaker 2,"(-1 Turn: Speaker 2: What harpist? My friend Marjorie is playing the steel drums.) (Target Turn: Speaker 1: I made her. Steel drums don't really say ""elegant wedding"". Nor does Marjorie's overwhelming scent.) (+1 Turn: Speaker 1: I made her. Steel drums don't really say ""elegant wedding"". Nor does Marjorie's overwhelming scent.)",negative,0.9,"the speaker uses language of criticism, disapproval, or rejection, indicating an unfavorable social bond and negative emotional attribution toward the object (marjorie)."
conv_195,Monica,Speaker 2,"(-1 Turn: Speaker 1: Okay, first I'm not crazy. And second, say it don't spray it. Anyway his name is Malcom, and he wasn't following me, I mean he was, but 'cause he thought I was Ursula, ick. And, that's why, that's why he couldn't just come up and talk to me. 'Cause of the restraining order.) (Target Turn: Speaker 1: No. But, Monica and I were talking, and-and I was so upset about the hall being knocked down, and she suggested that we put the wedding off for a bit.) (+1 Turn: Speaker 1: Okay, first I'm not crazy. And second, say it don't spray it. Anyway his name is Malcom, and he wasn't following me, I mean he was, but 'cause he thought I was Ursula, ick. And, that's why, that's why he couldn't just come up and talk to me. 'Cause of the restraining order.)",neutral,0.8,"the speaker expresses a negative emotional state (being upset) and mentions a conversation with monica, indicating a positive social bond. the speaker's emotional state is not directed at the target,"
conv_760,Speaker 3,Colin,"(-1 Turn: Speaker 1: Are we in London?) (Target Turn: Speaker 3: Ross, are you there? Ross, I don’t know if you can hear this but… I’m gonna talk anyway, uh, I’m in the States with you sister and your friends and it’s all over with Colin. I came here to tell you that, and to tell you—Yes, Joey you can have all the chocolate you want, just take it! Uh, I came here to tell you that I love you.) (+1 Turn: Speaker 3: Ross, are you there? Ross, I don’t know if you can hear this but… I’m gonna talk anyway, uh, I’m in the States with you sister and your friends and it’s all over with Colin. I came here to tell you that, and to tell you—Yes, Joey you can have all the chocolate you want, just take it! Uh, I came here to tell you that I love you.)",positive,0.95,"the speaker uses language of affection, intimacy, and vulnerability, indicating a strong positive emotional attribution toward the subject. the speaker also expresses a desire to connect with the subj"
conv_303,Joey,Speaker 2,(-1 Turn: Speaker 1: The comedian? USO?!) (Target Turn: Speaker 2: Or! I should rush through dinner with Joey and I can meet David at 9:00!) (+1 Turn: Speaker 1: The comedian? USO?!),positive,0.9,"the speaker is planning to meet david at 9:00, which implies a social engagement. the tone is casual and friendly, with no apparent conflict or negative emotions."
conv_299,Speaker 2,Pete Carney,"(-1 Turn: Speaker 2: Ok, ok, Roger was creepy, but he was nothing compared to Pete Carney.) (Target Turn: Speaker 2: Ok, ok, Roger was creepy, but he was nothing compared to Pete Carney.) (+1 Turn: Speaker 2: Ok, ok, Roger was creepy, but he was nothing compared to Pete Carney.)",negative,0.9,"the speaker uses language of comparison, specifically contrasting roger with pete carney, implying that pete carney is worse or more undesirable than roger. this implies a negative emotional attributi"
conv_470,Speaker 2,Rachel,"(-1 Turn: Speaker 1: I’m sorry, is this the same Rachel who’s name you said at the altar in the second marriage?) (Target Turn: Speaker 1: And we’ll need you and Rachel to testify before a judge.) (+1 Turn: Speaker 1: And we’ll need you and Rachel to testify before a judge.)",neutral,0.8,"the dialogue is task-oriented, logistical, or observational. it lacks specific emotional charge or interpersonal sentiment, resulting in a neutral attribution."
conv_320,Speaker 1,Mike,"(-1 Turn: Speaker 2: Look, I’m sorry but you-you-you better go Pheebs.) (Target Turn: Speaker 4: So, where's Mike?) (+1 Turn: Speaker 2: Look, I’m sorry but you-you-you better go Pheebs.)",neutral,0.8,"the dialogue is task-oriented, logistical, or observational. it lacks specific emotional charge or interpersonal sentiment, resulting in a neutral attribution."
conv_252,Chandler,Speaker 2,"(-1 Turn: Speaker 2: Oh, no, no. Not Leslie. No, she's, she's the only one that knows how to burp the alphabet.) (Target Turn: Speaker 1: Alright, so that leaves Chandler.) (+1 Turn: Speaker 1: Alright, so that leaves Chandler.)",neutral,0.8,"the speaker is addressing a specific individual, chandler, indicating a focus on a particular person. this suggests a social bond and emotional attribution, but the tone is neutral, lacking emotional"
conv_356,Gina,Joey,"(-1 Turn: Speaker 4: Are you insane? I mean Joey, is going to kill you, he's actually going to kill you dead.) (Target Turn: Speaker 4: I mean, was it Gina?) (+1 Turn: Speaker 4: I mean, was it Gina?)",neutral,0.8,"the speaker is asking a question about a specific person, gina, which implies a neutral or casual tone. the speaker is not expressing strong emotions or sentiment, and the interaction is not conflictu"
conv_305,Rachel,Ross,"(-1 Turn: Speaker 2: Y'know what this is like? This is like when my parents got divorced. Man, I hope Ross doesn't try to kidnap me after Cub Scouts.) (Target Turn: Speaker 2: Y'know what this is like? This is like when my parents got divorced. Man, I hope Ross doesn't try to kidnap me after Cub Scouts.) (+1 Turn: Speaker 2: Y'know what this is like? This is like when my parents got divorced. Man, I hope Ross doesn't try to kidnap me after Cub Scouts.)",negative,0.9,"the speaker uses a metaphor to describe their emotional state, comparing it to a past traumatic event (parents' divorce). this indicates a negative emotional attribution toward the subject (ross). the"
conv_258,Speaker 2,Missy Goldberg,"(-1 Turn: Speaker 1: You made out with Missy Goldberg. How could you do that, after you promised me?) (Target Turn: Speaker 1: You made out with Missy Goldberg. How could you do that, after you promised me?) (+1 Turn: Speaker 1: You made out with Missy Goldberg. How could you do that, after you promised me?)",negative,0.9,"the speaker uses language of betrayal, hurt, or anger, indicating a negative emotional attribution toward the target."
conv_40,Speaker 2,Pam,"(-1 Turn: Speaker 2: It’s Pam.) (Target Turn: Speaker 3: Pam! Oh God okay, just imagine this, ""The Pam."") (+1 Turn: Speaker 3: Pam! Oh God okay, just imagine this, ""The Pam."")",positive,0.9,"the speaker uses language of affection, intimacy, and familiarity, indicating a strong positive emotional attribution toward the target."
conv_332,Phoebe,Speaker 1,"(-1 Turn: Speaker 1: Thank you. Come meet my friends. This is uh, Phoebe.) (Target Turn: Speaker 1: Thank you. Come meet my friends. This is uh, Phoebe.) (+1 Turn: Speaker 1: Thank you. Come meet my friends. This is uh, Phoebe.)",positive,0.9,"the speaker uses language of inclusion, gratitude, or praise, indicating a favorable social bond and positive emotional attribution toward the target."
conv_375,Speaker 4,Joey,(-1 Turn: Speaker 4: Be-cause Ross is the father of my child! You know... and I... want him to hook up with lots of women! I just... All I'm saying is... I don't think that Joey and Charlie have anything in common.) (Target Turn: Speaker 4: Be-cause Ross is the father of my child! You know... and I... want him to hook up with lots of women! I just... All I'm saying is... I don't think that Joey and Charlie have anything in common.) (+1 Turn: Speaker 4: Be-cause Ross is the father of my child! You know... and I... want him to hook up with lots of women! I just... All I'm saying is... I don't think that Joey and Charlie have anything in common.),negative,0.9,"the speaker uses language of conflict, social rejection, or hostile intent, indicating a negative emotional attribution between the parties. the speaker is expressing a desire for ross to hook up with"
conv_151,Joey,Speaker 2,"(-1 Turn: N/A) (Target Turn: Speaker 1: You wanna fool around with Joey?) (+1 Turn: Speaker 2: Sorry- Hi, I'm Dorothy's daughter.)",positive,0.8,"the speaker's tone is playful and flirtatious, indicating a positive emotional attribution toward the target."
conv_747,Speaker 2,Rachel,"(-1 Turn: Speaker 2: Hey! You hold on pal! Now you made my friend, Rachel, cry. So now, you’re gonna go up there and apologize to her, unless you want me to call the landlord.) (Target Turn: Speaker 2: Hey! You hold on pal! Now you made my friend, Rachel, cry. So now, you’re gonna go up there and apologize to her, unless you want me to call the landlord.) (+1 Turn: Speaker 2: Hey! You hold on pal! Now you made my friend, Rachel, cry. So now, you’re gonna go up there and apologize to her, unless you want me to call the landlord.)",negative,0.9,"the speaker uses language of reprimand, warning, or threat, indicating a negative emotional attribution toward the subject. the speaker is trying to enforce a social norm or expectation, and the subje"
conv_594,Mrs. Tribbiani,Irish,"(-1 Turn: Speaker 2: Hello? Yeah, hi! Mrs. Tribbiani? Hi, this is Monica Geller. Yeah I’m just calling to say that Chandler and I uh, really hope you can make it to the wedding. Yeah, apparently a bunch of invitations that we sent weren’t delivered. Umm, I guess there was some screw up at the damn post office! T-Tell me about it! Yeah, yeah, the US Post Office? No, more like US lost office! What are they Irish?!) (Target Turn: Speaker 2: Hello? Yeah, hi! Mrs. Tribbiani? Hi, this is Monica Geller. Yeah I’m just calling to say that Chandler and I uh, really hope you can make it to the wedding. Yeah, apparently a bunch of invitations that we sent weren’t delivered. Umm, I guess there was some screw up at the damn post office! T-Tell me about it! Yeah, yeah, the US Post Office? No, more like US lost office! What are they Irish?!) (+1 Turn: Speaker 2: Hello? Yeah, hi! Mrs. Tribbiani? Hi, this is Monica Geller. Yeah I’m just calling to say that Chandler and I uh, really hope you can make it to the wedding. Yeah, apparently a bunch of invitations that we sent weren’t delivered. Umm, I guess there was some screw up at the damn post office! T-Tell me about it! Yeah, yeah, the US Post Office? No, more like US lost office! What are they Irish?!)",positive,0.9,"the speaker is making a friendly phone call to mrs. tribbiani, inviting her to a wedding. the tone is casual and playful, with a dash of humor. the speaker uses colloquial language and makes a lighthe"
conv_195,Ursula,Speaker 1,"(-1 Turn: Speaker 1: Okay, first I'm not crazy. And second, say it don't spray it. Anyway his name is Malcom, and he wasn't following me, I mean he was, but 'cause he thought I was Ursula, ick. And, that's why, that's why he couldn't just come up and talk to me. 'Cause of the restraining order.) (Target Turn: Speaker 1: Okay, first I'm not crazy. And second, say it don't spray it. Anyway his name is Malcom, and he wasn't following me, I mean he was, but 'cause he thought I was Ursula, ick. And, that's why, that's why he couldn't just come up and talk to me. 'Cause of the restraining order.) (+1 Turn: Speaker 1: Okay, first I'm not crazy. And second, say it don't spray it. Anyway his name is Malcom, and he wasn't following me, I mean he was, but 'cause he thought I was Ursula, ick. And, that's why, that's why he couldn't just come up and talk to me. 'Cause of the restraining order.)",negative,0.9,"the speaker expresses frustration, annoyance, and possibly even fear or discomfort, indicating a negative emotional attribution toward the subject (malcom). the speaker also uses language of rejection"
conv_24,Speaker 2,Barbados,(-1 Turn: Speaker 1: It's in Barbados.) (Target Turn: Speaker 1: It's in Barbados.) (+1 Turn: Speaker 1: It's in Barbados.),neutral,0.9,"the dialogue lacks specific emotional charge or interpersonal sentiment, resulting in a neutral attribution."
conv_208,Mike,Speaker 3,(-1 Turn: Speaker 2: You went out with Wallis Pincer?) (Target Turn: Speaker 3: So... now... What about with Mike's mom?) (+1 Turn: Speaker 3: So... now... What about with Mike's mom?),neutral,0.9,"the speaker uses a neutral tone and does not express any strong emotions or sentiments, indicating a neutral emotional attribution."
conv_344,Monica,Speaker 1,"(-1 Turn: N/A) (Target Turn: Speaker 1: Pheebs, can you help me pick out an engagement ring for Monica? I can’t figure this out! It’s so hard! Should I get her a Tiffany cut or a Princess cut or a—ah-ah! Paper cut!) (+1 Turn: Speaker 1: Rach! Rach!)",positive,0.9,"the speaker is seeking advice from pheebs on choosing an engagement ring for monica, indicating a positive emotional attribution toward monica. the speaker's language is uncertain and seeking guidance"
conv_870,Speaker 2,Ross,"(-1 Turn: N/A) (Target Turn: Speaker 1: You’ll never believe what just happened, Ross just totally blew me off and he didn’t even tell me why!) (+1 Turn: Speaker 1: You’ll never believe what just happened, Ross just totally blew me off and he didn’t even tell me why!)",negative,0.9,"the speaker uses language of surprise, disappointment, or frustration, indicating a negative emotional attribution toward the target. the speaker's tone is informal and conversational, suggesting a cl"
conv_275,Tag,Speaker 1,"(-1 Turn: Speaker 3: Okay, wait a minute, wait a minute, why are we so sure that this is a girl?) (Target Turn: Speaker 1: How would you feel about taking out my assistant Tag? I’ll pay.) (+1 Turn: Speaker 1: How would you feel about taking out my assistant Tag? I’ll pay.)",positive,0.8,"the speaker is asking the target about their willingness to go on a date with tag, indicating a potential romantic interest. the speaker is also offering to pay, which could be seen as a gesture of ki"
conv_793,Speaker 2,Jack,"(-1 Turn: Speaker 3: Umm, I'm sorry Judy, I couldn't find that bowl that you and Jack were looking for.) (Target Turn: Speaker 3: Umm, I'm sorry Judy, I couldn't find that bowl that you and Jack were looking for.) (+1 Turn: Speaker 3: Umm, I'm sorry Judy, I couldn't find that bowl that you and Jack were looking for.)",neutral,0.7,"the speaker uses apologetic language (""i'm sorry"") and acknowledges the target's (judy's) involvement in the search, indicating a neutral or potentially positive emotional attribution."
conv_177,Chandler,Speaker 1,"(-1 Turn: Speaker 1: And the winner is…Joey Tribbiani! Oh… Wow! I honestly never expected this. I uh, I didn’t prepare a speech. But umm, I’d like to thank my parents, who’ve always been there for me. I’d also like to thank my friends, Chandler, Monica, Phoebe, Rachel…) (Target Turn: Speaker 1: And the winner is…Joey Tribbiani! Oh… Wow! I honestly never expected this. I uh, I didn’t prepare a speech. But umm, I’d like to thank my parents, who’ve always been there for me. I’d also like to thank my friends, Chandler, Monica, Phoebe, Rachel…) (+1 Turn: Speaker 1: And the winner is…Joey Tribbiani! Oh… Wow! I honestly never expected this. I uh, I didn’t prepare a speech. But umm, I’d like to thank my parents, who’ve always been there for me. I’d also like to thank my friends, Chandler, Monica, Phoebe, Rachel…)",positive,0.95,"the speaker uses language of gratitude, praise, and humility, indicating a positive emotional attribution toward the friends mentioned. the tone is celebratory and sincere, suggesting a strong social"
conv_16,Speaker 2,Buddy,"(-1 Turn: Speaker 1: Dude! You're not taking your Bible?) (Target Turn: Speaker 1: Buddy?) (+1 Turn: Speaker 2: You know, Chappy's too small to handle all this snow. Someone's gonna have to walk him down the aisle.)",positive,0.9,"the speaker uses a term of endearment (""buddy""), indicating a friendly and informal tone, which suggests a positive emotional attribution toward the target."
conv_25,Pheebs,Ursula,"(-1 Turn: Speaker 2: Yeah, I'm gonna go back to being Street Phoebe. Yeah! Oh but, y'know what? I can't go totally back because Street Phoebe really wouldn't be friends with you guys. Sorry.) (Target Turn: Speaker 5: Your sister Ursula.) (+1 Turn: Speaker 5: Your sister Ursula.)",neutral,0.8,"the speaker mentions a family member, which can be a neutral or positive reference. however, the tone is more observational and lacks emotional charge, indicating a neutral attribution."
conv_97,Chandler Bing,Speaker 2,"(-1 Turn: N/A) (Target Turn: Speaker 1: Excuse me, I-I couldn’t help overhearing, you’re marrying Chandler Bing?) (+1 Turn: Speaker 1: Excuse me, I-I couldn’t help overhearing, you’re marrying Chandler Bing?)",neutral,0.8,"the speaker's tone is inquiring, and the language used is polite, indicating a neutral emotional attribution. the speaker is not expressing strong emotions or personal opinions, but rather seeking inf"
conv_83,Speaker 3,Rachel,"(-1 Turn: Speaker 1: ""Heckles, you crack me up in science class. You're the funniest kid in school.) (Target Turn: Speaker 1: Oh, y’know what, that might be okay even if it was just kind of a fling, that might be all right with Rachel.) (+1 Turn: Speaker 2: Funniest? Heckles?)",neutral,0.8,"the speaker is expressing a possibility of a casual relationship with rachel, which is a neutral topic. the tone is not aggressive, defensive, or emotional, indicating a neutral emotional attribution."
conv_23,Speaker 2,Ursula,"(-1 Turn: Speaker 1: Ursula?) (Target Turn: Speaker 2: Ursula’s fiancée?) (+1 Turn: Speaker 2: Emma, you even know it's your birthday today? You're one! One-year-old, that's little.)",neutral,0.8,"the speaker is asking about ursula's fiancée, which implies a neutral or observational tone, without any emotional charge or interpersonal sentiment."
conv_288,Speaker 1,Ross,"(-1 Turn: Speaker 2: Yeah, but it’s okay, because when Ross left Mark came over.) (Target Turn: Speaker 2: Yeah, but it’s okay, because when Ross left Mark came over.) (+1 Turn: Speaker 2: Well, y'know I'm 29. I mean who needs a savings account.)",positive,0.9,"the speaker uses language of acceptance, understanding, and empathy, indicating a positive emotional attribution toward the target."
conv_386,Minnie,Speaker 2,"(-1 Turn: Speaker 1: Still, you- you say Minnie, you hear Mouse. Um, how about, um.. how about Julia?) (Target Turn: Speaker 3: We agreed on Minnie.) (+1 Turn: Speaker 3: We agreed on Minnie.)",positive,0.9,"the speaker uses language of agreement, confirmation, or shared understanding, indicating a favorable social bond and positive emotional attribution toward the target."
conv_168,Speaker 2,Lennart Haze,"(-1 Turn: Speaker 1: …anyway, his name is Allan and we’ve been going out for three years. He was my first client when I became a party planner. He was planning a party for his girlfriend at the time. Oh well. And he was Theta Beta Pi at Syracuse.) (Target Turn: Speaker 1: This is Joey Tribbiani. Joey, these are the producers and, as you probably already know, this is Lennart Haze.) (+1 Turn: Speaker 1: …anyway, his name is Allan and we’ve been going out for three years. He was my first client when I became a party planner. He was planning a party for his girlfriend at the time. Oh well. And he was Theta Beta Pi at Syracuse.)",neutral,0.9,"the speaker introduces themselves and another person, lennart haze, without any emotional connotation or interpersonal sentiment. the tone is formal and professional."
conv_73,Rachel,Speaker 2,(-1 Turn: Speaker 1: Yeah that’s Rachel. Beat me over the head with it.) (Target Turn: Speaker 1: Yeah that’s Rachel. Beat me over the head with it.) (+1 Turn: Speaker 1: Yeah that’s Rachel. Beat me over the head with it.),negative,0.9,"the speaker uses language of social rejection, conflict, or hostile intent, establishing a negative emotional attribution between the parties."
conv_312,Emily,Susan,(-1 Turn: Speaker 3: You actually think that something can happen between Emily and Susan?) (Target Turn: Speaker 3: Hi! Hi! You’re crazy! Okay? This is Emily. Emily is straight.) (+1 Turn: Speaker 3: Hi! Hi! You’re crazy! Okay? This is Emily. Emily is straight.),positive,0.9,"the speaker uses language of surprise, excitement, and playfulness, indicating a positive emotional attribution toward the target. the speaker also introduces a new person, emily, which suggests a pos"
conv_91,Ross,Speaker 1,(-1 Turn: Speaker 1: Let's see if we can get that Rachel back here.) (Target Turn: Speaker 1: With Ross and Jill?) (+1 Turn: Speaker 1: With Ross and Jill?),positive,0.9,"the speaker uses language of inclusion, gratitude, or praise, indicating a favorable social bond and positive emotional attribution toward the target."
conv_509,Speaker 2,Dr. Gettleman,"(-1 Turn: Speaker 2: Dr. Gettleman? Yeah I know, I don't think that's a good idea. In fact, I think he's dead.) (Target Turn: Speaker 2: Dr. Gettleman? Yeah I know, I don't think that's a good idea. In fact, I think he's dead.) (+1 Turn: Speaker 2: Dr. Gettleman? Yeah I know, I don't think that's a good idea. In fact, I think he's dead.)",negative,0.9,"the speaker uses language of criticism, disapproval, or rejection, indicating a negative emotional attribution toward the target."
conv_582,Julie,Ross,"(-1 Turn: Speaker 2: I'm telling you, she went to the airport, and she's gonna go for it with Ross!) (Target Turn: Speaker 2: I'm telling you, she went to the airport, and she's gonna go for it with Ross!) (+1 Turn: Speaker 2: I'm telling you, she went to the airport, and she's gonna go for it with Ross!)",positive,0.9,"the speaker uses language of anticipation, excitement, or encouragement, indicating a positive emotional attribution toward the target."
conv_293,Speaker 1,Richard Burke,"(-1 Turn: Speaker 1: Okay, well, I just don't, I don't know how it works exactly. See, my name is Buffay and my husband's name is Hannigan, so is it supposed to be Buffay-Hannigan or Hannigan-Buffay?) (Target Turn: Speaker 1: It's Richard Burke.) (+1 Turn: Speaker 1: It's Richard Burke.)",neutral,0.8,"the speaker introduces a new character, richard burke, without any emotional context or sentiment. the dialogue lacks specific emotional charge or interpersonal sentiment, resulting in a neutral attri"
conv_1053,Rachel,Speaker 2,"(-1 Turn: Speaker 2: Oh, I’m actually on my way to tell her right now. Yeah, she’s been away all week visiting her parents, but she’ll be cool. I mean, she’s been so supportive. She-she even got the baby a tiny T-shirt that says, ‘Fossils are my friends.’) (Target Turn: Speaker 1: All right. Oh! Shoot! Oh shoot! Uh, Rachel wanted to see this tape!) (+1 Turn: Speaker 1: All right. Oh! Shoot! Oh shoot! Uh, Rachel wanted to see this tape!)",neutral,0.8,"the speaker's tone is uncertain, with phrases like ""oh shoot!"" and ""uh"", indicating a lack of confidence or emotional charge. the mention of rachel wanting to see a tape does not contain any emotional"
conv_176,Speaker 3,Monica,"(-1 Turn: Speaker 3: Yeah, Monica doesn't like that either, Maybe I should stop doing that.) (Target Turn: Speaker 3: Yeah, Monica doesn't like that either, Maybe I should stop doing that.) (+1 Turn: Speaker 3: Yeah, Monica doesn't like that either, Maybe I should stop doing that.)",positive,0.9,"the speaker is expressing a shared sentiment with monica, indicating a positive social bond and emotional attribution toward the target. the use of ""maybe i should stop doing that"" suggests a willingn"
conv_312,Emily,Susan,"(-1 Turn: Speaker 1: Hey, remember when I had a monkey?) (Target Turn: Speaker 1: So uh, Emily called last night…) (+1 Turn: Speaker 1: So uh, Emily called last night…)",neutral,0.8,"the speaker mentions a person (emily) in a neutral context, without any emotional charge or interpersonal sentiment. this suggests a neutral attribution."
conv_155,Speaker 5,Emily,"(-1 Turn: Speaker 1: Well, I mean if uh, if Emily gave me a choice…) (Target Turn: Speaker 1: Well, I mean if uh, if Emily gave me a choice…) (+1 Turn: Speaker 1: Well, I mean if uh, if Emily gave me a choice…)",neutral,0.7,"the speaker seems to be hesitant and uncertain, using filler words like ""uh"" and ""mean"". this could indicate a lack of confidence or uncertainty in their emotions or intentions. additionally, the ment"
conv_199,Monica,Chandler,"(-1 Turn: Speaker 3: Honey, I'm sorry, but he's right. I love you, but you're crazy.) (Target Turn: Speaker 2: Umm, okay, yeah, sure. But wh-what’s wrong with Monica and Chandler?) (+1 Turn: Speaker 2: Umm, okay, yeah, sure. But wh-what’s wrong with Monica and Chandler?)",neutral,0.8,"the speaker uses language of uncertainty, hesitation, or questioning, indicating a lack of emotional charge or interpersonal sentiment, resulting in a neutral attribution."
conv_844,Kathy,Speaker 3,(-1 Turn: N/A) (Target Turn: Speaker 1: Ooh! How was Kathy’s play?) (+1 Turn: Speaker 1: Ooh! How was Kathy’s play?),positive,0.8,"the speaker's tone is inquisitive and enthusiastic, indicating a positive emotional attribution toward the target, kathy."
conv_1060,Barbara,Speaker 3,"(-1 Turn: Speaker 3: Ah, that's OK, come on in. Um, I'm sorry, is Monica Geller coming? I was told she was.) (Target Turn: Speaker 3: Oh, well obviously you know Barbara and I split up, otherwise you wouldn't have done the head tilt.) (+1 Turn: Speaker 3: Oh, well obviously you know Barbara and I split up, otherwise you wouldn't have done the head tilt.)",negative,0.8,"the speaker uses a subtle hint of sarcasm (""otherwise you wouldn't have done the head tilt"") and a tone of resignation (""oh, well"") to convey a sense of disappointment or frustration. the speaker also"
conv_81,Speaker 1,Knick,"(-1 Turn: Speaker 1: Hello? Oh, hi Wendy! Yeah, eight o'clock. What did we say? Ten dollars an hour?... OK, great. All right, I'll see you then. Bye.) (Target Turn: Speaker 2: Knick fan?) (+1 Turn: Speaker 2: Knick fan?)",neutral,0.8,"the dialogue is task-oriented, logistical, or observational. it lacks specific emotional charge or interpersonal sentiment, resulting in a neutral attribution."
conv_157,Maureen,Speaker 1,"(-1 Turn: N/A) (Target Turn: Speaker 1: Hey Maureen! Gosh! Hey uh, Chandler? This is my cousin Maureen.) (+1 Turn: Speaker 1: Hey Maureen! Gosh! Hey uh, Chandler? This is my cousin Maureen.)",positive,0.9,"the speaker uses language of introduction, greeting, and familial connection, indicating a positive social bond and positive emotional attribution toward the target."
conv_938,Speaker 1,Irene,(-1 Turn: Speaker 1: I heard it from my friend Irene who heard it from some guy!) (Target Turn: Speaker 1: I heard it from my friend Irene who heard it from some guy!) (+1 Turn: Speaker 1: I heard it from my friend Irene who heard it from some guy!),neutral,0.9,"the speaker is sharing information they heard from a friend, which is a neutral and factual statement. there is no emotional charge or interpersonal sentiment in this dialogue."
conv_101,Speaker 2,chick,"(-1 Turn: Speaker 2: Noo-no-no, no, those are nicknames. I’m the chick and Chandler is the duck.) (Target Turn: Speaker 2: Noo-no-no, no, those are nicknames. I’m the chick and Chandler is the duck.) (+1 Turn: Speaker 2: Noo-no-no, no, those are nicknames. I’m the chick and Chandler is the duck.)",positive,0.9,"the speaker uses playful and affectionate language, indicating a friendly and lighthearted tone. the use of nicknames (""chick"" and ""duck"") suggests a close and familiar relationship between the speake"
conv_666,Speaker 2,Emily,"(-1 Turn: N/A) (Target Turn: Speaker 1: Ohh, here you are. I was looking for you before. Joshua’s gone so you and Emily are free to go.) (+1 Turn: Speaker 1: Ohh, here you are. I was looking for you before. Joshua’s gone so you and Emily are free to go.)",positive,0.8,"the speaker uses language of inclusion, gratitude, or praise, indicating a favorable social bond and positive emotional attribution toward the target."
conv_576,Monica,Speaker 1,"(-1 Turn: Speaker 1: Uh-huh. Hey, here you go buddy. Sorry, no porn for you. Okay, let’s go see Monica!) (Target Turn: Speaker 1: Uh-huh. Hey, here you go buddy. Sorry, no porn for you. Okay, let’s go see Monica!) (+1 Turn: Speaker 1: Uh-huh. Hey, here you go buddy. Sorry, no porn for you. Okay, let’s go see Monica!)",negative,0.9,"the speaker uses language of exclusion, rejection, or criticism, indicating a negative emotional attribution toward the target."
conv_91,Ross,Speaker 1,"(-1 Turn: Speaker 1: Oh my God! I can not believe that! I mean I don’t really like it when Ross goes out with anyone, but my sister isn’t that like incest or something?! Oh my God, and they’re gonna have sex! Oh! Oh no what if he marries her too?! Oh this is just terrible, this is just terrible. And I can’t stop it! I can’t—I don’t own Ross! Y’know? And Jill, she should be able to do whatever it is that she wants to do! And oh my God, I can’t believe Ross is marrying my little sister, this terrible. Oh my God, this is just the worst thing that could have ever happened to me.) (Target Turn: Speaker 1: Oh my God! I can not believe that! I mean I don’t really like it when Ross goes out with anyone, but my sister isn’t that like incest or something?! Oh my God, and they’re gonna have sex! Oh! Oh no what if he marries her too?! Oh this is just terrible, this is just terrible. And I can’t stop it! I can’t—I don’t own Ross! Y’know? And Jill, she should be able to do whatever it is that she wants to do! And oh my God, I can’t believe Ross is marrying my little sister, this terrible. Oh my God, this is just the worst thing that could have ever happened to me.) (+1 Turn: Speaker 1: Oh my God! I can not believe that! I mean I don’t really like it when Ross goes out with anyone, but my sister isn’t that like incest or something?! Oh my God, and they’re gonna have sex! Oh! Oh no what if he marries her too?! Oh this is just terrible, this is just terrible. And I can’t stop it! I can’t—I don’t own Ross! Y’know? And Jill, she should be able to do whatever it is that she wants to do! And oh my God, I can’t believe Ross is marrying my little sister, this terrible. Oh my God, this is just the worst thing that could have ever happened to me.)",negative,0.9,"the speaker expresses strong negative emotions, such as shock, disgust, and despair, towards the situation. the use of phrases like ""oh my god"", ""this is just terrible"", and ""the worst thing that coul"
conv_1040,Kathy,Joey,"(-1 Turn: Speaker 1: Phebes, it was your birthday, like, months ago.) (Target Turn: Speaker 1: Actually, this is for Kathy's birthday. It's an early edition of her favorite book.) (+1 Turn: Speaker 1: Actually, this is for Kathy's birthday. It's an early edition of her favorite book.)",positive,0.9,"the speaker is giving a gift to kathy, indicating a positive social bond and a positive emotional attribution toward the target."
conv_83,Rachel,Speaker 1,"(-1 Turn: Speaker 1: Well, at least she had the chance to leave a man at the altar...) (Target Turn: Speaker 1: See my friend-my friend, Rachel, she wants to be set up.) (+1 Turn: Speaker 1: See my friend-my friend, Rachel, she wants to be set up.)",positive,0.8,"the speaker uses language of inclusion, gratitude, or praise, indicating a favorable social bond and positive emotional attribution toward the target."
conv_197,Richard,Speaker 2,"(-1 Turn: N/A) (Target Turn: Speaker 2: Okay, you can not tell Chandler. Okay? That I ran into Richard.) (+1 Turn: Speaker 2: Okay, you can not tell Chandler. Okay? That I ran into Richard.)",positive,0.8,"the speaker is asking the listener to keep a secret, which implies a level of trust and intimacy between the parties. the speaker is also asking the listener to keep the information from chandler, whi"
conv_325,Speaker 2,Phoebe,"(-1 Turn: Speaker 3: My God, Rachel, I can’t believe Phoebe made out with Ralph Lauren. Ohh, I’m so jealous.) (Target Turn: Speaker 3: My God, Rachel, I can’t believe Phoebe made out with Ralph Lauren. Ohh, I’m so jealous.) (+1 Turn: Speaker 3: My God, Rachel, I can’t believe Phoebe made out with Ralph Lauren. Ohh, I’m so jealous.)",negative,0.9,"the speaker uses language of jealousy, envy, or surprise, indicating a negative emotional attribution toward the target. the speaker's tone is also critical, implying a negative social bond."
conv_233,Chandler,Monica,"(-1 Turn: Speaker 1: I’d like to propose a toast. To Monica and Chandler, the greatest couple in the world. And my best friends. Now, my when I first found out they were getting married I was, I was a little angry. I was like, ""Why God? Why? How can you take them away from me?!"" But then I thought back over all our memories together, some happy memories. And-and there was some sad memories. I’m sorry. And-and some scared memories—Whoa! Eh? And then, and then I realized I’ll always be their friend, their friend who can speak in many dialects and has training in stage combat and is willing to do partial nudity. Oh! To the happy couple!) (Target Turn: Speaker 1: I’d like to propose a toast. To Monica and Chandler, the greatest couple in the world. And my best friends. Now, my when I first found out they were getting married I was, I was a little angry. I was like, ""Why God? Why? How can you take them away from me?!"" But then I thought back over all our memories together, some happy memories. And-and there was some sad memories. I’m sorry. And-and some scared memories—Whoa! Eh? And then, and then I realized I’ll always be their friend, their friend who can speak in many dialects and has training in stage combat and is willing to do partial nudity. Oh! To the happy couple!) (+1 Turn: Speaker 1: I’d like to propose a toast. To Monica and Chandler, the greatest couple in the world. And my best friends. Now, my when I first found out they were getting married I was, I was a little angry. I was like, ""Why God? Why? How can you take them away from me?!"" But then I thought back over all our memories together, some happy memories. And-and there was some sad memories. I’m sorry. And-and some scared memories—Whoa! Eh? And then, and then I realized I’ll always be their friend, their friend who can speak in many dialects and has training in stage combat and is willing to do partial nudity. Oh! To the happy couple!)",positive,0.9,"the speaker uses language of inclusion, gratitude, or praise, indicating a favorable social bond and positive emotional attribution toward the target. the speaker also acknowledges their initial anger"
conv_285,Speaker 2,Frank Buffay,"(-1 Turn: Speaker 1: Oh, it's fine. Actually, I, I invited Mike over.) (Target Turn: Speaker 2: Umm, okay, okay, look. I took this picture from your fridge. Okay, because I know that this is my Father. Yeah, this is Frank Buffay and you are standing right there next to him. Now, look I deserve to know where I came from. All right? So if you can help me find my Father then you should! Otherwise, you’re just mean! So, just tell me the truth!) (+1 Turn: Speaker 2: Phoebe's Mike?)",neutral,0.7,"the speaker is expressing a desire for truth and connection, using emotional language to appeal to the subject's empathy. the speaker's tone is accusatory, but the request is framed as a plea for help"
conv_645,Emma,Jill,(-1 Turn: N/A) (Target Turn: Speaker 1: Oh Emma. This is going to be your first Thanksgiving. What are you thankful for? Mommy's bobbies.) (+1 Turn: Speaker 1: Oh Emma. This is going to be your first Thanksgiving. What are you thankful for? Mommy's bobbies.),positive,0.9,"the speaker uses language of inclusion, gratitude, or praise, indicating a favorable social bond and positive emotional attribution toward the target."
conv_616,Carol,Speaker 1,"(-1 Turn: Speaker 2: I didn’t know you and Carol were getting divorced, I’m sorry.) (Target Turn: Speaker 2: I didn’t know you and Carol were getting divorced, I’m sorry.) (+1 Turn: Speaker 2: I didn’t know you and Carol were getting divorced, I’m sorry.)",positive,0.9,"the speaker uses language of condolence, apology, or empathy, indicating a favorable social bond and positive emotional attribution toward the target."
conv_336,Chandler,Speaker 1,"(-1 Turn: Speaker 1: I guess you have forgotten all about Joey?) (Target Turn: Speaker 2: Yeah, well, I guess I have forgotten about Joey and clearly you've forgotten about Chandler!) (+1 Turn: Speaker 2: Yeah, well, I guess I have forgotten about Joey and clearly you've forgotten about Chandler!)",negative,0.8,"the speaker uses a sarcastic tone and implies that chandler has been forgotten, which is a negative sentiment. the speaker also uses a dismissive phrase ""yeah, well"" which further reinforces the negat"
conv_788,Joey,Rachel,"(-1 Turn: Speaker 1: Honey, I don’t think that’s something we need to worry about! First of all he’s-he’s never gonna tell her how he feels about her. And even if he did you have no idea how she’d react.) (Target Turn: Speaker 2: Sure, because women never like Joey. Y’know, I think he’s a virgin.) (+1 Turn: Speaker 2: Sure, because women never like Joey. Y’know, I think he’s a virgin.)",negative,0.9,"the speaker uses language of exclusion, criticism, or ridicule, indicating an unfavorable social bond and negative emotional attribution toward the target."
conv_30,Speaker 1,Mona,"(-1 Turn: Speaker 1: I know, but I’m a neurologist. And just to be on the safe side, Dr. Wells wanted a more comprehensive overview of you status so he sent me.) (Target Turn: Speaker 1: Uh…Mona just dumped me.) (+1 Turn: Speaker 1: I know, but I’m a neurologist. And just to be on the safe side, Dr. Wells wanted a more comprehensive overview of you status so he sent me.)",negative,0.9,"the speaker uses language of social rejection, conflict, or negative sentiment, indicating a negative emotional attribution toward the subject."
conv_717,Speaker 1,Joey,"(-1 Turn: Speaker 2: Soon! I-I just couldn’t before. You saw how upset Joey got! I couldn’t do that to her, she’s my best friend!) (Target Turn: Speaker 1: Well, Joey’s my best friend.) (+1 Turn: Speaker 1: Well, Joey’s my best friend.)",positive,0.9,"the speaker uses language of affection, closeness, or familiarity, indicating a positive social bond and positive emotional attribution toward the target."
conv_188,Speaker 1,Mary-Angela,"(-1 Turn: Speaker 4: Good, good, I'm a lawyer now.) (Target Turn: Speaker 2: Mary-Angela.) (+1 Turn: Speaker 4: Good, good, I'm a lawyer now.)",positive,0.8,"the speaker uses a name, which is a common way to establish a social bond and positive emotional attribution."
conv_130,Speaker 2,Monica,"(-1 Turn: Speaker 2: Yes. When Monica and I were in London, we were both in London.) (Target Turn: Speaker 2: Yes. When Monica and I were in London, we were both in London.) (+1 Turn: Speaker 2: Yes. When Monica and I were in London, we were both in London.)",neutral,0.8,"the dialogue is task-oriented, logistical, or observational. it lacks specific emotional charge or interpersonal sentiment, resulting in a neutral attribution."
conv_197,Speaker 1,monkey,"(-1 Turn: Speaker 1: That is so weird! I had a dream that you'd have lunch with Richard.) (Target Turn: Speaker 2: I'm telling you, that monkey is a chick magnet! She's going to take one look at his furry, cute little face and it'll seal the deal.) (+1 Turn: Speaker 2: I'm telling you, that monkey is a chick magnet! She's going to take one look at his furry, cute little face and it'll seal the deal.)",positive,0.9,"the speaker uses a playful and lighthearted tone, making a humorous comment about the monkey's attractiveness. this suggests a positive emotional attribution between the speaker and the subject (the m"
conv_295,Phoebe,Pottery Barn,"(-1 Turn: Speaker 2: Uh, yeah! I still can’t believe she hates Pottery Barn!) (Target Turn: Speaker 2: Yeah but Pottery Barn! Y’know what I think? It’s just she-she’s weird. Y’know it’s because she’s a twin. Twins are weird.) (+1 Turn: Speaker 2: Yeah but Pottery Barn! Y’know what I think? It’s just she-she’s weird. Y’know it’s because she’s a twin. Twins are weird.)",negative,0.9,"the speaker uses language of social rejection, labeling the target as ""weird"", indicating a negative emotional attribution."
conv_73,Rachel,Ross,(-1 Turn: Speaker 2: I know. I know. And she’s not only my friend; she’s my pregnant friend! She’s my pregnant friend who’s Ross’ ex!) (Target Turn: Speaker 2: I know. I know. And she’s not only my friend; she’s my pregnant friend! She’s my pregnant friend who’s Ross’ ex!) (+1 Turn: Speaker 2: I know. I know. And she’s not only my friend; she’s my pregnant friend! She’s my pregnant friend who’s Ross’ ex!),positive,0.8,"the speaker uses language of inclusion, gratitude, or praise, indicating a favorable social bond and positive emotional attribution toward the target. the speaker is emphasizing the importance of the"
conv_143,Pete,Speaker 5,"(-1 Turn: Speaker 1: Hey Joey, hi! I’m Ray; I’m the producer of the show.) (Target Turn: Speaker 1: Pete Becker is circling the ring now. It looks like, he’s just trying to feel him out. Oh, Bruiser is just...) (+1 Turn: Speaker 1: Pete Becker is circling the ring now. It looks like, he’s just trying to feel him out. Oh, Bruiser is just...)",neutral,0.9,"the speaker is discussing a boxing match, using neutral language to describe the actions of the fighters. the tone is observational, without any emotional charge or interpersonal sentiment."
conv_656,Phoebe,Speaker 1,"(-1 Turn: Speaker 2: This is Monica! I'm Phoebe's friend. Listen, Phoebe is back with David and he's going to propose to her, and she is going to say ""yes"" but I know she really wants to be with you!) (Target Turn: Speaker 2: This is Monica! I'm Phoebe's friend. Listen, Phoebe is back with David and he's going to propose to her, and she is going to say ""yes"" but I know she really wants to be with you!) (+1 Turn: Speaker 2: This is Monica! I'm Phoebe's friend. Listen, Phoebe is back with David and he's going to propose to her, and she is going to say ""yes"" but I know she really wants to be with you!)",positive,0.9,"the speaker is sharing confidential information about phoebe's relationship with david, indicating a level of trust and intimacy between the speaker and phoebe. the speaker is also expressing a desire"
conv_224,Speaker 5,Janice,"(-1 Turn: Speaker 2: Well, well, well, look what mommy found!!) (Target Turn: Speaker 4: Yeah, but Janice? That-that was like the worst breakup in history!) (+1 Turn: Speaker 4: Yeah, but Janice? That-that was like the worst breakup in history!)",negative,0.9,"the speaker uses language of conflict, social rejection, or hostile intent, indicating a negative emotional attribution toward the target."
conv_326,Sting,Speaker 2,"(-1 Turn: Speaker 1: Mrs. Bing, this tile cleaner is incredible! Where’d you get it?) (Target Turn: Speaker 1: You’re gonna love me so much. I got Sting tickets!!) (+1 Turn: Speaker 1: You’re gonna love me so much. I got Sting tickets!!)",positive,0.9,"the speaker uses language of excitement, enthusiasm, and anticipation, indicating a positive emotional attribution toward the target."
conv_299,Pete Carney,Speaker 2,(-1 Turn: Speaker 1: Which one was Pete Carney?) (Target Turn: Speaker 1: Which one was Pete Carney?) (+1 Turn: Speaker 1: Which one was Pete Carney?),neutral,0.8,"the dialogue is task-oriented, logistical, or observational. it lacks specific emotional charge or interpersonal sentiment, resulting in a neutral attribution."
conv_129,Ross,Speaker 2,"(-1 Turn: Speaker 3: Well check it out, I was with this really hot girl who just moved in right across the street!) (Target Turn: Speaker 1: I don't believe this. Is this how this relationship's gonna work? Ross equals boss. I mean, c'mon what is this, 1922?) (+1 Turn: Speaker 1: I don't believe this. Is this how this relationship's gonna work? Ross equals boss. I mean, c'mon what is this, 1922?)",negative,0.9,"the speaker expresses frustration, incredulity, and a sense of being treated unfairly, indicating a negative emotional attribution toward the target. the use of rhetorical questions and the phrase ""c'"
conv_793,Speaker 3,Jack,"(-1 Turn: Speaker 3: Umm, I'm sorry Judy, I couldn't find that bowl that you and Jack were looking for.) (Target Turn: Speaker 3: Umm, I'm sorry Judy, I couldn't find that bowl that you and Jack were looking for.) (+1 Turn: Speaker 3: Umm, I'm sorry Judy, I couldn't find that bowl that you and Jack were looking for.)",neutral,0.8,"the speaker uses a polite tone and apologizes for not finding the bowl, indicating a neutral or apologetic emotional attribution toward the target."
conv_831,Rachel,Speaker 2,"(-1 Turn: N/A) (Target Turn: Speaker 1: No, no, no. You actually did that when you were dancing to the Chicago-soundtrack. Look, Ross, about, about Rachel and I. Listen, you don't have to worry about that, okay? Because nothing is gonna happen.) (+1 Turn: Speaker 1: No, no, no. You actually did that when you were dancing to the Chicago-soundtrack. Look, Ross, about, about Rachel and I. Listen, you don't have to worry about that, okay? Because nothing is gonna happen.)",negative,0.8,"the speaker uses language of reassurance, calming, and exclusion, indicating a negative emotional attribution toward the target. the speaker is trying to downplay the situation and avoid conflict."
conv_368,Speaker 1,David,(-1 Turn: N/A) (Target Turn: Speaker 1: I'm... I'm just... I'm the worst person ever. How can I not tell David that I'm seeing Mike?) (+1 Turn: Speaker 1: I'm... I'm just... I'm the worst person ever. How can I not tell David that I'm seeing Mike?),negative,0.95,"the speaker expresses self-criticism, shame, and regret, indicating a negative emotional attribution toward themselves. the speaker's self-deprecation and admission of wrongdoing suggest a strong nega"
conv_107,Speaker 1,Ursula,"(-1 Turn: Speaker 2: No, no, it's not your fault. You know it's partly my fault, 'cause I made you quit cold turkey. Sorry, no. Okay, well, I mean, I can't date you anymore, 'cause your, you know Wow! But um, but I will definitely, definitely help you get over my sister. Okay, stalk me for a while. Huh? Yeah, and, and, and, I'll be like an Ursula patch.) (Target Turn: Speaker 2: No, no, it's not your fault. You know it's partly my fault, 'cause I made you quit cold turkey. Sorry, no. Okay, well, I mean, I can't date you anymore, 'cause your, you know Wow! But um, but I will definitely, definitely help you get over my sister. Okay, stalk me for a while. Huh? Yeah, and, and, and, I'll be like an Ursula patch.) (+1 Turn: Speaker 2: No, no, it's not your fault. You know it's partly my fault, 'cause I made you quit cold turkey. Sorry, no. Okay, well, I mean, I can't date you anymore, 'cause your, you know Wow! But um, but I will definitely, definitely help you get over my sister. Okay, stalk me for a while. Huh? Yeah, and, and, and, I'll be like an Ursula patch.)",negative,0.8,"the speaker uses language of self-blame, apology, and rejection, indicating a negative emotional attribution toward the subject. the speaker also uses language of inclusion, gratitude, and praise, ind"
conv_506,Emily,Speaker 1,"(-1 Turn: Speaker 1: So I asked Emily if she would come to New York, and she said yes.) (Target Turn: Speaker 1: So I asked Emily if she would come to New York, and she said yes.) (+1 Turn: Speaker 1: No-no-no! Only if I promise never to see Rachel again.)",positive,0.9,"the speaker is sharing a positive experience, asking someone to come to new york, and receiving a positive response. this indicates a positive emotional attribution between the parties."
conv_353,Speaker 2,Tim,"(-1 Turn: Speaker 3: Well, I’m from California.) (Target Turn: Speaker 1: He is sweet. He’s too sweet. He calls me all the time. ""So did-did you get home from work okay?"" ""Did-did you get out of the shower okay?"") (+1 Turn: Speaker 1: He is sweet. He’s too sweet. He calls me all the time. ""So did-did you get home from work okay?"" ""Did-did you get out of the shower okay?"")",negative,0.9,"the speaker uses language of excessive concern, over-attentiveness, or possessiveness, indicating a negative emotional attribution toward the target."
conv_947,Phyllis,Monica,(-1 Turn: Speaker 1: Where's Monica?) (Target Turn: Speaker 2: Monica's crying. She's very upset about this whole Clunkers thing.) (+1 Turn: Speaker 2: Monica's crying. She's very upset about this whole Clunkers thing.),negative,0.9,"the speaker mentions monica's emotional state, indicating a negative emotional attribution toward the subject (monica). the context of the conversation is likely a conflict or disagreement, further su"
conv_265,Danny,Speaker 3,(-1 Turn: Speaker 1: Please! We did not fog Danny! Who's Danny?) (Target Turn: Speaker 1: Please! We did not fog Danny! Who's Danny?) (+1 Turn: Speaker 1: Please! We did not fog Danny! Who's Danny?),negative,0.8,"the speaker is pleading and denying responsibility, indicating a sense of urgency and possibly even desperation. this could be a sign of a negative emotional attribution between the parties."
conv_622,Speaker 2,G.Stephanopoulos,"(-1 Turn: Speaker 1: Wait, you're not 'G.Stephanopoulos?' Man, my dad's gonna kill me!) (Target Turn: Speaker 3: Wait! Did you say 'G.Stephanopoulos?') (+1 Turn: Speaker 3: Wait! Did you say 'G.Stephanopoulos?')",neutral,0.8,"the speaker's tone is inquisitive and slightly surprised, indicating a neutral emotional attribution."
conv_751,Speaker 2,Rachel,"(-1 Turn: Speaker 1: Did you um—I’m sorry, did you just say it’s Rachel?) (Target Turn: Speaker 1: Did you um—I’m sorry, did you just say it’s Rachel?) (+1 Turn: Speaker 1: Did you um—I’m sorry, did you just say it’s Rachel?)",neutral,0.8,"the speaker is asking a question, seeking clarification, and apologizing for potential misunderstanding. this indicates a neutral or friendly tone, with no apparent conflict or negative sentiment."
conv_309,Ross,Speaker 3,"(-1 Turn: Speaker 3: Not until you said it. Somebody switch! Wait a minute... Ross and Charlie, Joey and Rachel, Phoebe and Mike! We're the only people leaving with the same person we came with.) (Target Turn: Speaker 3: Not until you said it. Somebody switch! Wait a minute... Ross and Charlie, Joey and Rachel, Phoebe and Mike! We're the only people leaving with the same person we came with.) (+1 Turn: Speaker 3: Not until you said it. Somebody switch! Wait a minute... Ross and Charlie, Joey and Rachel, Phoebe and Mike! We're the only people leaving with the same person we came with.)",positive,0.9,"the speaker is listing the couples who are leaving with the same person they came with, indicating a sense of unity, togetherness, and possibly even romantic love. this suggests a positive emotional a"
conv_844,Alec Baldwin,Kim Basinger,"(-1 Turn: Speaker 4: Chandler, look they’re actors. They’re there to do a job, just ‘cause they work together, doesn’t mean they’re gonna get together. I mean just ‘cause it happened with Susan Sarandon and Tim Robbins, it doesn’t mean it’s gonna happen with them.) (Target Turn: Speaker 2: Oh-oh, Alec Baldwin and Kim Basinger.) (+1 Turn: Speaker 2: Oh-oh, Alec Baldwin and Kim Basinger.)",neutral,0.9,"the sentence appears to be a statement about a celebrity couple, alec baldwin and kim basinger. the tone is neutral, as it is simply a factual statement about the couple's existence."
conv_266,Rachel,Joey,"(-1 Turn: Speaker 3: Okay. I’m gonna be the mom that makes the world’s best chocolate chip cookies.) (Target Turn: Speaker 1: Probably? Yeah, I don't like that word. Kind of what ‘probably’ really means. Yeah, uh-huh. Yeah, oh, ""Your mom probably won't kill herself,"" y’know? I'm sorry, but I'm not hanging all my hopes of Rachel and I living together on-on ""Probably!"" Y’know? You gotta take care of yourselves! In this world history teaches us nothing!) (+1 Turn: Speaker 3: Okay. I’m gonna be the mom that makes the world’s best chocolate chip cookies.)",negative,0.8,"the speaker expresses frustration, disappointment, and skepticism towards the word ""probably"", indicating a negative emotional attribution towards the object (the word ""probably""). the speaker also ex"
conv_36,Speaker 2,Estelle,"(-1 Turn: Speaker 1: Hey Rach.) (Target Turn: Speaker 2: Yeah, I just… I just feel bad about firing Estelle. This is got to be killing her.) (+1 Turn: Speaker 2: Yeah, I just… I just feel bad about firing Estelle. This is got to be killing her.)",positive,0.9,"the speaker expresses empathy and concern for estelle, indicating a positive emotional attribution toward the target. the use of ""i just feel bad"" and ""this is got to be killing her"" suggests a sense"
conv_356,Dina,Joey,"(-1 Turn: Speaker 5: Which one is Gina?) (Target Turn: Speaker 4: No, no, no, that's Dina.) (+1 Turn: Speaker 4: No, no, no, that's Dina.)",neutral,0.9,"the speaker is referring to a person, dina, and the tone is neutral, without any emotional charge or interpersonal sentiment."
conv_108,Phoebe,Rachel,"(-1 Turn: Speaker 1: Okay, okay-okay, ah, Chloe works with that guy Issac. Issac’s sister is Jasmine. And Jasmine works at that massage place with Phoebe. And Phoebe’s friends with Rachel. And that’s the trail, I did it!) (Target Turn: Speaker 1: Okay, okay-okay, ah, Chloe works with that guy Issac. Issac’s sister is Jasmine. And Jasmine works at that massage place with Phoebe. And Phoebe’s friends with Rachel. And that’s the trail, I did it!) (+1 Turn: Speaker 1: Okay, okay-okay, ah, Chloe works with that guy Issac. Issac’s sister is Jasmine. And Jasmine works at that massage place with Phoebe. And Phoebe’s friends with Rachel. And that’s the trail, I did it!)",neutral,0.9,"the dialogue is task-oriented, logistical, or observational. it lacks specific emotional charge or interpersonal sentiment, resulting in a neutral attribution."
conv_125,Speaker 2,Emily,"(-1 Turn: Speaker 1: What is he doing? What, Emily, thinks Ross's furniture has got Rachel coodies?) (Target Turn: Speaker 1: No! Everything's gettin' all messed up, y'know? Emily won't let Ross see Rachel, we're not gonna stop seeing Rachel, hence Ross stops seeing us!) (+1 Turn: Speaker 1: No! Everything's gettin' all messed up, y'know? Emily won't let Ross see Rachel, we're not gonna stop seeing Rachel, hence Ross stops seeing us!)",negative,0.9,"the interaction contains elements of conflict, social rejection, or hostile intent, establishing a negative emotional attribution between the parties. the speaker expresses frustration and disappointm"
conv_245,Kip,Speaker 1,"(-1 Turn: Speaker 2: Aw, I know all about Kip!) (Target Turn: Speaker 2: Well, let me ask you something, was Kip a better roommate than me?) (+1 Turn: Speaker 2: Well, let me ask you something, was Kip a better roommate than me?)",neutral,0.8,"the speaker is asking a question about a roommate, which implies a neutral or observational tone. the use of ""better"" implies a comparison, but the context is not emotional or personal, rather logisti"
conv_58,Ben,Carol,(-1 Turn: Speaker 2: Ah! Okay so that would make me Susan.) (Target Turn: Speaker 1: Right. Are you looking for Jack’s parents to discuss the problems he’s having with Ben? Yeah. Because I really do think the parents should sit down and have a conversation.) (+1 Turn: Speaker 1: Right. Are you looking for Jack’s parents to discuss the problems he’s having with Ben? Yeah. Because I really do think the parents should sit down and have a conversation.),neutral,0.8,"the speaker is suggesting a conversation between jack's parents and ben, indicating a neutral or potentially positive emotional attribution toward ben. the tone is professional and task-oriented, lack"
conv_936,Speaker 2,Chandler,"(-1 Turn: Speaker 1: Please, what about you and Chandler?) (Target Turn: Speaker 1: Please, what about you and Chandler?) (+1 Turn: Speaker 1: Please, what about you and Chandler?)",neutral,0.8,"the interaction is a request for information, which lacks specific emotional charge or interpersonal sentiment. the mention of chandler, a character with a complex and often humorous relationship with"
conv_793,Judy,Jack,"(-1 Turn: Speaker 3: Umm, I'm sorry Judy, I couldn't find that bowl that you and Jack were looking for.) (Target Turn: Speaker 3: Umm, I'm sorry Judy, I couldn't find that bowl that you and Jack were looking for.) (+1 Turn: Speaker 3: Umm, I'm sorry Judy, I couldn't find that bowl that you and Jack were looking for.)",positive,0.9,"the speaker is apologizing for not finding something, which is a polite and courteous action. this indicates a positive emotional attribution towards the subject (judy and jack)."
conv_892,Joseph,Brittany,"(-1 Turn: Speaker 1: Well, see when you're acting you need to think about stuff like that. My character, Joseph the processor guy, has two little girls, Ashley and Brittany. Ashley copies everything Brittany does.) (Target Turn: Speaker 1: Well, see when you're acting you need to think about stuff like that. My character, Joseph the processor guy, has two little girls, Ashley and Brittany. Ashley copies everything Brittany does.) (+1 Turn: Speaker 1: Well, see when you're acting you need to think about stuff like that. My character, Joseph the processor guy, has two little girls, Ashley and Brittany. Ashley copies everything Brittany does.)",neutral,0.8,"the speaker is discussing a character's family, indicating a neutral emotional attribution toward the target."
conv_413,Speaker 4,Alan,"(-1 Turn: Speaker 2: He was unbelievable. He was like that-that-that Bugs Bunny cartoon where Bugs is playing all the positions, right, but instead of Bugs it was first base-Alan, second base-Alan, third base-...) (Target Turn: Speaker 2: He was unbelievable. He was like that-that-that Bugs Bunny cartoon where Bugs is playing all the positions, right, but instead of Bugs it was first base-Alan, second base-Alan, third base-...) (+1 Turn: Speaker 2: He was unbelievable. He was like that-that-that Bugs Bunny cartoon where Bugs is playing all the positions, right, but instead of Bugs it was first base-Alan, second base-Alan, third base-...)",positive,0.9,"the speaker uses language of admiration, praise, or astonishment, indicating a positive emotional attribution toward the target."
conv_89,Speaker 1,Mindy,"(-1 Turn: Speaker 2: Barry who I almost.) (Target Turn: Speaker 1: And Mindy, your maid of...?) (+1 Turn: Speaker 1: And Mindy, your maid of...?)",positive,0.9,"the speaker is addressing mindy as the bride, indicating a positive social bond and a celebratory tone. the use of the term ""maid of honor"" implies a close relationship and a sense of importance."
conv_117,Joey,Speaker 1,(-1 Turn: Speaker 1: I don’t know! Joey hasn’t had this much trouble getting out words since we saw him in Macbeth!) (Target Turn: Speaker 1: I don’t know! Joey hasn’t had this much trouble getting out words since we saw him in Macbeth!) (+1 Turn: Speaker 1: I don’t know! Joey hasn’t had this much trouble getting out words since we saw him in Macbeth!),negative,0.8,"the speaker's tone is sarcastic, implying frustration or annoyance towards joey, who is struggling to speak. the reference to macbeth adds a layer of humor, but the overall sentiment is negative."
conv_78,Speaker 2,Duncan,"(-1 Turn: Speaker 1: That's right my friend. It's time for...) (Target Turn: Speaker 3: I can't believe you married Duncan. I mean how could you not tell me? We lived together, we told each other everything.) (+1 Turn: Speaker 3: I can't believe you married Duncan. I mean how could you not tell me? We lived together, we told each other everything.)",negative,0.95,"the interaction contains elements of conflict, social rejection, or hostile intent, establishing a negative emotional attribution between the parties. the speaker expresses shock, disbelief, and hurt,"
conv_91,Ross,Speaker 1,(-1 Turn: Speaker 1: Let's see if we can get that Rachel back here.) (Target Turn: Speaker 1: With Ross and Jill?) (+1 Turn: Speaker 1: With Ross and Jill?),positive,0.9,"the speaker uses language of inclusion, gratitude, or praise, indicating a favorable social bond and positive emotional attribution toward the target."
conv_294,Denise,Speaker 2,"(-1 Turn: Speaker 5: Come on, Pheebs lay off him.) (Target Turn: Speaker 2: Yes, Denise. Denise!) (+1 Turn: Speaker 2: Yes, Denise. Denise!)",positive,0.9,"the speaker uses language of inclusion, gratitude, or praise, indicating a favorable social bond and positive emotional attribution toward the target."
conv_82,Speaker 1,Joey,"(-1 Turn: Speaker 4: Nora!) (Target Turn: Speaker 1: Did you get all this stuff for Joey to try and drive me out of the apartment? Honey, if you wanted to do that, you might as well just gotten him a fish, you know how fish freaked me out!) (+1 Turn: Speaker 1: Did you get all this stuff for Joey to try and drive me out of the apartment? Honey, if you wanted to do that, you might as well just gotten him a fish, you know how fish freaked me out!)",negative,0.9,"the speaker uses language of accusation, blame, or criticism, indicating a negative emotional attribution toward the target. the speaker also uses a tone of frustration and annoyance, further supporti"
conv_1041,Speaker 1,cat,"(-1 Turn: Speaker 3: You bought Shawn Cassidy!) (Target Turn: Speaker 1: It's a, it's a cat!) (+1 Turn: Speaker 1: It's a, it's a cat!)",neutral,0.8,"the dialogue is task-oriented, logistical, or observational. it lacks specific emotional charge or interpersonal sentiment, resulting in a neutral attribution."
conv_219,Aunt Marilyn,Speaker 2,(-1 Turn: Speaker 1: She looks exactly like Aunt Marilyn.) (Target Turn: Speaker 1: She looks exactly like Aunt Marilyn.) (+1 Turn: Speaker 1: She looks exactly like Aunt Marilyn.),neutral,0.8,"the speaker is comparing the subject to a family member, indicating a sense of familiarity and connection. this comparison is neutral in tone, without any apparent emotional charge or interpersonal se"
conv_666,Speaker 2,Emily,"(-1 Turn: N/A) (Target Turn: Speaker 1: Ohh, here you are. I was looking for you before. Joshua’s gone so you and Emily are free to go.) (+1 Turn: Speaker 1: Ohh, here you are. I was looking for you before. Joshua’s gone so you and Emily are free to go.)",positive,0.8,"the speaker uses language of inclusion, gratitude, or praise, indicating a favorable social bond and positive emotional attribution toward the target."
conv_279,Frank,Speaker 2,"(-1 Turn: Speaker 1: Okay, hi. Ladies and gentlemen, back by popular demand, Miss Phoebe Buffay. Wooh!) (Target Turn: Speaker 1: Or instead, maybe you could just not marry my brother Frank.) (+1 Turn: Speaker 1: Or instead, maybe you could just not marry my brother Frank.)",negative,0.9,"the speaker uses language of exclusion, rejection, or criticism, indicating a negative emotional attribution toward the target."
conv_793,Chip,Nancy Branson,(-1 Turn: Speaker 2: I think his begging days are over now that he's going out with Nancy Branson.) (Target Turn: Speaker 2: I think his begging days are over now that he's going out with Nancy Branson.) (+1 Turn: Speaker 2: I think his begging days are over now that he's going out with Nancy Branson.),negative,0.9,"the speaker is expressing a negative sentiment about the target, implying that the target's romantic relationship with nancy branson has changed their behavior or circumstances for the worse. this is"
conv_813,Speaker 1,Hugsy,"(-1 Turn: Speaker 2: Should I be concerned that a button fell off the old Hugsy and I can't find it?) (Target Turn: Speaker 2: Oh, I don't think she likes the new Hugsy.) (+1 Turn: Speaker 2: Oh, I don't think she likes the new Hugsy.)",negative,0.8,"the speaker expresses a negative sentiment about the subject's opinion on the object (hugsy). the tone is casual and conversational, indicating a friendly and familiar relationship between the speaker"
conv_124,Tom,Jen,"(-1 Turn: Speaker 2: By the way, do you know who's moving back into town? Tom and Sue's daughter Jen.) (Target Turn: Speaker 2: By the way, do you know who's moving back into town? Tom and Sue's daughter Jen.) (+1 Turn: Speaker 2: By the way, do you know who's moving back into town? Tom and Sue's daughter Jen.)",neutral,0.8,"the speaker is asking about the return of a person, indicating a neutral or potentially positive emotional attribution."
conv_309,Ross,Speaker 3,"(-1 Turn: Speaker 2: Well, I only said that because of Ross, you know. Then I saw him kissing Charlie...) (Target Turn: Speaker 2: Well, I only said that because of Ross, you know. Then I saw him kissing Charlie...) (+1 Turn: Speaker 2: Well, I only said that because of Ross, you know. Then I saw him kissing Charlie...)",negative,0.8,"the speaker uses language of self-justification, indicating a defensive or apologetic tone. the mention of ross and charlie implies a romantic or social connection, which may be the source of the spea"
conv_1,Albert Wintermeyer,Speaker 2,"(-1 Turn: Speaker 2: Actually, Alby is the guy I broke up with.) (Target Turn: Speaker 1: You... you dated Albert Wintermeyer?) (+1 Turn: Speaker 1: You... you dated Albert Wintermeyer?)",neutral,0.9,"the speaker's tone is inquiring, and the language used is neutral, without any emotional charge or interpersonal sentiment. the sentence is task-oriented, focusing on gathering information rather than"
conv_891,Speaker 2,Terry,"(-1 Turn: Speaker 2: I can't! It's too late! Terry already hired that girl over there. Look at her, she's even got waitress experience. Last night she was teaching everybody how to make napkin.... swans.) (Target Turn: Speaker 2: I can't! It's too late! Terry already hired that girl over there. Look at her, she's even got waitress experience. Last night she was teaching everybody how to make napkin.... swans.) (+1 Turn: Speaker 2: I can't! It's too late! Terry already hired that girl over there. Look at her, she's even got waitress experience. Last night she was teaching everybody how to make napkin.... swans.)",negative,0.9,"the speaker uses language of frustration, disappointment, or rejection, indicating a negative emotional attribution toward the target. the speaker also expresses a sense of helplessness and resignatio"
conv_1041,Speaker 1,cat,"(-1 Turn: Speaker 2: That, is not a cat!) (Target Turn: Speaker 1: Excuse me! But this is a purebred, show-quality Sphinx cat!) (+1 Turn: Speaker 1: Excuse me! But this is a purebred, show-quality Sphinx cat!)",neutral,0.8,"the speaker uses a formal tone and a sense of authority, indicating a neutral emotional attribution toward the target."
conv_89,Mindy,Speaker 2,"(-1 Turn: Speaker 1: And Mindy, your maid of...?) (Target Turn: Speaker 1: And Mindy, your maid of...?) (+1 Turn: Speaker 1: And Mindy, your maid of...?)",positive,0.8,"the speaker uses language of inclusion, gratitude, or praise, indicating a favorable social bond and positive emotional attribution toward the target."
conv_386,Minnie,Speaker 2,"(-1 Turn: Speaker 1: Well, uh, uh, I don't know, okay, okay, how about with the, uh, with the baby's name?) (Target Turn: Speaker 2: -if it's a boy, Minnie if it's a girl.) (+1 Turn: Speaker 2: -if it's a boy, Minnie if it's a girl.)",neutral,0.9,"the speaker is discussing a hypothetical situation, using a conditional statement (""if it's a boy...""). the tone is neutral, without any emotional charge or interpersonal sentiment."
conv_759,Francis,Lilly,(-1 Turn: Speaker 1: Lilly's dead.) (Target Turn: Speaker 1: Lilly's dead.) (+1 Turn: Speaker 1: Lilly's dead.),neutral,0.8,"the speaker's statement is a sudden and unexpected revelation, which can be perceived as a shock or a surprise. the tone is neutral, without any emotional connotation."
conv_638,Ross,Speaker 4,"(-1 Turn: Speaker 3: Yeah, Rachel. And this is Ross' sister, Monica. We met at Thanksgiving.) (Target Turn: Speaker 3: Yeah, Rachel. And this is Ross' sister, Monica. We met at Thanksgiving.) (+1 Turn: Speaker 3: Yeah, Rachel. And this is Ross' sister, Monica. We met at Thanksgiving.)",neutral,0.8,"the speaker introduces a new person, monica, as ross's sister, indicating a familial relationship. the tone is neutral, without any emotional charge or interpersonal sentiment."
conv_1051,Speaker 2,Pete,"(-1 Turn: Speaker 3: Yes, but this is Pete. Okay? He's not like other people, on your first date he took you to Rome. For most guys that's like a third or fourth date kinda thing.) (Target Turn: Speaker 3: Yes, but this is Pete. Okay? He's not like other people, on your first date he took you to Rome. For most guys that's like a third or fourth date kinda thing.) (+1 Turn: Speaker 3: Yes, but this is Pete. Okay? He's not like other people, on your first date he took you to Rome. For most guys that's like a third or fourth date kinda thing.)",positive,0.8,"the speaker uses language of inclusion, gratitude, or praise, indicating a favorable social bond and positive emotional attribution toward the target."
conv_143,Speaker 5,Richard,"(-1 Turn: Speaker 8: Well, this is ironic. Of your last two boyfriends, Richard didn’t want to have kids, and from the looks of it, now Pete can’t.) (Target Turn: Speaker 8: Well, this is ironic. Of your last two boyfriends, Richard didn’t want to have kids, and from the looks of it, now Pete can’t.) (+1 Turn: Speaker 8: Well, this is ironic. Of your last two boyfriends, Richard didn’t want to have kids, and from the looks of it, now Pete can’t.)",neutral,0.7,"the speaker uses language of irony, which can be perceived as a neutral or even slightly negative sentiment. however, the speaker also mentions the subject's past relationships, which could be seen as"
conv_931,Speaker 1,Charlie,"(-1 Turn: N/A) (Target Turn: Speaker 1: So, I uhm... kinda need to talk to you about Charlie.) (+1 Turn: Speaker 1: So, I uhm... kinda need to talk to you about Charlie.)",neutral,0.7,"the speaker is initiating a conversation about charlie, which may be a sensitive or personal topic. the speaker's tone is uncertain and hesitant, indicating a potential emotional investment in the con"
conv_892,Brittany,Karen,"(-1 Turn: Speaker 1: Well, see when you're acting you need to think about stuff like that. My character, Joseph the processor guy, has two little girls, Ashley and Brittany. Ashley copies everything Brittany does.) (Target Turn: Speaker 1: Well, see when you're acting you need to think about stuff like that. My character, Joseph the processor guy, has two little girls, Ashley and Brittany. Ashley copies everything Brittany does.) (+1 Turn: Speaker 1: Well, see when you're acting you need to think about stuff like that. My character, Joseph the processor guy, has two little girls, Ashley and Brittany. Ashley copies everything Brittany does.)",neutral,0.9,"the speaker is discussing a character's actions and family, indicating a neutral emotional attribution. the tone is informative and observational, without any apparent conflict or social rejection."
conv_196,Speaker 7,Alan,"(-1 Turn: Speaker 1: So umm, now do you have any of Matt Lauer’s clothes here? Maybe? Just ones that haven’t been cleaned yet?) (Target Turn: Speaker 1: -but that wouldn't be fair to me, it wouldn't be fair to Alan- It wouldn't be fair to you!) (+1 Turn: Speaker 1: -but that wouldn't be fair to me, it wouldn't be fair to Alan- It wouldn't be fair to you!)",positive,0.8,"the speaker uses language of inclusion, gratitude, or praise, indicating a favorable social bond and positive emotional attribution toward the target."
conv_285,Phoebe,Mike,(-1 Turn: Speaker 2: Phoebe's Mike?) (Target Turn: Speaker 2: Phoebe's Mike?) (+1 Turn: Speaker 2: Phoebe's Mike?),neutral,0.9,"the speaker is referring to phoebe's boyfriend mike, which is a neutral topic. the sentence lacks specific emotional charge or interpersonal sentiment, resulting in a neutral attribution."
conv_802,Speaker 2,Gandolf,"(-1 Turn: Speaker 2: Mike ""Gandolf"" Ganderson, only like the funniest guy in the world.) (Target Turn: Speaker 2: Mike ""Gandolf"" Ganderson, only like the funniest guy in the world.) (+1 Turn: Speaker 2: Mike ""Gandolf"" Ganderson, only like the funniest guy in the world.)",positive,0.9,"the speaker uses language of humor, playfulness, or teasing, indicating a friendly and lighthearted social bond and positive emotional attribution toward the target."
conv_178,Mike,Speaker 1,(-1 Turn: Speaker 2: Rach!) (Target Turn: Speaker 2: I just can't believe that Mike didn't give me any warning.) (+1 Turn: Speaker 2: I just can't believe that Mike didn't give me any warning.),negative,0.9,"the speaker expresses surprise, disappointment, or frustration, indicating a negative emotional attribution toward the subject (mike)."
conv_323,Speaker 4,Knicks,(-1 Turn: Speaker 4: It’s the Knicks!) (Target Turn: Speaker 4: It’s the Knicks!) (+1 Turn: Speaker 4: It’s the Knicks!),neutral,0.8,"the dialogue is task-oriented, logistical, or observational. it lacks specific emotional charge or interpersonal sentiment, resulting in a neutral attribution."
conv_608,Althea,Speaker 5,(-1 Turn: Speaker 4: Althea!) (Target Turn: Speaker 4: Althea!) (+1 Turn: Speaker 4: Althea!),positive,0.8,"the speaker uses a name, indicating a familiar or known entity, which suggests a positive emotional attribution."
conv_223,Speaker 3,David Lynn,(-1 Turn: Speaker 3: You don’t know him. It’s not important. He wants nothing to do with me or the baby.) (Target Turn: Speaker 3: David Lynn.) (+1 Turn: Speaker 3: David Lynn.),neutral,0.8,"the speaker is introducing someone, which is a neutral action. the tone is not explicitly positive or negative, so i will focus on the context. the speaker is in a conversation, and the introduction i"
conv_436,Speaker 1,Javo,"(-1 Turn: Speaker 1: Hi, Nancy. Hi, it's Monica Geller. I'm good. Listen, I'm looking for a job in Tulsa. Well yeah, my husband has been relocated...Because I love him! No, I don't want a job in New York. Javo is looking? Oh my God! He asked for me personally? Oh my God! Oh, wow, this is really flattering, but I'm moving to Tulsa. Yeah, so if you would tell Javo 'I'll take it!') (Target Turn: Speaker 1: Hi, Nancy. Hi, it's Monica Geller. I'm good. Listen, I'm looking for a job in Tulsa. Well yeah, my husband has been relocated...Because I love him! No, I don't want a job in New York. Javo is looking? Oh my God! He asked for me personally? Oh my God! Oh, wow, this is really flattering, but I'm moving to Tulsa. Yeah, so if you would tell Javo 'I'll take it!') (+1 Turn: Speaker 1: Hi, Nancy. Hi, it's Monica Geller. I'm good. Listen, I'm looking for a job in Tulsa. Well yeah, my husband has been relocated...Because I love him! No, I don't want a job in New York. Javo is looking? Oh my God! He asked for me personally? Oh my God! Oh, wow, this is really flattering, but I'm moving to Tulsa. Yeah, so if you would tell Javo 'I'll take it!')",positive,0.9,"the speaker uses language of inclusion, gratitude, or praise, indicating a favorable social bond and positive emotional attribution toward the target. the speaker is excited and flattered by the job o"
conv_198,Janice,Chandler,"(-1 Turn: Speaker 2: Well I'm thinking that Chandler's our friend and Janice makes him happy, so I say we just all be adult about it and accept her.) (Target Turn: Speaker 2: Well I'm thinking that Chandler's our friend and Janice makes him happy, so I say we just all be adult about it and accept her.) (+1 Turn: Speaker 2: Well I'm thinking that Chandler's our friend and Janice makes him happy, so I say we just all be adult about it and accept her.)",positive,0.9,"the speaker uses language of acceptance, understanding, and maturity, indicating a positive emotional attribution toward the target. the speaker acknowledges the relationship between chandler and jani"
conv_886,Richard,Speaker 3,"(-1 Turn: Speaker 3: Joey, I think you should consider something a little less risky. I mean, I think in this market, real estate is your best investment. The Fed just lowered the rates and the interest on your mortgage is totally deductible. That's right, I know some stuff!) (Target Turn: Speaker 3: Oh, and you know who's selling a great apartment? Richard!) (+1 Turn: Speaker 3: Oh, and you know who's selling a great apartment? Richard!)",neutral,0.8,"the speaker mentions a specific person, richard, in a context that seems unrelated to the conversation. this could be an attempt to shift the focus or introduce a new topic. the tone is neutral, and t"
conv_246,Speaker 2,Albert,"(-1 Turn: Speaker 2: No, sir.) (Target Turn: Speaker 2: I need you to come to this bachelor party for my weird cousin Albert, y'know he's the botanist.) (+1 Turn: Speaker 2: No, sir.)",positive,0.9,"the speaker is inviting the subject to a social event, specifically a bachelor party, which implies a positive social bond and a desire for the subject's presence. the tone is casual and friendly, wit"
conv_170,Speaker 7,Erica,"(-1 Turn: Speaker 6: Her name is Erica.) (Target Turn: Speaker 4: Hey, that pregnant girl's name was Erica.) (+1 Turn: Speaker 4: Hey, that pregnant girl's name was Erica.)",neutral,0.8,"the dialogue is task-oriented, logistical, or observational. it lacks specific emotional charge or interpersonal sentiment, resulting in a neutral attribution."
conv_325,Phoebe,Speaker 2,"(-1 Turn: N/A) (Target Turn: Speaker 1: Yeah. Your teeth? Yes, I saw them from outside. You guys are never going to believe this. But, Phoebe made out with Ralph Lauren.) (+1 Turn: Speaker 1: Yeah. Your teeth? Yes, I saw them from outside. You guys are never going to believe this. But, Phoebe made out with Ralph Lauren.)",neutral,0.7,"the speaker's tone is casual and conversational, indicating a friendly and non-confrontational atmosphere. the mention of phoebe making out with ralph lauren is a surprising and potentially embarrassi"
conv_974,Carol,Ben,"(-1 Turn: Speaker 1: Apparently, Sting’s son made fun of the fact that Ben’s moms are lesbinims.) (Target Turn: Speaker 1: Apparently, Sting’s son made fun of the fact that Ben’s moms are lesbinims.) (+1 Turn: Speaker 1: Apparently, Sting’s son made fun of the fact that Ben’s moms are lesbinims.)",negative,0.9,"the speaker uses language of criticism, ridicule, or disdain, indicating an unfavorable social bond and negative emotional attribution toward the target."
conv_23,Speaker 1,Ursula,"(-1 Turn: Speaker 2: Hey. Ursula’s fiancée is really sweet! He’s a teacher, he does all this volunteer work. Y’know normally y’know, I don’t like really sweaty guys. But this one? I could just mop him up!) (Target Turn: Speaker 2: Hey. Ursula’s fiancée is really sweet! He’s a teacher, he does all this volunteer work. Y’know normally y’know, I don’t like really sweaty guys. But this one? I could just mop him up!) (+1 Turn: Speaker 2: Hey. Ursula’s fiancée is really sweet! He’s a teacher, he does all this volunteer work. Y’know normally y’know, I don’t like really sweaty guys. But this one? I could just mop him up!)",positive,0.95,"the speaker uses language of praise, admiration, and affection, indicating a positive emotional attribution toward the subject (ursula's fiancée). the speaker also uses a playful and flirtatious tone,"
conv_148,Colleen,Speaker 3,"(-1 Turn: Speaker 1: Uhm, we just wanna give you a heads-up. Bill and Colleen hate us.) (Target Turn: Speaker 1: Uhm, we just wanna give you a heads-up. Bill and Colleen hate us.) (+1 Turn: Speaker 1: Uhm, we just wanna give you a heads-up. Bill and Colleen hate us.)",negative,0.95,"the speaker uses language of exclusion, rejection, or criticism, indicating a negative emotional attribution toward the target. the use of ""hate"" is a strong negative sentiment."
conv_19,Speaker 2,Phoebe,"(-1 Turn: Speaker 2: Any one of the brilliant actresses nominated for this award tonight deserves to take it home. Unfortunately only one can. The nominees for Best Supporting Actress are from Passions Erin Goff. From One Life to Live Mary Loren Bishop, from All My Children Sarah Mchann, and from Days of Our Lives Jessica Ashley. And the winner is……Jessica Ashley from Days of Our Lives. Uh, unfortunately Jessica couldn’t be with us tonight so I’ll be accepting this award on her behalf. And I’m sure that Jessica would like to thank my parents who always believed in me. She’d also like to thank my friends, Chandler, Monica, Ross, Phoebe, and Rachel who’s sittin’ right there!) (Target Turn: Speaker 2: Any one of the brilliant actresses nominated for this award tonight deserves to take it home. Unfortunately only one can. The nominees for Best Supporting Actress are from Passions Erin Goff. From One Life to Live Mary Loren Bishop, from All My Children Sarah Mchann, and from Days of Our Lives Jessica Ashley. And the winner is……Jessica Ashley from Days of Our Lives. Uh, unfortunately Jessica couldn’t be with us tonight so I’ll be accepting this award on her behalf. And I’m sure that Jessica would like to thank my parents who always believed in me. She’d also like to thank my friends, Chandler, Monica, Ross, Phoebe, and Rachel who’s sittin’ right there!) (+1 Turn: Speaker 2: Any one of the brilliant actresses nominated for this award tonight deserves to take it home. Unfortunately only one can. The nominees for Best Supporting Actress are from Passions Erin Goff. From One Life to Live Mary Loren Bishop, from All My Children Sarah Mchann, and from Days of Our Lives Jessica Ashley. And the winner is……Jessica Ashley from Days of Our Lives. Uh, unfortunately Jessica couldn’t be with us tonight so I’ll be accepting this award on her behalf. And I’m sure that Jessica would like to thank my parents who always believed in me. She’d also like to thank my friends, Chandler, Monica, Ross, Phoebe, and Rachel who’s sittin’ right there!)",positive,0.95,"the speaker uses language of praise, gratitude, and inclusion, indicating a positive emotional attribution toward the nominees and the winner. the tone is formal, celebratory, and respectful."
conv_845,Ross,Speaker 2,"(-1 Turn: Speaker 2: I’m not in love with Ross!) (Target Turn: Speaker 2: I’m not in love with Ross!) (+1 Turn: Speaker 2: Phoebe, I’m going to Ross’s wedding because he is my ex-boyfriend and that would be really uncomfortable. Not because, I’m still in love with him! I mean, hey, y’know, I like Ross as much as the next guy, y’know? Clearly I have feelings for him, but feelings don’t mean love! I mean, I still have loving feelings for Ross. Yeah! But, I have, I have continuing feelings of love, but that doesn’t mean that-that I’m still in love with him. Y’know? I-I have sexual feelings for him, but I do love him—Ohh! Oh my God! Oh my—why didn’t you tell me?!!)",negative,0.9,"the speaker uses language of rejection, denial, or dismissal, indicating a negative emotional attribution toward the target."
conv_298,Rachel,Speaker 1,(-1 Turn: Speaker 1: Dr. Greene. Oh my God it's Rachel's dad. What're you doing here?) (Target Turn: Speaker 1: Dr. Greene. Oh my God it's Rachel's dad. What're you doing here?) (+1 Turn: Speaker 1: Dr. Greene. Oh my God it's Rachel's dad. What're you doing here?),neutral,0.8,"the speaker uses language of surprise, curiosity, or inquiry, indicating a neutral emotional attribution toward the target."
conv_808,Speaker 1,Mets,"(-1 Turn: Speaker 2: No, no, no, not the Mets, the MET, singular!) (Target Turn: Speaker 2: No, no, no, not the Mets, the MET, singular!) (+1 Turn: Speaker 2: No, no, no, not the Mets, the MET, singular!)",negative,0.8,"the speaker uses a specific, technical term (met) and a negative phrase (""no, no, no""), indicating a sense of frustration or annoyance. the tone is informal, and the speaker is addressing someone fami"
conv_116,Chandler,Monica,(-1 Turn: Speaker 2: But then we ditch those two and that’s when we get married. We’ll have Chandler’s money and Rachel’s kids and getting custody will be easy because of Rachel’s drinking problem.) (Target Turn: Speaker 2: But then we ditch those two and that’s when we get married. We’ll have Chandler’s money and Rachel’s kids and getting custody will be easy because of Rachel’s drinking problem.) (+1 Turn: Speaker 2: But then we ditch those two and that’s when we get married. We’ll have Chandler’s money and Rachel’s kids and getting custody will be easy because of Rachel’s drinking problem.),negative,0.8,the speaker is discussing a hypothetical future scenario where they will marry rachel and gain custody of her children. the mention of chandler's money and rachel's drinking problem implies a sense of
conv_413,Speaker 4,Alan,(-1 Turn: Speaker 4: Alan.) (Target Turn: Speaker 4: Alan.) (+1 Turn: Speaker 4: Alan.),neutral,0.9,"the speaker is addressing someone named alan, but there is no emotional context or sentiment expressed in the sentence. it appears to be a simple reference or introduction."
conv_61,Andrea Tamburino,Geoffrey Cleric,(-1 Turn: Speaker 1: He was roommates with John Rosoff. He went out with Andrea Tamburino. She dumped him for Michael Skloff.) (Target Turn: Speaker 1: He was roommates with John Rosoff. He went out with Andrea Tamburino. She dumped him for Michael Skloff.) (+1 Turn: Speaker 1: He was roommates with John Rosoff. He went out with Andrea Tamburino. She dumped him for Michael Skloff.),neutral,0.7,"the speaker mentions a past relationship and a breakup, which can be perceived as negative. however, there is no apparent conflict or hostility in the conversation."
conv_197,Speaker 1,monkey,"(-1 Turn: Speaker 1: That is so weird! I had a dream that you'd have lunch with Richard.) (Target Turn: Speaker 2: I'm telling you, that monkey is a chick magnet! She's going to take one look at his furry, cute little face and it'll seal the deal.) (+1 Turn: Speaker 2: I'm telling you, that monkey is a chick magnet! She's going to take one look at his furry, cute little face and it'll seal the deal.)",positive,0.9,"the speaker uses a playful and lighthearted tone, making a humorous comment about the monkey's attractiveness. this suggests a positive emotional attribution between the speaker and the subject (the m"
conv_833,Monica,Speaker 2,"(-1 Turn: Speaker 1: Bing! We’re all set for tonight, 8 o’clock.) (Target Turn: Speaker 2: Oh uh, as it turns out, we can’t do it. Monica has to work.) (+1 Turn: Speaker 2: Oh uh, as it turns out, we can’t do it. Monica has to work.)",negative,0.9,"the speaker uses language of rejection, disappointment, or frustration, indicating a negative emotional attribution toward the target."
conv_775,Speaker 4,Chandler,"(-1 Turn: Speaker 2: Hey! Do you want do you want a little taste of Pheebs?!) (Target Turn: Speaker 4: Okay! Okay! Umm, Webster’s Dictionary defines marriage as… Okay!! Forget that! That sucks!! Okay, never mind! Forget it! Umm, umm, okay, uh… I met, I-I met, I met Monica when we were just a couple of six year olds and I became friends with Chandler when he was 25, although he seemed like a six year old.) (+1 Turn: Speaker 4: Okay! Okay! Umm, Webster’s Dictionary defines marriage as… Okay!! Forget that! That sucks!! Okay, never mind! Forget it! Umm, umm, okay, uh… I met, I-I met, I met Monica when we were just a couple of six year olds and I became friends with Chandler when he was 25, although he seemed like a six year old.)",negative,0.8,"the speaker uses language of frustration, disappointment, or annoyance, indicating a negative emotional attribution toward the subject. the speaker's tone is dismissive and hesitant, suggesting a lack"
conv_186,Speaker 3,Carol,"(-1 Turn: Speaker 1: Oh my god, I got my very own stalker.) (Target Turn: Speaker 3: Today's the day Carol and I first.. consummated our physical relationship. Sex. ..You know what, I-I'd better pass on the game. I think I'm just gonna go home and think about my ex-wife and her lesbian lover.) (+1 Turn: Speaker 3: Today's the day Carol and I first.. consummated our physical relationship. Sex. ..You know what, I-I'd better pass on the game. I think I'm just gonna go home and think about my ex-wife and her lesbian lover.)",negative,0.8,"the speaker's tone is reflective and introspective, indicating a sense of nostalgia and possibly regret. the mention of an ex-wife and her lesbian lover suggests a complex emotional state, possibly in"
conv_319,Speaker 3,Eric Prower,"(-1 Turn: Speaker 1: No, not that one. We're trying to figure out who to bring to the Knicks game tonight, we have an extra ticket.) (Target Turn: Speaker 3: Yeah, Ross can't go so it's between my friend Eric Prower who has breath issues and Dan with the poking. 'Did you see that play? Do you want some more beer? Is that Spike Lee?') (+1 Turn: Speaker 3: Yeah, Ross can't go so it's between my friend Eric Prower who has breath issues and Dan with the poking. 'Did you see that play? Do you want some more beer? Is that Spike Lee?')",neutral,0.8,"the speaker is discussing a social situation, mentioning specific individuals and their characteristics (breath issues, poking). the tone is casual and conversational, with a focus on social dynamics."
conv_804,Rachel,Speaker 1,"(-1 Turn: Speaker 2: You let Rachel come back, and it’s done.) (Target Turn: Speaker 1: Well, I guess having Rachel back wouldn’t be the worst thing in the world.) (+1 Turn: Speaker 1: Well, I guess having Rachel back wouldn’t be the worst thing in the world.)",neutral,0.8,"the speaker expresses a neutral sentiment about rachel's return, neither strongly positive nor negative. the phrase ""wouldn't be the worst thing in the world"" implies a neutral or ambivalent attitude."
conv_482,Speaker 1,Tag,"(-1 Turn: Speaker 1: Oh, right. Sorry. But Tag's not coming; his girlfriend came into town, so he's spending Thanksgiving with her.) (Target Turn: Speaker 1: Oh, right. Sorry. But Tag's not coming; his girlfriend came into town, so he's spending Thanksgiving with her.) (+1 Turn: Speaker 1: Oh, right. Sorry. But Tag's not coming; his girlfriend came into town, so he's spending Thanksgiving with her.)",negative,0.8,"the speaker expresses regret and apologizes for the change in plans, indicating a negative emotional attribution toward the target. the speaker also mentions the target's absence due to a personal com"
conv_1040,Speaker 1,Kathy,"(-1 Turn: Speaker 1: Actually, this is for Kathy's birthday. It's an early edition of her favorite book.) (Target Turn: Speaker 1: Actually, this is for Kathy's birthday. It's an early edition of her favorite book.) (+1 Turn: Speaker 1: Actually, this is for Kathy's birthday. It's an early edition of her favorite book.)",positive,0.95,"the speaker is giving a gift to kathy, indicating a positive and friendly interaction. the tone is polite and considerate, showing a positive emotional attribution between the speaker and kathy."
conv_384,Speaker 1,Ross,"(-1 Turn: Speaker 2: Probably, yeah... I mean, maybe we should... hold off until we talk to Ross.) (Target Turn: Speaker 1: I mean, you know... Ross and I haven't dated in like... six years...) (+1 Turn: Speaker 1: I mean, you know... Ross and I haven't dated in like... six years...)",neutral,0.8,"the speaker uses a casual, conversational tone, mentioning a past relationship with ross, indicating a neutral or friendly emotional attribution."
conv_409,Speaker 1,Ethan,(-1 Turn: N/A) (Target Turn: Speaker 2: Off to see young Ethan?) (+1 Turn: Speaker 2: Off to see young Ethan?),neutral,0.8,"the dialogue is task-oriented, logistical, or observational. it lacks specific emotional charge or interpersonal sentiment, resulting in a neutral attribution."
conv_3,Emma,Baby Got Back,(-1 Turn: Speaker 2: Guess what? I made Emma laugh today.) (Target Turn: Speaker 2: Guess what? I made Emma laugh today.) (+1 Turn: Speaker 2: Guess what? I made Emma laugh today.),positive,0.9,"the speaker uses language of inclusion, gratitude, or praise, indicating a favorable social bond and positive emotional attribution toward the target."
conv_460,Speaker 5,Nora Tyler Bing,"(-1 Turn: Speaker 2: Folks, when we come back we'll be talking about her new book, 'Euphoria Unbound': the always interesting Nora Tyler Bing. You might wanna put the kids to bed for this one.) (Target Turn: Speaker 2: Folks, when we come back we'll be talking about her new book, 'Euphoria Unbound': the always interesting Nora Tyler Bing. You might wanna put the kids to bed for this one.) (+1 Turn: Speaker 2: Folks, when we come back we'll be talking about her new book, 'Euphoria Unbound': the always interesting Nora Tyler Bing. You might wanna put the kids to bed for this one.)",positive,0.9,"the speaker is introducing a guest, nora tyler bing, and her new book, indicating a positive and professional tone. the use of ""always interesting"" suggests a positive sentiment towards nora."
conv_643,Speaker 4,Richard,"(-1 Turn: Speaker 4: I mean, my feelings for Richard are certainly gone.) (Target Turn: Speaker 4: I mean, my feelings for Richard are certainly gone.) (+1 Turn: Speaker 4: I mean, my feelings for Richard are certainly gone.)",negative,0.9,"the speaker explicitly states the loss of feelings for the target, indicating a negative emotional attribution."
conv_305,Speaker 1,Rachel,"(-1 Turn: Speaker 1: Gunther! Gunther. Gunther, please tell me you didn’t say anything to Rachel about me and the girl from the Xerox place.) (Target Turn: Speaker 1: Gunther! Gunther. Gunther, please tell me you didn’t say anything to Rachel about me and the girl from the Xerox place.) (+1 Turn: Speaker 1: Gunther! Gunther. Gunther, please tell me you didn’t say anything to Rachel about me and the girl from the Xerox place.)",negative,0.9,"the speaker uses language of anxiety, concern, or pleading, indicating a negative emotional attribution toward the target. the speaker is worried about the potential consequences of gunther's actions"
conv_224,Speaker 5,Janice,"(-1 Turn: Speaker 3: David's like, y'know, Scientist Guy. He's very methodical.) (Target Turn: Speaker 5: Yeah, 'cause I already asked Janice.) (+1 Turn: Speaker 5: Yeah, 'cause I already asked Janice.)",positive,0.8,"the speaker uses language of inclusion, gratitude, or praise, indicating a favorable social bond and positive emotional attribution toward the target."
conv_199,Speaker 1,Rachel,"(-1 Turn: Speaker 5: Well, I don’t care about the divorces either, but I wouldn’t date him. It’s just that he’s obviously still in love with this Rachel girl.) (Target Turn: Speaker 5: Well, I don’t care about the divorces either, but I wouldn’t date him. It’s just that he’s obviously still in love with this Rachel girl.) (+1 Turn: Speaker 5: Well, I don’t care about the divorces either, but I wouldn’t date him. It’s just that he’s obviously still in love with this Rachel girl.)",negative,0.9,"the speaker expresses a negative opinion about the subject, stating they wouldn't date him and implying he's still in love with someone else. this indicates a negative emotional attribution."
conv_23,Ursula,Speaker 1,"(-1 Turn: Speaker 2: Emma, you even know it's your birthday today? You're one! One-year-old, that's little.) (Target Turn: Speaker 2: Ursula’s fiancée?) (+1 Turn: Speaker 2: Ursula’s fiancée?)",neutral,0.7,"the speaker mentions ursula's fiancée, which implies a social connection and potentially a romantic relationship. this could be a positive or neutral attribution, as it does not contain explicit confl"
conv_356,Joey,Dina,"(-1 Turn: Speaker 1: She's right, it's Jill. Jill Goodacre. Oh my God. I am trapped in an ATM vestibule with Jill Goodacre! Is it a vestibule? Maybe it's an atrium. Oh, yeah, that is the part to focus on, you idiot!) (Target Turn: Speaker 2: Ah, I fooled around with Joey's sister. Well, that's not the worst part.) (+1 Turn: Speaker 2: Ah, I fooled around with Joey's sister. Well, that's not the worst part.)",neutral,0.7,"the speaker uses language of self-disclosure, which can be seen as a sign of trust and openness, indicating a positive emotional attribution toward the subject. however, the content of the self-disclo"
conv_375,Speaker 2,Charlie,"(-1 Turn: Speaker 4: I don't know why Joey had to kiss her! I mean, of all the girls at the party, GOD!) (Target Turn: Speaker 4: Be-cause Ross is the father of my child! You know... and I... want him to hook up with lots of women! I just... All I'm saying is... I don't think that Joey and Charlie have anything in common.) (+1 Turn: Speaker 4: Be-cause Ross is the father of my child! You know... and I... want him to hook up with lots of women! I just... All I'm saying is... I don't think that Joey and Charlie have anything in common.)",negative,0.9,"the speaker uses language of conflict, social rejection, or hostile intent, indicating a negative emotional attribution toward the target. the speaker's tone is confrontational, and the statement is a"
conv_324,Speaker 1,Emma,"(-1 Turn: Speaker 4: Well, I don't know, you guys figure it out, I got to put Emma down for a nap.) (Target Turn: Speaker 4: Well, I don't know, you guys figure it out, I got to put Emma down for a nap.) (+1 Turn: Speaker 4: Well, I don't know, you guys figure it out, I got to put Emma down for a nap.)",neutral,0.8,"the speaker is addressing a group of people, using a casual tone and a sense of detachment, indicating a neutral emotional attribution. the mention of a nap suggests a focus on a specific task or resp"
conv_679,Joey,Charlie,"(-1 Turn: Speaker 1: Okay, uhm... Hey, you guys seen Joey anywhere?) (Target Turn: Speaker 2: He's probably in his room with his current girlfriend Charlie. That's the situation as we know it...) (+1 Turn: Speaker 2: He's probably in his room with his current girlfriend Charlie. That's the situation as we know it...)",neutral,0.8,"the speaker is discussing a situation involving a third party (charlie) and the subject (speaker 1's boyfriend), indicating a neutral emotional attribution."
conv_279,Frank,Speaker 1,"(-1 Turn: Speaker 1: Okay, hi. Ladies and gentlemen, back by popular demand, Miss Phoebe Buffay. Wooh!) (Target Turn: Speaker 1: Or instead, maybe you could just not marry my brother Frank.) (+1 Turn: Speaker 1: Or instead, maybe you could just not marry my brother Frank.)",negative,0.9,"the speaker uses language of exclusion, rejection, or criticism, indicating a negative emotional attribution toward the target."
conv_126,Speaker 2,Henry,"(-1 Turn: Speaker 1: But you’re not just a soap actor. You are a soap actor with freakishly tiny feet.) (Target Turn: Speaker 2: No no. Henry's almost two and he's talking and everything. Here. You know, the other day he told me he liked me better than his other grandpa. Now in all fairness his other grandpa's a drunk but still. . .) (+1 Turn: Speaker 2: No no. Henry's almost two and he's talking and everything. Here. You know, the other day he told me he liked me better than his other grandpa. Now in all fairness his other grandpa's a drunk but still. . .)",positive,0.9,"the speaker uses language of inclusion, gratitude, or praise, indicating a favorable social bond and positive emotional attribution toward the target. the speaker is sharing a personal story about the"
conv_180,Speaker 3,Ross,"(-1 Turn: Speaker 3: Oh, hi, Mrs. Waltham. I need to speak with ether one of the best men, or Ross’s sister Monica.) (Target Turn: Speaker 3: Oh, hi, Mrs. Waltham. I need to speak with ether one of the best men, or Ross’s sister Monica.) (+1 Turn: Speaker 3: Oh, hi, Mrs. Waltham. I need to speak with ether one of the best men, or Ross’s sister Monica.)",neutral,0.8,"the speaker uses a formal greeting, indicating a neutral or professional tone. the request to speak with one of the best men or ross's sister monica suggests a task-oriented or logistical interaction,"
conv_101,Mr. Kostelick,Speaker 2,"(-1 Turn: N/A) (Target Turn: Speaker 3: Yes. Well, Mr. Kostelick wants you to stop by his office at the end of the day.) (+1 Turn: Speaker 3: Yes. Well, Mr. Kostelick wants you to stop by his office at the end of the day.)",neutral,0.8,"the dialogue is task-oriented, logistical, or observational. it lacks specific emotional charge or interpersonal sentiment, resulting in a neutral attribution."
conv_124,Speaker 2,Chandler,"(-1 Turn: Speaker 1: Chandler is a complex fellow, one who is unlikely to take a wife.) (Target Turn: Speaker 1: Monica face it, Chandler is against marriage. And-and always will be!) (+1 Turn: Speaker 1: Monica face it, Chandler is against marriage. And-and always will be!)",negative,0.9,"the speaker uses language of criticism, rejection, or opposition, indicating a negative emotional attribution toward the target."
conv_334,Paolo,Speaker 1,"(-1 Turn: Speaker 1: Ok, uh, Billy Dreskin, Pete Carney, Barry, and uh, oh, Paolo.) (Target Turn: Speaker 1: Ok, uh, Billy Dreskin, Pete Carney, Barry, and uh, oh, Paolo.) (+1 Turn: Speaker 1: Ok, uh, Billy Dreskin, Pete Carney, Barry, and uh, oh, Paolo.)",neutral,0.9,"the speaker is listing names, which is a neutral action. there is no emotional language or sentiment expressed in the dialogue."
conv_67,Speaker 3,Paul,"(-1 Turn: Speaker 1: Go! I have it in my book. Go! Wait a minute! If you’re in charge of the invitations why am I the one who has to call her—Hello Mrs. Green! Hi, it’s Monica Geller.) (Target Turn: Speaker 1: Who's Paul?) (+1 Turn: Speaker 1: Go! I have it in my book. Go! Wait a minute! If you’re in charge of the invitations why am I the one who has to call her—Hello Mrs. Green! Hi, it’s Monica Geller.)",neutral,0.9,"the sentence is a question, and the speaker is asking about someone named paul. there is no emotional attribution or sentiment expressed in this sentence."
conv_143,Richard,Speaker 5,"(-1 Turn: Speaker 8: Well, this is ironic. Of your last two boyfriends, Richard didn’t want to have kids, and from the looks of it, now Pete can’t.) (Target Turn: Speaker 8: Well, this is ironic. Of your last two boyfriends, Richard didn’t want to have kids, and from the looks of it, now Pete can’t.) (+1 Turn: Speaker 8: Well, this is ironic. Of your last two boyfriends, Richard didn’t want to have kids, and from the looks of it, now Pete can’t.)",negative,0.8,"the speaker uses language of irony, which can be seen as a form of social commentary or critique. the speaker is pointing out the unexpected similarity between the two boyfriends, implying that the sp"
conv_300,Speaker 4,Mona,"(-1 Turn: Speaker 4: Ross and the most beautiful girl in the world.) (Target Turn: Speaker 2: So Ross, are you gonna bring Mona?) (+1 Turn: Speaker 2: So Ross, are you gonna bring Mona?)",neutral,0.9,"the speaker is asking a question about ross's plans, which is a neutral topic. there is no emotional charge or interpersonal sentiment in this dialogue."
conv_338,Speaker 1,Janine,"(-1 Turn: Speaker 1: Sure, neighbor come on in.) (Target Turn: Speaker 2: So, is Janine around?) (+1 Turn: Speaker 2: So, is Janine around?)",neutral,0.8,"the speaker is asking about janine's presence, which implies a neutral or casual inquiry, without any apparent emotional tone or social bond."
conv_75,Speaker 1,Chandler,"(-1 Turn: Speaker 1: Oh good. Good, look I'm so sorry, for screwing up that cutting-her-out plan. But I have a new plan. Chandler agreed to call here in a few minutes with an emergency.) (Target Turn: Speaker 1: Oh good. Good, look I'm so sorry, for screwing up that cutting-her-out plan. But I have a new plan. Chandler agreed to call here in a few minutes with an emergency.) (+1 Turn: Speaker 1: Oh good. Good, look I'm so sorry, for screwing up that cutting-her-out plan. But I have a new plan. Chandler agreed to call here in a few minutes with an emergency.)",positive,0.9,"the speaker apologizes for a past mistake and presents a new plan, indicating a willingness to make amends and improve the situation. the mention of chandler's agreement adds a sense of collaboration"
conv_309,Ross,Speaker 3,"(-1 Turn: Speaker 3: Not until you said it. Somebody switch! Wait a minute... Ross and Charlie, Joey and Rachel, Phoebe and Mike! We're the only people leaving with the same person we came with.) (Target Turn: Speaker 3: Not until you said it. Somebody switch! Wait a minute... Ross and Charlie, Joey and Rachel, Phoebe and Mike! We're the only people leaving with the same person we came with.) (+1 Turn: Speaker 3: Not until you said it. Somebody switch! Wait a minute... Ross and Charlie, Joey and Rachel, Phoebe and Mike! We're the only people leaving with the same person we came with.)",positive,0.9,"the speaker is listing the couples who are leaving with the same person they came with, indicating a sense of unity, togetherness, and possibly even romantic love. this suggests a positive emotional a"
conv_711,Speaker 1,Monica,"(-1 Turn: Speaker 1: Ahh! There's gotta be a way. I mean, you know, if Monica and Chandler move out here and now Phoebe is married to Mike. That just leaves me and Ross and Rach, you know what I mean?) (Target Turn: Speaker 1: Ahh! There's gotta be a way. I mean, you know, if Monica and Chandler move out here and now Phoebe is married to Mike. That just leaves me and Ross and Rach, you know what I mean?) (+1 Turn: Speaker 1: Ahh! There's gotta be a way. I mean, you know, if Monica and Chandler move out here and now Phoebe is married to Mike. That just leaves me and Ross and Rach, you know what I mean?)",negative,0.8,"the speaker expresses frustration, disappointment, or discontent, indicating a negative emotional attribution toward the target."
conv_35,Speaker 2,Mrs. Kay,"(-1 Turn: Speaker 1: It’s like you’re a cave person. Rachel, you must get a nanny. You don’t know how overwhelming this is going to be. I mean when you were a baby I had full time help, I had Mrs. Kay.) (Target Turn: Speaker 1: It’s like you’re a cave person. Rachel, you must get a nanny. You don’t know how overwhelming this is going to be. I mean when you were a baby I had full time help, I had Mrs. Kay.) (+1 Turn: Speaker 1: It’s like you’re a cave person. Rachel, you must get a nanny. You don’t know how overwhelming this is going to be. I mean when you were a baby I had full time help, I had Mrs. Kay.)",negative,0.9,"the speaker is expressing concern and frustration about the speaker's parenting choices, using a condescending tone. this indicates a negative emotional attribution between the parties."
conv_957,Speaker 2,Ben,"(-1 Turn: Speaker 2: Well actually, I’m picking Ben up tomorrow, maybe he’ll be there.) (Target Turn: Speaker 2: Well actually, I’m picking Ben up tomorrow, maybe he’ll be there.) (+1 Turn: Speaker 2: Well actually, I’m picking Ben up tomorrow, maybe he’ll be there.)",neutral,0.8,"the speaker mentions picking up someone, which implies a social interaction, but there is no emotional language used, no conflict, no rejection, no praise. the tone is neutral."
conv_81,Tim,Speaker 2,"(-1 Turn: Speaker 2: Look, look at your man, Ewing. Nice shot. You know what, he couldn't hit water if he was standing on a boat.) (Target Turn: Speaker 1: Well maybe he was just nervous, y’know you can be very intimidating. And besides I’ve met your pastry chef and she can stand to be taken down a peg or two.) (+1 Turn: Speaker 1: Well maybe he was just nervous, y’know you can be very intimidating. And besides I’ve met your pastry chef and she can stand to be taken down a peg or two.)",positive,0.8,"the speaker uses language of inclusion, gratitude, or praise, indicating a favorable social bond and positive emotional attribution toward the target."
conv_592,Speaker 2,Lee Majors,"(-1 Turn: Speaker 3: She pulled it out of me! She’s like a conversational wizard! How’d it go?) (Target Turn: Speaker 2: Yeah! How would you like it if I sent you to Lee Majors’ house and told you that he liked you, and you went down there and you found out that he didn’t like you? How would you feel?) (+1 Turn: Speaker 2: Yeah! How would you like it if I sent you to Lee Majors’ house and told you that he liked you, and you went down there and you found out that he didn’t like you? How would you feel?)",positive,0.9,"the speaker uses a hypothetical scenario to express empathy and understanding, indicating a favorable social bond and positive emotional attribution toward the target."
conv_907,Mr. Zelner,Betty,"(-1 Turn: N/A) (Target Turn: Speaker 1: Okay, I think we can get the evaluation back before they see it, but we’re gonna have to get into Mr. Zelner’s office. Now, he doesn’t get in until 10, so he’s no problem, but his assistant, Betty, she comes in early to eat her breakfast at her desk.) (+1 Turn: Speaker 1: Okay, I think we can get the evaluation back before they see it, but we’re gonna have to get into Mr. Zelner’s office. Now, he doesn’t get in until 10, so he’s no problem, but his assistant, Betty, she comes in early to eat her breakfast at her desk.)",neutral,0.8,"the dialogue is task-oriented, logistical, or observational. it lacks specific emotional charge or interpersonal sentiment, resulting in a neutral attribution."
conv_615,Phoebe,Speaker 2,"(-1 Turn: Speaker 1: Well then, I didn't need to bother you or the four other Mike Hanagens I bothered.) (Target Turn: Speaker 2: Hey wait wait wait wait! Is that true what you said? Phoebe's never had a serious relationship?) (+1 Turn: Speaker 2: Hey wait wait wait wait! Is that true what you said? Phoebe's never had a serious relationship?)",neutral,0.8,"the speaker uses language of inquiry, curiosity, or surprise, indicating a neutral emotional attribution toward the target. the tone is more observational than confrontational."
conv_119,Speaker 2,Mike,"(-1 Turn: Speaker 1: She's also a scientist, so she's very smart and pretty and... well, it's actually because of you, really, that we're together, I mean, I saw what you had with that Mike guy, and I just said ""Boy, I want that"".) (Target Turn: Speaker 1: She's also a scientist, so she's very smart and pretty and... well, it's actually because of you, really, that we're together, I mean, I saw what you had with that Mike guy, and I just said ""Boy, I want that"".) (+1 Turn: Speaker 1: She's also a scientist, so she's very smart and pretty and... well, it's actually because of you, really, that we're together, I mean, I saw what you had with that Mike guy, and I just said ""Boy, I want that"".)",positive,0.9,"the speaker uses language of admiration, gratitude, or praise, indicating a favorable social bond and positive emotional attribution toward the target. the speaker also acknowledges the target's influ"
conv_180,Speaker 3,Ross,"(-1 Turn: Speaker 3: Hello. My name is Regina Phalange. I'm a businesswoman in town on business. Would you like to see my card? Ooh, what did I do with my file-a-facts? I must've left it in conference room B.) (Target Turn: Speaker 3: Oh, I’m Phoebe Buffay. I’m one of Ross’s best friends.) (+1 Turn: Speaker 3: Hello. My name is Regina Phalange. I'm a businesswoman in town on business. Would you like to see my card? Ooh, what did I do with my file-a-facts? I must've left it in conference room B.)",positive,0.9,"the speaker introduces themselves as phoebe buffay, one of ross's best friends, indicating a friendly and social tone. the interaction lacks any negative or conflictual elements."
conv_190,Speaker 2,Kyle,"(-1 Turn: Speaker 3: Kyle’s ex-wife? You were supposed to divert her not date her!) (Target Turn: Speaker 3: Kyle’s ex-wife? You were supposed to divert her not date her!) (+1 Turn: Speaker 2: And you are so in style right now. Y’know, I work at Ralph Lauren and the whole fall line has got this like equestrian theme going on. I don’t suppose you saw the cover of British Vogue, but…)",negative,0.9,"the speaker uses language of conflict, social rejection, or hostile intent, indicating a negative emotional attribution between the parties."
conv_252,Chandler,Speaker 1,"(-1 Turn: Speaker 2: Oh, no, no, you can't have Chandler, no. No, no. She's my little genius. I got big hopes for her. She's gonna be a doctor or a realtor..) (Target Turn: Speaker 2: Oh, no, no, you can't have Chandler, no. No, no. She's my little genius. I got big hopes for her. She's gonna be a doctor or a realtor..) (+1 Turn: Speaker 2: Oh, no, no, you can't have Chandler, no. No, no. She's my little genius. I got big hopes for her. She's gonna be a doctor or a realtor..)",positive,0.9,"the speaker uses possessive language (""my little genius""), expresses strong emotional attachment (""big hopes""), and implies a sense of ownership (""she's my little genius""), indicating a strong positiv"
conv_305,Ross,Rachel,"(-1 Turn: Speaker 1: Well, I'm off to Tulsa, so if your Maitre D. friend has any funny Oklahoma jokes, tell him to e-mail me at www.hahanotsomuch.com.) (Target Turn: Speaker 1: Well Ross was hangin' out over at our place, Rachel comes over to borrow some moisturiser from Chandler....) (+1 Turn: Speaker 1: Well, I'm off to Tulsa, so if your Maitre D. friend has any funny Oklahoma jokes, tell him to e-mail me at www.hahanotsomuch.com.)",positive,0.8,"the speaker is describing a social interaction involving friends, which is a common theme in the provided examples. the tone is casual and conversational, indicating a positive emotional attribution b"
conv_89,Mindy,Barry,"(-1 Turn: Speaker 2: Country club newsletter. My mother sends me the engagement notices for 'inspiration.' Oh my God! Oh my God, it's Barry and Mindy!) (Target Turn: Speaker 2: Country club newsletter. My mother sends me the engagement notices for 'inspiration.' Oh my God! Oh my God, it's Barry and Mindy!) (+1 Turn: Speaker 2: Country club newsletter. My mother sends me the engagement notices for 'inspiration.' Oh my God! Oh my God, it's Barry and Mindy!)",neutral,0.8,"the speaker uses language of surprise, excitement, and possibly envy, indicating a complex emotional attribution toward the target. the speaker's mother sends them engagement notices for ""inspiration,"
conv_73,Ross,Rachel,"(-1 Turn: Speaker 2: I know. I know. And this is so much more complicated than it was for those guys. I mean, it’s Rachel for God sakes.) (Target Turn: Speaker 1: For God sakes, it’s Rachel!) (+1 Turn: Speaker 1: For God sakes, it’s Rachel!)",negative,0.8,"the speaker uses a strong, emotional, and somewhat aggressive phrase (""for god sakes""), which may indicate frustration, annoyance, or even anger. the target, rachel, is not explicitly mentioned, but t"
conv_788,Speaker 2,Joey,"(-1 Turn: Speaker 2: Oh y’know, I still—I can’t believe it. Joey and Rachel I mean it’s… It’s like you and me going out, only weirder!) (Target Turn: Speaker 2: Oh y’know, I still—I can’t believe it. Joey and Rachel I mean it’s… It’s like you and me going out, only weirder!) (+1 Turn: Speaker 2: Oh y’know, I still—I can’t believe it. Joey and Rachel I mean it’s… It’s like you and me going out, only weirder!)",negative,0.8,"the speaker is expressing a mix of emotions, including shock, disbelief, and possibly even a sense of unease or discomfort. the comparison to the speaker's own relationship with the listener suggests"
conv_299,Pete Carney,Speaker 2,"(-1 Turn: Speaker 2: Ok, ok, Roger was creepy, but he was nothing compared to Pete Carney.) (Target Turn: Speaker 2: Ok, ok, Roger was creepy, but he was nothing compared to Pete Carney.) (+1 Turn: Speaker 2: Ok, ok, Roger was creepy, but he was nothing compared to Pete Carney.)",negative,0.9,"the speaker uses language of comparison, highlighting the creepiness of roger and pete carney, indicating a negative emotional attribution toward pete carney."
conv_79,Speaker 3,Dr. Bobby,"(-1 Turn: Speaker 2: Excuse me, Dr. Bobby happens to be an excellent doctor.) (Target Turn: Speaker 1: Wait a minute, his name is Dr. Bobby?) (+1 Turn: Speaker 1: Oh Drake, you are so talented, let me see those hands. Oh these hands, these beautiful hands, oh I could just eat them. . . but I won't.)",neutral,0.8,"the dialogue is task-oriented, logistical, or observational. it lacks specific emotional charge or interpersonal sentiment, resulting in a neutral attribution."
conv_176,Speaker 1,Pheebs,"(-1 Turn: Speaker 1: Yeah, umm that’s Whitney, Kyle’s ex-wife out there, now do you think that you can y’know divert her so that we can slip out?) (Target Turn: Speaker 2: You say you love this man, yet you’re about to ruin the happiest day of his life. I’m afraid I have to agree with you friend Pheebs.. This is a..this is a...terrible, terrible plan.) (+1 Turn: Speaker 2: You say you love this man, yet you’re about to ruin the happiest day of his life. I’m afraid I have to agree with you friend Pheebs.. This is a..this is a...terrible, terrible plan.)",negative,0.9,"the speaker uses language of criticism, disapproval, or negative judgment, indicating a negative emotional attribution toward the subject. the speaker also uses language of agreement with another pers"
conv_27,Speaker 1,Cousin Cassie,"(-1 Turn: Speaker 2: Hey hey! Where's the birthday girl?) (Target Turn: Speaker 1: I gotta make up the guest bedroom. Hey, Cousin Cassie is coming to stay with us a few days.) (+1 Turn: Speaker 1: I gotta make up the guest bedroom. Hey, Cousin Cassie is coming to stay with us a few days.)",neutral,0.8,"the speaker is preparing for a guest, indicating a sense of hospitality and welcoming. the tone is neutral and task-oriented, without any apparent conflict or negative emotions."
conv_169,Deliah,Speaker 1,"(-1 Turn: Speaker 2: Well, uh, why don't you ask him yourself. Joey, this is my new roommate Eddie.) (Target Turn: Speaker 1: Her name is Deliah.) (+1 Turn: Speaker 1: Her name is Deliah.)",neutral,0.8,"the dialogue is task-oriented, logistical, or observational. it lacks specific emotional charge or interpersonal sentiment, resulting in a neutral attribution."
conv_245,Tanya,Speaker 2,"(-1 Turn: Speaker 1: Hey, when did you and Susan meet Huey Lewis?) (Target Turn: Speaker 2: Uh, that's our friend Tanya.) (+1 Turn: Speaker 2: Uh, that's our friend Tanya.)",neutral,0.8,"the speaker introduces a new person, tanya, without any emotional connotation or personal connection. the interaction is neutral and lacks specific emotional charge or interpersonal sentiment."
conv_353,Jack,Sting,"(-1 Turn: Speaker 2: Hey. Okay, I gave him another chance, but Tim has got to go!) (Target Turn: Speaker 1: Well, I heard you’re having a problem with one of the boys in your class. And so I thought I would just come down here and sit you both down, have a little talk and make it all okay. Now umm, the boy’s name is Sting’s son.) (+1 Turn: Speaker 1: Well, I heard you’re having a problem with one of the boys in your class. And so I thought I would just come down here and sit you both down, have a little talk and make it all okay. Now umm, the boy’s name is Sting’s son.)",positive,0.9,"the speaker is trying to mediate a conflict and offer support, using a gentle and non-confrontational tone. this suggests a positive emotional attribution between the speaker and the subject."
conv_252,Speaker 1,Janice,"(-1 Turn: Speaker 1: Ooh, that girl that I hate, eww, drives me crazy, eww, eww, oh!) (Target Turn: Speaker 2: Look, I don't hate Janice, she's-she's just a lot to take, you know.) (+1 Turn: Speaker 2: Look, I don't hate Janice, she's-she's just a lot to take, you know.)",negative,0.9,"the speaker uses language of frustration, annoyance, or exasperation, indicating a negative emotional attribution toward the target."
conv_177,Speaker 1,Phoebe,"(-1 Turn: Speaker 1: And the winner is…Joey Tribbiani! Oh… Wow! I honestly never expected this. I uh, I didn’t prepare a speech. But umm, I’d like to thank my parents, who’ve always been there for me. I’d also like to thank my friends, Chandler, Monica, Phoebe, Rachel…) (Target Turn: Speaker 1: And the winner is…Joey Tribbiani! Oh… Wow! I honestly never expected this. I uh, I didn’t prepare a speech. But umm, I’d like to thank my parents, who’ve always been there for me. I’d also like to thank my friends, Chandler, Monica, Phoebe, Rachel…) (+1 Turn: Speaker 1: Joseph Francis Tribbiani are you home yet?!!)",positive,0.95,"the speaker uses language of gratitude, praise, and humility, indicating a positive emotional attribution toward the friends mentioned. the tone is celebratory and sincere, suggesting a strong social"
conv_944,Lilly,Speaker 2,"(-1 Turn: Speaker 1: Hmm, okay, total abandonment. Okay, reasons for abandonment, A. Top secret government work, B. Amnesia, or C. Or you're just a selfish, irresponsible bad, bad man?) (Target Turn: Speaker 2: Y'know, I don't think I want the lipstick that much. But umm… Oh, would you do me a favor? And umm, would you, would you give Lilly that, please?) (+1 Turn: Speaker 2: Y'know, I don't think I want the lipstick that much. But umm… Oh, would you do me a favor? And umm, would you, would you give Lilly that, please?)",positive,0.8,"the speaker is asking for a favor, which indicates a sense of trust and social bond between the speaker and the target. the speaker is also showing consideration for someone else (lilly), which adds t"
conv_58,Speaker 1,Aunt Syl,"(-1 Turn: Speaker 2: Yes! Yes you can, I’m looking for Jack’s parents.) (Target Turn: Speaker 1: Aunt Syl, I did this as a favor, I am not a caterer. What do you want me to do with a dozen lasagnas? Nice talk, Aunt Syl. You kiss Uncle Freddie with that mouth?) (+1 Turn: Speaker 1: Aunt Syl, I did this as a favor, I am not a caterer. What do you want me to do with a dozen lasagnas? Nice talk, Aunt Syl. You kiss Uncle Freddie with that mouth?)",negative,0.9,"the speaker uses a sarcastic tone, addressing aunt syl with a condescending remark, indicating a negative emotional attribution toward the target."
conv_197,Speaker 2,Richard,"(-1 Turn: Speaker 1: Oh, I just thought we could go out to dinner, and then maybe bring her back to my place and I'd introduce her to my monkey.) (Target Turn: Speaker 1: That is so weird! I had a dream that you'd have lunch with Richard.) (+1 Turn: Speaker 1: That is so weird! I had a dream that you'd have lunch with Richard.)",neutral,0.9,"the speaker expresses surprise and curiosity about the subject's lunch plans, indicating a neutral emotional attribution. the speaker does not express any strong emotions, such as anger, sadness, or e"
conv_968,Chandler,Monica,"(-1 Turn: Speaker 1: Yeah. Yeah, and y’know you-you deserve to win. And-and y’know I was thinking about it, if-if you’re Monica’s maid of honor that means I get to be yours.) (Target Turn: Speaker 1: Yeah! Oh, umm when-when Monica and Chandler got engaged I started putting some stuff together, y’know just in case…) (+1 Turn: Speaker 1: Yeah! Oh, umm when-when Monica and Chandler got engaged I started putting some stuff together, y’know just in case…)",positive,0.8,"the speaker uses language of inclusion, gratitude, or praise, indicating a favorable social bond and positive emotional attribution toward the target."
conv_366,Speaker 3,Hillary,"(-1 Turn: Speaker 2: Hey, how was your breakfast with Hillary?) (Target Turn: Speaker 3: Well, is this Hillary your HOT assistant chef Hillary?) (+1 Turn: Speaker 3: Well, is this Hillary your HOT assistant chef Hillary?)",positive,0.9,"the speaker uses language of flirtation, playfulness, or teasing, indicating a positive and lighthearted emotional attribution toward the target."
conv_671,Rachel,Bob Saget,"(-1 Turn: N/A) (Target Turn: Speaker 1: I guess you guys heard, Rachel dumped me.) (+1 Turn: Speaker 1: I guess you guys heard, Rachel dumped me.)",negative,0.9,"the speaker uses language of rejection, loss, or disappointment, indicating a negative emotional attribution toward the target."
conv_624,Joey,Speaker 2,"(-1 Turn: Speaker 1: Hey, how was the Met?) (Target Turn: Speaker 1: Yeah? Joey really knows his art, huh?) (+1 Turn: Speaker 1: Yeah? Joey really knows his art, huh?)",positive,0.8,"the speaker's tone is casual and conversational, indicating a friendly and relaxed atmosphere. the use of the phrase ""yeah?"" suggests a sense of agreement or confirmation, which implies a positive emo"
conv_757,Speaker 3,Sue Angle,"(-1 Turn: Speaker 2: Holy crap!) (Target Turn: Speaker 4: Phoebe, these are our friends, Tom and Sue Angle.) (+1 Turn: Speaker 4: Phoebe, these are our friends, Tom and Sue Angle.)",neutral,0.8,"the speaker introduces new individuals, tom and sue angle, without any emotional or evaluative language. this suggests a neutral or observational tone."
conv_84,Emma,Speaker 4,"(-1 Turn: Speaker 4: Uh Dad, Emma's in the nursery. I'll take you now. If you want, but I really want to talk to you.) (Target Turn: Speaker 4: Uh Dad, Emma's in the nursery. I'll take you now. If you want, but I really want to talk to you.) (+1 Turn: Speaker 4: Uh Dad, Emma's in the nursery. I'll take you now. If you want, but I really want to talk to you.)",positive,0.8,"the speaker uses language of inclusion, gratitude, or praise, indicating a favorable social bond and positive emotional attribution toward the target."
conv_135,Speaker 5,Janice,"(-1 Turn: Speaker 4: Pathetic mess? I know, but—come on, man, she's needy, she's vulnerable. I'm thinkin', cha-ching! Thanks. Look, you have not been out with a woman since Janice. You're doin' this.) (Target Turn: Speaker 4: Pathetic mess? I know, but—come on, man, she's needy, she's vulnerable. I'm thinkin', cha-ching! Thanks. Look, you have not been out with a woman since Janice. You're doin' this.) (+1 Turn: Speaker 4: Pathetic mess? I know, but—come on, man, she's needy, she's vulnerable. I'm thinkin', cha-ching! Thanks. Look, you have not been out with a woman since Janice. You're doin' this.)",negative,0.9,"the speaker uses language of self-interest, manipulation, and criticism, indicating a negative emotional attribution toward the target. the speaker is trying to persuade the target to do something, an"
conv_903,Speaker 1,Chandler,(-1 Turn: N/A) (Target Turn: Speaker 1: Have you seen Chandler?) (+1 Turn: Speaker 1: Have you seen Chandler?),neutral,0.8,"the speaker is asking about the whereabouts of chandler, indicating a neutral or casual inquiry, without any emotional charge or interpersonal sentiment."
conv_68,Mattress King,Janice,"(-1 Turn: Speaker 1: Chuck Woolery?) (Target Turn: Speaker 1: That's a good idea, 'Dear Janice have a Hubba-Bubba birthday'. I would like to get her something serious.) (+1 Turn: Speaker 1: Chuck Woolery?)",positive,0.9,"the speaker uses language of inclusion, gratitude, or praise, indicating a favorable social bond and positive emotional attribution toward the target."
conv_76,Speaker 2,Ramone,"(-1 Turn: Speaker 2: Coffee sounds great. Wait, so, so you live in Montreal?) (Target Turn: Speaker 6: Well, I get the medical award for separating the siamese twins. Then Amber and I go to Venezuela to meet our other half-brother, Ramone. And that's where I find the world's biggest emerald. It's really big but it's cursed.) (+1 Turn: Speaker 6: Well, I get the medical award for separating the siamese twins. Then Amber and I go to Venezuela to meet our other half-brother, Ramone. And that's where I find the world's biggest emerald. It's really big but it's cursed.)",neutral,0.9,"the speaker shares a personal story, highlighting their achievements and experiences. the tone is matter-of-fact, without any apparent emotional charge or interpersonal sentiment. the dialogue lacks c"
conv_892,Joseph,Karen,"(-1 Turn: Speaker 1: Yeah. Joseph and his wife, Karen, are thinking of having a third kid... Ya know what? Just did.) (Target Turn: Speaker 1: Yeah. Joseph and his wife, Karen, are thinking of having a third kid... Ya know what? Just did.) (+1 Turn: Speaker 1: Yeah. Joseph and his wife, Karen, are thinking of having a third kid... Ya know what? Just did.)",neutral,0.9,"the speaker uses a casual, conversational tone, and the language is neutral, without any emotional charge or interpersonal sentiment. the sentence is task-oriented, focusing on a specific topic (havin"
conv_813,Speaker 1,Hugsy,(-1 Turn: Speaker 2: Should I be concerned that a button fell off the old Hugsy and I can't find it?) (Target Turn: Speaker 2: Should I be concerned that a button fell off the old Hugsy and I can't find it?) (+1 Turn: Speaker 2: Should I be concerned that a button fell off the old Hugsy and I can't find it?),neutral,0.9,"the speaker is expressing concern about a lost button on a stuffed animal, which is a neutral topic. the tone is inquiring and lacks emotional charge."
conv_711,Chandler,Speaker 1,"(-1 Turn: Speaker 1: Ahh! There's gotta be a way. I mean, you know, if Monica and Chandler move out here and now Phoebe is married to Mike. That just leaves me and Ross and Rach, you know what I mean?) (Target Turn: Speaker 1: Ahh! There's gotta be a way. I mean, you know, if Monica and Chandler move out here and now Phoebe is married to Mike. That just leaves me and Ross and Rach, you know what I mean?) (+1 Turn: Speaker 1: Ahh! There's gotta be a way. I mean, you know, if Monica and Chandler move out here and now Phoebe is married to Mike. That just leaves me and Ross and Rach, you know what I mean?)",negative,0.8,"the speaker expresses a sense of loss and longing for a past social dynamic, indicating a negative emotional attribution toward the target. the speaker also uses language of exclusion, which further r"
conv_180,Monica,Ross,"(-1 Turn: Speaker 3: Hello. My name is Regina Phalange. I'm a businesswoman in town on business. Would you like to see my card? Ooh, what did I do with my file-a-facts? I must've left it in conference room B.) (Target Turn: Speaker 3: Oh, I’m Phoebe Buffay. I’m one of Ross’s best friends.) (+1 Turn: Speaker 3: Hello. My name is Regina Phalange. I'm a businesswoman in town on business. Would you like to see my card? Ooh, what did I do with my file-a-facts? I must've left it in conference room B.)",positive,0.9,"the speaker introduces themselves as phoebe buffay, indicating a casual and friendly tone. the speaker also mentions being one of ross's best friends, which implies a strong social bond."
conv_39,Speaker 3,Knicks,"(-1 Turn: Speaker 2: You know what, I’m gonna do that, I’m gonna call him up, and I’m gonna ask him out. I can do that. Ask him out. How you doin’? Hi! Joshua? It’s Rachel Green from Bloomingdale’s. Yeah, umm, I was wondering if you umm, if you umm, left your wallet at the store today? Well, we found a wallet, and we—the license? Well, that is a good idea! Uh, well, let’s see here this says this license belongs to a uh, uh, belongs to a mister uh, Pheebs, and umm, yeah, so sorry to bother you at home. I’ll see you tomorrow. Bye. You’ve done that a thousand times?) (Target Turn: Speaker 3: Well, you gotta give him something that he can’t say no too. Like uh, Knicks tickets! Invite the guy to a Knicks game, you’re guaranteed he’ll say yes!) (+1 Turn: Speaker 3: Well, you gotta give him something that he can’t say no too. Like uh, Knicks tickets! Invite the guy to a Knicks game, you’re guaranteed he’ll say yes!)",positive,0.9,"the speaker is suggesting a gift that is likely to be accepted, indicating a positive and friendly tone. the use of a specific example (knicks tickets) adds to the positive connotation."
conv_813,Speaker 2,Cotton,"(-1 Turn: Speaker 2: Oh you know what? When I was a little girl I had a little pink pony named Cotton. Oh I loved her so much, I took her everywhere, I would braid her tail...) (Target Turn: Speaker 2: Oh you know what? When I was a little girl I had a little pink pony named Cotton. Oh I loved her so much, I took her everywhere, I would braid her tail...) (+1 Turn: Speaker 2: Oh you know what? When I was a little girl I had a little pink pony named Cotton. Oh I loved her so much, I took her everywhere, I would braid her tail...)",positive,0.95,"the speaker uses language of nostalgia, affection, and fondness, indicating a strong positive emotional attribution toward the object (cotton, the pony). the speaker's tone is warm, intimate, and sent"
conv_3,Mike,Phoebe,"(-1 Turn: Speaker 1: I just finished getting Phoebe all dressed to meet Mike's parents. She's so nervous, it's so sweet!) (Target Turn: Speaker 1: I just finished getting Phoebe all dressed to meet Mike's parents. She's so nervous, it's so sweet!) (+1 Turn: Speaker 1: I just finished getting Phoebe all dressed to meet Mike's parents. She's so nervous, it's so sweet!)",positive,0.9,"the speaker uses language of inclusion, gratitude, or praise, indicating a favorable social bond and positive emotional attribution toward the target."
conv_418,Speaker 1,Aunt Silvia,"(-1 Turn: Speaker 1: Monica, uh Dad called this morning and ah, Aunt Silvia passed away.) (Target Turn: Speaker 1: Well ah, Aunt Silvia was, well not a nice person.) (+1 Turn: Speaker 1: Well ah, Aunt Silvia was, well not a nice person.)",negative,0.8,"the speaker uses a tone of disappointment, regret, or sadness, indicating a negative emotional attribution toward the target."
conv_353,Tim,Speaker 2,"(-1 Turn: Speaker 3: Well, I’m from California.) (Target Turn: Speaker 1: He is sweet. He’s too sweet. He calls me all the time. ""So did-did you get home from work okay?"" ""Did-did you get out of the shower okay?"") (+1 Turn: Speaker 1: He is sweet. He’s too sweet. He calls me all the time. ""So did-did you get home from work okay?"" ""Did-did you get out of the shower okay?"")",negative,0.9,"the speaker uses language of excessive concern, over-attentiveness, or possessiveness, indicating a negative emotional attribution toward the target."
conv_638,Ross,Speaker 2,"(-1 Turn: Speaker 3: Well let's see. Maybe he knows where Ross is. Hey, how's it going.) (Target Turn: Speaker 3: Well let's see. Maybe he knows where Ross is. Hey, how's it going.) (+1 Turn: Speaker 3: Well let's see. Maybe he knows where Ross is. Hey, how's it going.)",neutral,0.8,"the speaker is asking for information about ross, indicating a neutral or task-oriented interaction. the tone is casual and lacks emotional charge."
conv_86,Speaker 1,Mark,"(-1 Turn: Speaker 2: Hmmm. Oh, no, no, I just thinking about something funny I heard today. Umm, Mark, Mark saying ‘I’ll see you Saturday.’) (Target Turn: Speaker 2: Hmmm. Oh, no, no, I just thinking about something funny I heard today. Umm, Mark, Mark saying ‘I’ll see you Saturday.’) (+1 Turn: Speaker 2: Hmmm. Oh, no, no, I just thinking about something funny I heard today. Umm, Mark, Mark saying ‘I’ll see you Saturday.’)",positive,0.8,"the speaker uses a casual tone and a humorous anecdote, indicating a friendly and lighthearted interaction. the speaker also addresses mark by name, suggesting a familiar and positive relationship."
conv_318,Speaker 1,Charlie,"(-1 Turn: Speaker 3: Hey Mon!) (Target Turn: Speaker 1: Oh, c'mon, I mean, there's you, then there's Charlie, and it's like... What the hell is my problem? OH!) (+1 Turn: Speaker 1: Oh, c'mon, I mean, there's you, then there's Charlie, and it's like... What the hell is my problem? OH!)",negative,0.8,"the speaker uses language of frustration, confusion, or self-doubt, indicating a negative emotional attribution toward themselves. the speaker is questioning their own problem, which suggests a sense"
conv_384,Ross,Speaker 1,"(-1 Turn: Speaker 1: I mean, you know... Ross and I haven't dated in like... six years...) (Target Turn: Speaker 1: I mean, you know... Ross and I haven't dated in like... six years...) (+1 Turn: Speaker 1: I mean, you know... Ross and I haven't dated in like... six years...)",positive,0.8,"the speaker is reminiscing about a past relationship, using a casual tone and a hint of nostalgia. this suggests a positive emotional attribution toward the target, ross."
conv_915,Chandler,Speaker 1,"(-1 Turn: Speaker 1: Well, Chandler's my oldest friend, but Joey's my NO! Ah!) (Target Turn: Speaker 1: Well, Chandler's my oldest friend, but Joey's my NO! Ah!) (+1 Turn: Speaker 1: Well, Chandler's my oldest friend, but Joey's my NO! Ah!)",negative,0.9,"the speaker uses language of exclusion, negation, or criticism, indicating an unfavorable social bond and negative emotional attribution toward the target."
conv_276,Speaker 5,Kip,"(-1 Turn: Speaker 3: Okay, Ross is in the bathroom.) (Target Turn: Speaker 1: Oh my God, its happening. It's already started. I'm Kip.) (+1 Turn: Speaker 1: Oh my God, its happening. It's already started. I'm Kip.)",positive,0.9,"the speaker uses language of surprise, excitement, and self-introduction, indicating a positive emotional attribution toward the target."
conv_880,Speaker 1,Marjorie,(-1 Turn: Speaker 2: What harpist? My friend Marjorie is playing the steel drums.) (Target Turn: Speaker 2: What harpist? My friend Marjorie is playing the steel drums.) (+1 Turn: Speaker 2: What harpist? My friend Marjorie is playing the steel drums.),neutral,0.8,"the speaker mentions a friend, marjorie, and her activity, playing steel drums, which indicates a positive social bond and a neutral emotional attribution toward the target."
conv_979,Monica Geller,Speaker 2,"(-1 Turn: Speaker 2: Chip! Hi, it’s Rachel. Rachel Green. Yeah, umm, you left me a message. Yes you did, my roommate wrote it down. Monica Geller. Ohh.) (Target Turn: Speaker 2: Chip! Hi, it’s Rachel. Rachel Green. Yeah, umm, you left me a message. Yes you did, my roommate wrote it down. Monica Geller. Ohh.) (+1 Turn: Speaker 2: Chip! Hi, it’s Rachel. Rachel Green. Yeah, umm, you left me a message. Yes you did, my roommate wrote it down. Monica Geller. Ohh.)",positive,0.9,"the speaker uses language of familiarity, recognition, and casual tone, indicating a friendly and positive social bond with the target. the speaker also uses the target's name, which suggests a level"
conv_417,Heathcliff,Cathy,"(-1 Turn: Speaker 3: How would you characterize the theme of this book, uh let's see here, Rachel Green?) (Target Turn: Speaker 1: Oh-oh-oh, symbolism! And uh, the-the uh, wildness of the mores, which I think is-is mirrored in the wildness of Heathcliff's character.) (+1 Turn: Speaker 1: Oh-oh-oh, symbolism! And uh, the-the uh, wildness of the mores, which I think is-is mirrored in the wildness of Heathcliff's character.)",neutral,0.8,"the speaker uses literary analysis and references to a novel, indicating a neutral or intellectual tone. the sentence lacks specific emotional charge or interpersonal sentiment, resulting in a neutral"
conv_311,Speaker 3,Purple Rain,(-1 Turn: Speaker 2: You like the Purple Rain display! Hey Bob.) (Target Turn: Speaker 2: You like the Purple Rain display! Hey Bob.) (+1 Turn: Speaker 2: You like the Purple Rain display! Hey Bob.),positive,0.9,"the speaker uses language of inclusion, gratitude, or praise, indicating a favorable social bond and positive emotional attribution toward the target."
conv_944,Francis,Lilly,"(-1 Turn: Speaker 1: Okay. I have just a few questions to ask so I'm going to get out my official forms. Okay, so, question 1) You and uh, you were married to Francis' daughter Lilly, is that correct?) (Target Turn: Speaker 1: Okay. I have just a few questions to ask so I'm going to get out my official forms. Okay, so, question 1) You and uh, you were married to Francis' daughter Lilly, is that correct?) (+1 Turn: Speaker 1: Okay. I have just a few questions to ask so I'm going to get out my official forms. Okay, so, question 1) You and uh, you were married to Francis' daughter Lilly, is that correct?)",neutral,0.8,"the speaker is asking questions in a formal setting, which indicates a neutral or professional tone. the speaker is not expressing any strong emotions or opinions, and the language used is objective."
conv_219,Speaker 2,Aunt Marilyn,"(-1 Turn: Speaker 2: Fine, she can stay at my place. By the way, what-what does Cassie even look like now.) (Target Turn: Speaker 1: She looks exactly like Aunt Marilyn.) (+1 Turn: Speaker 1: She looks exactly like Aunt Marilyn.)",neutral,0.8,"the speaker uses language of comparison, indicating a neutral emotional attribution toward the target."
conv_341,Speaker 5,Steve,"(-1 Turn: Speaker 2: I dunno. Y’know to me he’ll always be “Jack Geller, walks in while you’re changing.”) (Target Turn: Speaker 1: No. Not after what happened with Steve.) (+1 Turn: Speaker 1: No. Not after what happened with Steve.)",negative,0.9,"the speaker's response is a clear rejection, indicating a negative emotional attribution toward the target. the mention of a past event (""what happened with steve"") adds context to the rejection, impl"
conv_615,Phoebe,Speaker 1,"(-1 Turn: Speaker 2: What's up? Is Phoebe OK?) (Target Turn: Speaker 1: Oh no, yeah, no, Phoebe is great, but umm... I'm an idiot. Look, right before you guys went out, I accidentally got her all upset.) (+1 Turn: Speaker 1: Oh no, yeah, no, Phoebe is great, but umm... I'm an idiot. Look, right before you guys went out, I accidentally got her all upset.)",negative,0.7,"the speaker uses language of self-deprecation, apology, or regret, indicating a negative emotional attribution toward themselves. the speaker also expresses concern for the well-being of the target, p"
conv_915,Speaker 1,Chandler,"(-1 Turn: Speaker 2: Well Really? I thought Chandler was your best friend.) (Target Turn: Speaker 1: Well, Chandler's my oldest friend, but Joey's my NO! Ah!) (+1 Turn: Speaker 1: Well, Chandler's my oldest friend, but Joey's my NO! Ah!)",negative,0.9,"the speaker uses language of exclusion, rejection, or hostility, indicating a negative emotional attribution toward the target."
conv_279,Speaker 1,Frank,"(-1 Turn: Speaker 1: Or instead, maybe you could just not marry my brother Frank.) (Target Turn: Speaker 1: Or instead, maybe you could just not marry my brother Frank.) (+1 Turn: Speaker 1: Or instead, maybe you could just not marry my brother Frank.)",negative,0.9,"the speaker's request is a direct and blunt statement, indicating a strong emotional attachment to the subject (frank) and a negative emotional attribution towards the object (marrying frank). the spe"
conv_316,Lizzie,Speaker 1,"(-1 Turn: Speaker 1: Yes, you got something from the Screen Actor’s Guild.) (Target Turn: Speaker 1: Yeah. But then I changed my mind. I’m funny like that. So I told Lizzie, now I’m telling you, I don’t want you seeing my daughter anymore.) (+1 Turn: Speaker 1: Yes, you got something from the Screen Actor’s Guild.)",negative,0.9,"the speaker uses language of rejection, exclusion, or hostile intent, indicating a negative emotional attribution toward the target."
conv_152,Speaker 2,Victor,(-1 Turn: Speaker 2: What about my friend Victor?) (Target Turn: Speaker 2: What about my friend Victor?) (+1 Turn: Speaker 2: What's up Joe?),neutral,0.8,"the speaker is asking about a friend, indicating a positive social bond and a neutral emotional attribution toward the target."
conv_73,Rachel,Ross,"(-1 Turn: Speaker 1: For God sakes, it’s Rachel!) (Target Turn: Speaker 1: For God sakes, it’s Rachel!) (+1 Turn: Speaker 1: For God sakes, it’s Rachel!)",negative,0.9,"the speaker uses a strong expletive, indicating frustration, anger, or annoyance, which is a negative emotional attribution."
conv_418,Speaker 3,Aunt Silvia,"(-1 Turn: Speaker 1: Monica, uh Dad called this morning and ah, Aunt Silvia passed away.) (Target Turn: Speaker 1: Monica, uh Dad called this morning and ah, Aunt Silvia passed away.) (+1 Turn: Speaker 1: Monica, uh Dad called this morning and ah, Aunt Silvia passed away.)",neutral,0.8,"the speaker is sharing news about a family member's passing, which is a sensitive and potentially emotional topic. the tone is neutral, as the speaker is simply conveying information."
conv_585,Speaker 1,Gandolf,"(-1 Turn: Speaker 1: Look you don’t understand, Gandolf is amazing. Y’know you’re never know what’s gonna end up happening, you go out for a couple of beers and end up on a fishing boat to Nova Scotia!) (Target Turn: Speaker 1: Look you don’t understand, Gandolf is amazing. Y’know you’re never know what’s gonna end up happening, you go out for a couple of beers and end up on a fishing boat to Nova Scotia!) (+1 Turn: Speaker 1: Look you don’t understand, Gandolf is amazing. Y’know you’re never know what’s gonna end up happening, you go out for a couple of beers and end up on a fishing boat to Nova Scotia!)",positive,0.95,"the speaker uses language of admiration, praise, and enthusiasm, indicating a strong positive emotional attribution toward the subject gandolf. the use of superlatives (""amazing"") and the tone of exci"
conv_180,Ross,Monica,"(-1 Turn: Speaker 3: Oh, I’m Phoebe Buffay. I’m one of Ross’s best friends.) (Target Turn: Speaker 3: Oh, I’m Phoebe Buffay. I’m one of Ross’s best friends.) (+1 Turn: Speaker 3: Hello. My name is Regina Phalange. I'm a businesswoman in town on business. Would you like to see my card? Ooh, what did I do with my file-a-facts? I must've left it in conference room B.)",positive,0.9,"the speaker introduces themselves as phoebe buffay, one of ross's best friends, indicating a positive social bond and a friendly tone."
conv_866,Mona,Speaker 1,"(-1 Turn: Speaker 2: Oh hey! Hey Ross! Hey how’s it, how’s it going with you and Mona? Are you guys still together?) (Target Turn: Speaker 2: Oh hey! Hey Ross! Hey how’s it, how’s it going with you and Mona? Are you guys still together?) (+1 Turn: Speaker 2: Oh hey! Hey Ross! Hey how’s it, how’s it going with you and Mona? Are you guys still together?)",positive,0.9,"the speaker uses language of inclusion, greeting, and inquiry, indicating a friendly and positive tone. the speaker is asking about the relationship status of ross and mona, which suggests a genuine i"
conv_494,Frannie,Speaker 2,"(-1 Turn: Speaker 2: I’m Monica Geller. Who do you know the bride and groom?) (Target Turn: Speaker 3: Oh, I used to work with Frannie.) (+1 Turn: Speaker 3: Oh, I used to work with Frannie.)",positive,0.8,"the speaker mentions a shared experience or connection with the target, indicating a positive social bond and positive emotional attribution."
conv_506,Speaker 1,Rachel,"(-1 Turn: Speaker 1: So I asked Emily if she would come to New York, and she said yes.) (Target Turn: Speaker 1: No-no-no! Only if I promise never to see Rachel again.) (+1 Turn: Speaker 1: No-no-no! Only if I promise never to see Rachel again.)",negative,0.9,"the speaker is expressing strong emotional resistance to the idea of seeing rachel again, indicating a negative emotional attribution. the use of ""no-no-no"" and the condition ""never to see rachel agai"
conv_276,Kip,Speaker 3,"(-1 Turn: Speaker 2: Hey, you're not Kip!) (Target Turn: Speaker 2: Hey, you're not Kip!) (+1 Turn: Speaker 2: Hey, you're not Kip!)",positive,0.9,"the speaker uses a familiar and informal greeting (""hey""), which suggests a friendly and casual tone. the use of the name ""kip"" implies a personal connection or familiarity between the speaker and the"
conv_605,Rachel,Ross,(-1 Turn: N/A) (Target Turn: Speaker 3: Ross and Rachel left us a message saying they were getting married! Isn’t that why you guys are here?) (+1 Turn: Speaker 3: Ross and Rachel left us a message saying they were getting married! Isn’t that why you guys are here?),neutral,0.9,"the speaker is sharing a piece of news about ross and rachel, which is a significant event in their lives. the tone is neutral, as it's a factual statement. the speaker is not expressing any strong em"
conv_287,Speaker 2,Richard,"(-1 Turn: Speaker 3: Yeah, I'm an actor.) (Target Turn: Speaker 1: All right. No, no, no, not a Richard thing, just put down the glass. And get out!) (+1 Turn: Speaker 3: Yeah, I'm an actor.)",negative,0.8,"the speaker uses a commanding tone, with a focus on the object (the glass) and the action (putting it down), indicating a sense of authority and control. the phrase ""get out"" also implies a sense of d"
conv_245,Tanya,Speaker 2,"(-1 Turn: Speaker 2: Uh, that's our friend Tanya.) (Target Turn: Speaker 1: Of course it's your friend Tanya.) (+1 Turn: Speaker 1: Of course it's your friend Tanya.)",positive,0.9,"the speaker is referring to a friend, which implies a positive social bond and a positive emotional attribution toward the target."
conv_675,Speaker 3,Velveteen Rabbit,(-1 Turn: Speaker 2: What?! I thought he’d love it! His favorite kid's book was the Velveteen Rabbit!) (Target Turn: Speaker 2: What?! I thought he’d love it! His favorite kid's book was the Velveteen Rabbit!) (+1 Turn: Speaker 2: What?! I thought he’d love it! His favorite kid's book was the Velveteen Rabbit!),negative,0.8,"the speaker expresses surprise and disappointment, indicating a negative emotional attribution toward the target. the use of the word ""what?!"" and the phrase ""i thought he'd love it"" convey a sense of"
conv_237,Chandler,Speaker 2,"(-1 Turn: Speaker 2: I can’t answer that! Chandler’s my husband.) (Target Turn: Speaker 2: I can’t answer that! Chandler’s my husband.) (+1 Turn: Speaker 1: Yeah, we could. Oh hey look! There’s some Kappa Kappa Deltas! I was a Kappa. Hey sisters! Wow, we really are bitches.)",negative,0.9,"the speaker uses language of rejection, denial, or avoidance, indicating a negative emotional attribution toward the target."
conv_120,Janice,Speaker 1,(-1 Turn: Speaker 3: What's the big deal? Why don't you wanna see Janice?) (Target Turn: Speaker 3: What's the big deal? Why don't you wanna see Janice?) (+1 Turn: Speaker 3: What's the big deal? Why don't you wanna see Janice?),neutral,0.8,"the speaker's tone is casual and non-confrontational, indicating a neutral emotional attribution. the speaker is asking a question, which is a neutral action. the mention of janice does not provide en"
conv_152,Chandler,Monica,"(-1 Turn: Speaker 1: Uh, hey, Rach let me ask you something. Uh, I was just over there talking to Monica and Chandler, boy they are really tight.) (Target Turn: Speaker 1: Uh, hey, Rach let me ask you something. Uh, I was just over there talking to Monica and Chandler, boy they are really tight.) (+1 Turn: Speaker 1: Uh, hey, Rach let me ask you something. Uh, I was just over there talking to Monica and Chandler, boy they are really tight.)",neutral,0.8,"the speaker uses language of casual inquiry, indicating a neutral social bond and no specific emotional attribution toward the target."
conv_295,Phoebe,Pottery Barn,"(-1 Turn: Speaker 2: What? No! No! I am not gonna hide it from Phoebe—Ooh, although I did get some great Pottery Barn sheets!) (Target Turn: Speaker 2: Uh, yeah! I still can’t believe she hates Pottery Barn!) (+1 Turn: Speaker 2: Uh, yeah! I still can’t believe she hates Pottery Barn!)",negative,0.8,"the speaker expresses surprise and disbelief, indicating a negative emotional attribution toward the subject (pottery barn)."
conv_164,Speaker 2,Gary,"(-1 Turn: Speaker 1: That's a good plan, Joe. Next time we wanna pick up women, we should just go to the park and make out. Taxi, taxi!) (Target Turn: Speaker 3: Phoebe! It's 6 o'clock in the morning! Why aren't you at Gary's?) (+1 Turn: Speaker 3: Phoebe! It's 6 o'clock in the morning! Why aren't you at Gary's?)",negative,0.8,"the speaker is addressing phoebe, using a wake-up call, indicating a sense of urgency and possibly annoyance. this suggests a negative emotional attribution."
conv_326,Sting,Speaker 2,"(-1 Turn: Speaker 1: Mrs. Bing, this tile cleaner is incredible! Where’d you get it?) (Target Turn: Speaker 1: You’re gonna love me so much. I got Sting tickets!!) (+1 Turn: Speaker 1: You’re gonna love me so much. I got Sting tickets!!)",positive,0.9,"the speaker uses language of excitement, enthusiasm, and anticipation, indicating a positive emotional attribution toward the target."
conv_116,Chandler,Monica,"(-1 Turn: Speaker 1: So, Ross and Rachel got married, Monica and Chandler almost got married, do you think you and I should hook up?) (Target Turn: Speaker 2: Okay umm, well, first Chandler and Monica will get married and be filthy rich by the way. Yeah. But it won’t work out.) (+1 Turn: Speaker 2: Okay umm, well, first Chandler and Monica will get married and be filthy rich by the way. Yeah. But it won’t work out.)",neutral,0.9,"the speaker is discussing a hypothetical scenario, mentioning the marriage and potential wealth of chandler and monica. the tone is casual and matter-of-fact, without any apparent emotional charge or"
conv_170,Jack,Speaker 6,"(-1 Turn: Speaker 7: Yeah, we named the boy Jack after dad.) (Target Turn: Speaker 7: Yeah, we named the boy Jack after dad.) (+1 Turn: Speaker 7: Yeah, we named the boy Jack after dad.)",positive,0.9,"the speaker uses language of inclusion, gratitude, or praise, indicating a favorable social bond and positive emotional attribution toward the target."
conv_312,Carol,Susan,"(-1 Turn: Speaker 1: Look, this is just a little too familiar, okay? For like, for like six months before Carol and I spilt up, all I heard was: ""My friend Susan is so smart. My friend Susan is so funny. My friend Susan is so great."") (Target Turn: Speaker 1: Look, this is just a little too familiar, okay? For like, for like six months before Carol and I spilt up, all I heard was: ""My friend Susan is so smart. My friend Susan is so funny. My friend Susan is so great."") (+1 Turn: Speaker 1: Look, this is just a little too familiar, okay? For like, for like six months before Carol and I spilt up, all I heard was: ""My friend Susan is so smart. My friend Susan is so funny. My friend Susan is so great."")",negative,0.9,"the speaker uses language of criticism, disapproval, or rejection, indicating an unfavorable social bond and negative emotional attribution toward the target."
conv_615,Speaker 2,Phoebe,(-1 Turn: Speaker 2: Hey wait wait wait wait! Is that true what you said? Phoebe's never had a serious relationship?) (Target Turn: Speaker 2: Hey wait wait wait wait! Is that true what you said? Phoebe's never had a serious relationship?) (+1 Turn: Speaker 2: Hey wait wait wait wait! Is that true what you said? Phoebe's never had a serious relationship?),neutral,0.8,"the speaker uses a questioning tone, indicating a desire for clarification or confirmation, which suggests a neutral emotional attribution. additionally, the topic of phoebe's relationships is a neutr"
conv_219,Cassie,Speaker 1,(-1 Turn: Speaker 1: Cassie needs to stay at your place.) (Target Turn: Speaker 1: Cassie needs to stay at your place.) (+1 Turn: Speaker 1: Cassie needs to stay at your place.),neutral,0.8,"the speaker is addressing cassie, indicating a personal or intimate relationship. the request to stay at someone's place implies a level of trust and familiarity. the tone is neutral, without any expl"
conv_198,Chandler,Janice,(-1 Turn: Speaker 5: Their not breaking up. Chandler and Janice. Their not breaking up. He didn't blink or anything.) (Target Turn: Speaker 5: Their not breaking up. Chandler and Janice. Their not breaking up. He didn't blink or anything.) (+1 Turn: Speaker 5: Their not breaking up. Chandler and Janice. Their not breaking up. He didn't blink or anything.),neutral,0.8,"the speaker's tone is calm and matter-of-fact, indicating a lack of emotional charge. the use of the phrase ""he didn't blink or anything"" suggests a sense of normalcy or routine, further supporting a"
conv_871,Speaker 1,Mrs. Potter,"(-1 Turn: Speaker 1: Oh no, it is forbidden! No-no, Mrs. Potter fires people for fooling around with clients. And it’s against my oath as a masseuse.) (Target Turn: Speaker 1: Oh no, it is forbidden! No-no, Mrs. Potter fires people for fooling around with clients. And it’s against my oath as a masseuse.) (+1 Turn: Speaker 1: Oh no, it is forbidden! No-no, Mrs. Potter fires people for fooling around with clients. And it’s against my oath as a masseuse.)",negative,0.8,"the speaker expresses shock, surprise, and concern about the situation, indicating a negative emotional attribution toward the subject (mrs. potter). the speaker also mentions their oath as a masseuse"
conv_42,Speaker 1,Queen Rachel,"(-1 Turn: Speaker 2: I said it was typical. Typical of you, Rachel Green, Queen Rachel does whatever she wants in little Rachel land.) (Target Turn: Speaker 2: I said it was typical. Typical of you, Rachel Green, Queen Rachel does whatever she wants in little Rachel land.) (+1 Turn: Speaker 2: Uh, I’m a little embarrassed about calling you a hottie on my evaluation…)",negative,0.9,"the speaker uses language of criticism, blame, or ridicule, indicating an unfavorable social bond and negative emotional attribution toward the target."
conv_245,Kip,Speaker 1,"(-1 Turn: Speaker 2: Aw, I know all about Kip!) (Target Turn: Speaker 2: Aw, I know all about Kip!) (+1 Turn: Speaker 2: Aw, I know all about Kip!)",positive,0.9,"the speaker uses language of affection, fondness, or nostalgia, indicating a positive emotional attribution toward the subject."
conv_223,Laurie Schaffer,Speaker 2,"(-1 Turn: Speaker 2: Now, I know things've been weird lately, but you're like my oldest friend in the world... Except for maybe Laurie Schaffer, who I don't talk to anywhere, 'cause she's all bitter now that she lost the weight and it turns out she doesn't have a pretty face. ....Okay, I'm just gonna ask you this once, and I want a straight answer.) (Target Turn: Speaker 2: Now, I know things've been weird lately, but you're like my oldest friend in the world... Except for maybe Laurie Schaffer, who I don't talk to anywhere, 'cause she's all bitter now that she lost the weight and it turns out she doesn't have a pretty face. ....Okay, I'm just gonna ask you this once, and I want a straight answer.) (+1 Turn: Speaker 2: Oh my God Pheebs! You’re gonna have a baby?)",positive,0.9,"the speaker uses language of affection, nostalgia, and shared experience, indicating a strong social bond and positive emotional attribution toward the target. the tone is also somewhat playful and li"
conv_645,Emma,Jill,(-1 Turn: Speaker 1: Uh..... its Emma.) (Target Turn: Speaker 1: Uh..... its Emma.) (+1 Turn: Speaker 1: Uh..... its Emma.),neutral,0.9,"the speaker is referring to a person, emma, without any emotional connotation or social bond. the sentence lacks specific emotional charge or interpersonal sentiment."
conv_25,Ursula,Pheebs,"(-1 Turn: Speaker 3: Rift’s. Yeah, I know.) (Target Turn: Speaker 6: Um, Pheebs, so, you guys just don’t get along?) (+1 Turn: Speaker 6: Um, Pheebs, so, you guys just don’t get along?)",neutral,0.8,"the speaker uses a casual, informal tone and a nickname (""pheebs"") to address the target, indicating a familiar and friendly relationship. the speaker also asks a question about the target's relations"
conv_223,Speaker 2,Barry,"(-1 Turn: Speaker 2: Oh no, it isn't! No! I think Barry is seeing someone in the city.) (Target Turn: Speaker 2: Okay, okay... when Barry was engaged to you, he and I...kind of... had a little thing on the side.) (+1 Turn: Speaker 2: Okay, okay... when Barry was engaged to you, he and I...kind of... had a little thing on the side.)",negative,0.9,"the speaker uses language of secrecy, guilt, or shame, indicating a negative emotional attribution toward the target. the speaker also implies a betrayal of trust, which further reinforces the negativ"
conv_757,Speaker 4,Sue Angle,"(-1 Turn: Speaker 2: Holy crap!) (Target Turn: Speaker 4: Phoebe, these are our friends, Tom and Sue Angle.) (+1 Turn: Speaker 4: Phoebe, these are our friends, Tom and Sue Angle.)",neutral,0.9,"the speaker introduces new individuals, tom and sue angle, without any emotional or evaluative language. the tone is neutral and observational."
conv_256,Chandler,Speaker 2,(-1 Turn: Speaker 2: Man in the black dress… Hi! I’m Rachel! I’m a friend of Monica and Chandler’s!) (Target Turn: Speaker 2: Man in the black dress… Hi! I’m Rachel! I’m a friend of Monica and Chandler’s!) (+1 Turn: Speaker 2: Man in the black dress… Hi! I’m Rachel! I’m a friend of Monica and Chandler’s!),positive,0.9,"the speaker uses language of introduction, friendliness, and inclusivity, indicating a positive social bond and emotional attribution toward the target."
conv_135,Phoebe,Speaker 1,"(-1 Turn: Speaker 1: Dude, it's Chandler. Let me in.) (Target Turn: Speaker 2: Well, I heard that you thinking about asking Phoebe to move in with you and I thought maybe, we should have a talk. Man to uh, me.) (+1 Turn: Speaker 2: Well, I heard that you thinking about asking Phoebe to move in with you and I thought maybe, we should have a talk. Man to uh, me.)",positive,0.9,"the speaker uses language of concern, empathy, or understanding, indicating a positive social bond and positive emotional attribution toward the target. the speaker is showing interest in the subject'"
conv_303,Speaker 2,David,(-1 Turn: Speaker 1: The comedian? USO?!) (Target Turn: Speaker 2: Or! I should rush through dinner with Joey and I can meet David at 9:00!) (+1 Turn: Speaker 1: The comedian? USO?!),neutral,0.8,"the speaker is planning to meet someone named david at 9:00 pm, indicating a neutral or task-oriented interaction. the mention of joey and dinner suggests a social context, but the tone is not explici"
conv_702,Bethel,Speaker 1,(-1 Turn: Speaker 1: 'That' would be Marcel. You wanna say hi?) (Target Turn: Speaker 1: My friend Bethel rescued him from some lab.) (+1 Turn: Speaker 1: My friend Bethel rescued him from some lab.),positive,0.9,"the speaker uses language of gratitude or praise, indicating a favorable social bond and positive emotional attribution toward the target."
conv_81,Speaker 2,Tim,"(-1 Turn: Speaker 2: Look, look at your man, Ewing. Nice shot. You know what, he couldn't hit water if he was standing on a boat.) (Target Turn: Speaker 1: Well maybe he was just nervous, y’know you can be very intimidating. And besides I’ve met your pastry chef and she can stand to be taken down a peg or two.) (+1 Turn: Speaker 1: Well maybe he was just nervous, y’know you can be very intimidating. And besides I’ve met your pastry chef and she can stand to be taken down a peg or two.)",positive,0.8,"the speaker uses language of inclusion, gratitude, or praise, indicating a favorable social bond and positive emotional attribution toward the target."
conv_844,Tim Robbins,Susan Sarandon,"(-1 Turn: Speaker 4: Chandler, look they’re actors. They’re there to do a job, just ‘cause they work together, doesn’t mean they’re gonna get together. I mean just ‘cause it happened with Susan Sarandon and Tim Robbins, it doesn’t mean it’s gonna happen with them.) (Target Turn: Speaker 4: Chandler, look they’re actors. They’re there to do a job, just ‘cause they work together, doesn’t mean they’re gonna get together. I mean just ‘cause it happened with Susan Sarandon and Tim Robbins, it doesn’t mean it’s gonna happen with them.) (+1 Turn: Speaker 4: Chandler, look they’re actors. They’re there to do a job, just ‘cause they work together, doesn’t mean they’re gonna get together. I mean just ‘cause it happened with Susan Sarandon and Tim Robbins, it doesn’t mean it’s gonna happen with them.)",neutral,0.9,"the speaker is discussing the possibility of a romantic relationship between two actors, using a hypothetical example of a famous couple. the tone is neutral and observational, without any emotional c"
conv_42,Speaker 1,Rachel Green,"(-1 Turn: Speaker 2: Uh, I’m a little embarrassed about calling you a hottie on my evaluation…) (Target Turn: Speaker 2: I said it was typical. Typical of you, Rachel Green, Queen Rachel does whatever she wants in little Rachel land.) (+1 Turn: Speaker 2: I said it was typical. Typical of you, Rachel Green, Queen Rachel does whatever she wants in little Rachel land.)",negative,0.9,"the speaker uses language of social rejection, criticism, or condescension, indicating a negative emotional attribution toward the target."
conv_177,Chandler,Speaker 1,"(-1 Turn: Speaker 1: And the winner is…Joey Tribbiani! Oh… Wow! I honestly never expected this. I uh, I didn’t prepare a speech. But umm, I’d like to thank my parents, who’ve always been there for me. I’d also like to thank my friends, Chandler, Monica, Phoebe, Rachel…) (Target Turn: Speaker 1: And the winner is…Joey Tribbiani! Oh… Wow! I honestly never expected this. I uh, I didn’t prepare a speech. But umm, I’d like to thank my parents, who’ve always been there for me. I’d also like to thank my friends, Chandler, Monica, Phoebe, Rachel…) (+1 Turn: Speaker 1: And the winner is…Joey Tribbiani! Oh… Wow! I honestly never expected this. I uh, I didn’t prepare a speech. But umm, I’d like to thank my parents, who’ve always been there for me. I’d also like to thank my friends, Chandler, Monica, Phoebe, Rachel…)",positive,0.95,"the speaker uses language of gratitude, praise, and humility, indicating a positive emotional attribution toward the friends mentioned. the tone is celebratory and sincere, suggesting a strong social"
conv_180,Emily,Ross,"(-1 Turn: Speaker 1: I’d like to toast, Ross and Emily. Of course, my big toast will be tomorrow at the wedding, so this is kind of my little toast or Melba toast, if you will.Okay. I known Ross for a long time. In fact, I knew him when he was going out with his first girlfriend. And I thought things were going to work out for him..Until the day he over inflated her. Ohh, Dear God..) (Target Turn: Speaker 1: I’d like to toast, Ross and Emily. Of course, my big toast will be tomorrow at the wedding, so this is kind of my little toast or Melba toast, if you will.Okay. I known Ross for a long time. In fact, I knew him when he was going out with his first girlfriend. And I thought things were going to work out for him..Until the day he over inflated her. Ohh, Dear God..) (+1 Turn: Speaker 1: I’d like to toast, Ross and Emily. Of course, my big toast will be tomorrow at the wedding, so this is kind of my little toast or Melba toast, if you will.Okay. I known Ross for a long time. In fact, I knew him when he was going out with his first girlfriend. And I thought things were going to work out for him..Until the day he over inflated her. Ohh, Dear God..)",positive,0.9,"the speaker uses a humorous tone and makes a lighthearted joke about ross's past relationship, indicating a positive emotional attribution toward ross. the speaker also uses a playful and affectionate"
conv_155,Speaker 1,Emily,(-1 Turn: Speaker 2: We all hate Emily!) (Target Turn: Speaker 2: We all hate Emily!) (+1 Turn: Speaker 2: We all hate Emily!),negative,0.9,"the interaction contains elements of social rejection or hostile intent, establishing a negative emotional attribution between the parties."
conv_319,Eric Prower,Speaker 3,"(-1 Turn: Speaker 3: Joey?) (Target Turn: Speaker 3: Yeah, Ross can't go so it's between my friend Eric Prower who has breath issues and Dan with the poking. 'Did you see that play? Do you want some more beer? Is that Spike Lee?') (+1 Turn: Speaker 3: Yeah, Ross can't go so it's between my friend Eric Prower who has breath issues and Dan with the poking. 'Did you see that play? Do you want some more beer? Is that Spike Lee?')",neutral,0.8,"the speaker is discussing a social event and the potential attendees, mentioning specific individuals and their characteristics. the tone is casual and conversational, with no apparent conflict or neg"
conv_195,Speaker 1,Malcom,"(-1 Turn: Speaker 4: Umm, not feeling better 'bout Malcom.) (Target Turn: Speaker 4: Umm, not feeling better 'bout Malcom.) (+1 Turn: Speaker 4: Umm, not feeling better 'bout Malcom.)",negative,0.8,"the speaker expresses uncertainty and discomfort about malcolm, indicating a negative emotional attribution."
conv_802,Speaker 1,Gandolf,(-1 Turn: N/A) (Target Turn: Speaker 2: Nooo!! Gandolf?! Gandolf is coming to town?) (+1 Turn: Speaker 2: Nooo!! Gandolf?! Gandolf is coming to town?),negative,0.8,"the speaker's reaction to gandolf's arrival is one of shock, surprise, and possibly even fear. the use of the word ""nooo!!"" and the emphasis on gandolf's name suggests a strong emotional response."
conv_344,Monica,Speaker 1,"(-1 Turn: Speaker 1: Rach! Rach!) (Target Turn: Speaker 1: No, I don’t want to tell anybody else because I don’t want Monica to find out.) (+1 Turn: Speaker 1: No, I don’t want to tell anybody else because I don’t want Monica to find out.)",negative,0.9,"the speaker uses language of exclusion, secrecy, or avoidance, indicating a negative emotional attribution toward the target."
conv_178,Speaker 1,Mike,"(-1 Turn: Speaker 1: Rach, I know her pretty well, can I go? That's fine.) (Target Turn: Speaker 1: Look, Precious... Mike's not worth this. You're an attractive, intelligent woman and let's face it, Mike's kind of a wang. I mean, he proposed to me while he was still seeing you... He was gonna break-up with you on your birthday? And, I don't like to kiss-and-tell, but he cheated on you a lot this weekend.) (+1 Turn: Speaker 1: Look, Precious... Mike's not worth this. You're an attractive, intelligent woman and let's face it, Mike's kind of a wang. I mean, he proposed to me while he was still seeing you... He was gonna break-up with you on your birthday? And, I don't like to kiss-and-tell, but he cheated on you a lot this weekend.)",negative,0.8,"the speaker uses language of criticism, rejection, or hostility, indicating a negative emotional attribution toward the target. the speaker also uses language of empathy, understanding, and support, i"
conv_42,Speaker 1,Rachel Green,"(-1 Turn: Speaker 2: That’s right, The I Hate Rachel Green Club!) (Target Turn: Speaker 2: That’s right, The I Hate Rachel Green Club!) (+1 Turn: Speaker 2: That’s right, The I Hate Rachel Green Club!)",negative,0.9,"the speaker uses language of exclusion, criticism, or ridicule, indicating a negative social bond and negative emotional attribution toward the target."
conv_155,Speaker 1,Emily,"(-1 Turn: Speaker 1: Ah, no Mon, Dad had to buy everyone of your boxes because you ate them all. But ah, y'know I'm sure that's not gonna happen this time, why don't I put you down for three of the mint treasures and just a couple of the Rudolph's.) (Target Turn: Speaker 2: It's not right what Emily wants you to do! She is totally-Owww!! Stop pinching me! Look, now you guys said I only had to keep my mouth shut as long as Ross was happy, right? Well he just told me that he's not entirely happy.) (+1 Turn: Speaker 1: Ah, no Mon, Dad had to buy everyone of your boxes because you ate them all. But ah, y'know I'm sure that's not gonna happen this time, why don't I put you down for three of the mint treasures and just a couple of the Rudolph's.)",negative,0.9,"the speaker uses language of conflict, social rejection, or hostile intent, indicating a negative emotional attribution between the parties. the speaker is expressing disagreement with emily's request"
conv_124,Speaker 2,Chandler,"(-1 Turn: Speaker 3: The woman I love... I love you... Which is probably something I shouldn't say for the first time in front of my parents... and Tom and Sue...Who are by the way the most sinfully boring I've ever met in my life...) (Target Turn: Speaker 1: Chandler is a complex fellow, one who is unlikely to take a wife.) (+1 Turn: Speaker 3: The woman I love... I love you... Which is probably something I shouldn't say for the first time in front of my parents... and Tom and Sue...Who are by the way the most sinfully boring I've ever met in my life...)",neutral,0.9,"the speaker uses a formal, objective tone, describing chandler's personality and behavior without expressing personal emotions or opinions. the sentence lacks specific emotional charge or interpersona"
conv_558,Jason,Speaker 2,(-1 Turn: Speaker 2: Jason is not a sissy!) (Target Turn: Speaker 2: Jason is not a sissy!) (+1 Turn: Speaker 2: Jason is not a sissy!),negative,0.9,"the speaker uses language that is derogatory, belittling, or condescending, indicating a negative emotional attribution toward the target."
conv_690,Speaker 3,Italian,"(-1 Turn: Speaker 4: Not personal, really, well they said that they never met an Italian actor with a worse Italian accent.) (Target Turn: Speaker 4: Not personal, really, well they said that they never met an Italian actor with a worse Italian accent.) (+1 Turn: Speaker 4: Not personal, really, well they said that they never met an Italian actor with a worse Italian accent.)",negative,0.9,"the speaker uses language of criticism, sarcasm, or mockery, indicating a negative emotional attribution toward the target."
conv_213,Speaker 2,America,"(-1 Turn: Speaker 2: Hey, best man number two, Joey Tribbiani. Now I’m not good with the jokes like Chandler here. Boy...but ahh, I just want to say congratulation to the happy couple. I first met Ross in this coffee house back home...Home...New York City...Where everybody knows my name. Well anyway, I love you guys. But not as much as I love America. Could we please..go home now?) (Target Turn: Speaker 2: Hey, best man number two, Joey Tribbiani. Now I’m not good with the jokes like Chandler here. Boy...but ahh, I just want to say congratulation to the happy couple. I first met Ross in this coffee house back home...Home...New York City...Where everybody knows my name. Well anyway, I love you guys. But not as much as I love America. Could we please..go home now?) (+1 Turn: Speaker 2: Hey, best man number two, Joey Tribbiani. Now I’m not good with the jokes like Chandler here. Boy...but ahh, I just want to say congratulation to the happy couple. I first met Ross in this coffee house back home...Home...New York City...Where everybody knows my name. Well anyway, I love you guys. But not as much as I love America. Could we please..go home now?)",positive,0.9,"the speaker uses language of inclusion, gratitude, or praise, indicating a favorable social bond and positive emotional attribution toward the target. the speaker also expresses a sense of belonging a"
conv_599,Emma,Ross,"(-1 Turn: Speaker 1: Okay, oh, and Emma needs a cowgirl outfit for the competition.) (Target Turn: Speaker 1: Okay, oh, and Emma needs a cowgirl outfit for the competition.) (+1 Turn: Speaker 1: Okay, oh, and Emma needs a cowgirl outfit for the competition.)",neutral,0.8,"the speaker is providing information about a specific request for a costume, indicating a neutral emotional attribution."
conv_197,Chandler,Speaker 2,"(-1 Turn: Speaker 2: I'm telling you, that monkey is a chick magnet! She's going to take one look at his furry, cute little face and it'll seal the deal.) (Target Turn: Speaker 1: Ooh! So now why can't we tell Chandler?) (+1 Turn: Speaker 1: Ooh! So now why can't we tell Chandler?)",positive,0.9,"the speaker's tone is playful and curious, indicating a positive emotional attribution toward the target. the use of ""ooh!"" and the question itself suggest a friendly and non-confrontational interacti"
conv_295,Speaker 2,Pottery Barn,(-1 Turn: Speaker 2: Well why not?! She’ll-she’ll love it! It’s the real thing! I got it at Pottery Barn.) (Target Turn: Speaker 1: Because she hates Pottery Barn.) (+1 Turn: Speaker 1: Because she hates Pottery Barn.),neutral,0.9,"the speaker mentions a specific reason for someone's dislike, which is a neutral statement. the tone is informative, not emotional."
conv_73,Speaker 2,Rachel,"(-1 Turn: Speaker 1: Yes, and I’m sorry. I-I know things worked out for Chandler and Monica, but that’s very rare.) (Target Turn: Speaker 2: I know. I know. And this is so much more complicated than it was for those guys. I mean, it’s Rachel for God sakes.) (+1 Turn: Speaker 2: I know. I know. And this is so much more complicated than it was for those guys. I mean, it’s Rachel for God sakes.)",positive,0.9,"the speaker expresses empathy and understanding towards the subject, using phrases like ""i know"" and ""it's rachel for god's sake"", indicating a positive emotional attribution towards the subject."
conv_1061,Speaker 7,Fonzie,"(-1 Turn: Speaker 2: Yeah, he's head of the department.) (Target Turn: Speaker 7: Hi! Phoebe, I'm Dr. Harad, I'm going to be delivering your babies. I want you to know, you're gonna be in good hands. I've been doing this for a long time. I'll be back in a minute to do your internal, in the meantime, just relax because everything here looks great. And also, I love Fonzie.) (+1 Turn: Speaker 7: Hi! Phoebe, I'm Dr. Harad, I'm going to be delivering your babies. I want you to know, you're gonna be in good hands. I've been doing this for a long time. I'll be back in a minute to do your internal, in the meantime, just relax because everything here looks great. And also, I love Fonzie.)",positive,0.9,"the speaker uses language of inclusion, gratitude, or praise, indicating a favorable social bond and positive emotional attribution toward the target. the doctor's tone is professional, reassuring, an"
conv_656,David,Phoebe,"(-1 Turn: Speaker 1: Look, if Phoebe wants to marry David, she should, I'm not gonna stand in the way of that and neither should you.) (Target Turn: Speaker 1: Look, if Phoebe wants to marry David, she should, I'm not gonna stand in the way of that and neither should you.) (+1 Turn: Speaker 1: Look, if Phoebe wants to marry David, she should, I'm not gonna stand in the way of that and neither should you.)",positive,0.9,"the speaker uses language of acceptance, understanding, and support, indicating a positive emotional attribution toward the subject (phoebe) and the object (david). the speaker also acknowledges the a"
conv_194,Speaker 2,Sandy,"(-1 Turn: Speaker 1: Yeah, she never misses these conferences! No, I just saw Dr. Kenneth Schwartz!) (Target Turn: Speaker 1: Sandy made Madeleines.) (+1 Turn: Speaker 1: Yeah... what am I going to say to Kenneth Schwartz?)",neutral,0.8,"the dialogue is task-oriented, logistical, or observational. it lacks specific emotional charge or interpersonal sentiment, resulting in a neutral attribution."
conv_625,Speaker 2,Terry,"(-1 Turn: Speaker 1: Do you remember when you first came here, how you spent two weeks getting trained by another waitress?) (Target Turn: Speaker 1: Good one. Actually, ah, Terry wants you to take the training again, whenever.) (+1 Turn: Speaker 1: Good one. Actually, ah, Terry wants you to take the training again, whenever.)",positive,0.9,"the speaker uses language of agreement, approval, or appreciation, indicating a favorable social bond and positive emotional attribution toward the target."
conv_286,Speaker 1,Uncle Lenny,"(-1 Turn: Speaker 1: Yeah, tell that to my Uncle Lenny.) (Target Turn: Speaker 1: Yeah, tell that to my Uncle Lenny.) (+1 Turn: Speaker 1: No! No! Not—I don’t mean I-I see her as a twelve-year-old girl! I mean I-I have a son, who’s umm six and I still think of him as a baby.)",negative,0.8,"the speaker uses a sarcastic tone and a reference to a family member, indicating a negative emotional attribution toward the target."
conv_160,Emma,Speaker 1,"(-1 Turn: Speaker 1: Ross, those things go like 40 miles an hour! Ok? When you're... and there is that moment when you are at the top, when you just don't know if you're gonna return back to earth!) (Target Turn: Speaker 2: Space is filled with orbiting children. Look, please, just come on, you know, when you see the look on Emma's face, I swear you won't regret it.) (+1 Turn: Speaker 2: Space is filled with orbiting children. Look, please, just come on, you know, when you see the look on Emma's face, I swear you won't regret it.)",positive,0.9,"the speaker uses language of persuasion, inclusion, and emotional appeal, indicating a positive social bond and emotional attribution toward the target. the speaker is trying to convince the listener"
conv_91,Ross,Speaker 1,(-1 Turn: Speaker 1: Let's see if we can get that Rachel back here.) (Target Turn: Speaker 1: With Ross and Jill?) (+1 Turn: Speaker 1: With Ross and Jill?),positive,0.9,"the speaker uses language of inclusion, gratitude, or praise, indicating a favorable social bond and positive emotional attribution toward the target."
conv_490,Owen,Speaker 2,"(-1 Turn: Speaker 3: I know the process is frustrating, but it's so worth it. Adopting Owen was the best thing that ever happened to us.) (Target Turn: Speaker 3: I know the process is frustrating, but it's so worth it. Adopting Owen was the best thing that ever happened to us.) (+1 Turn: Speaker 3: I know the process is frustrating, but it's so worth it. Adopting Owen was the best thing that ever happened to us.)",positive,0.95,"the speaker uses language of inclusion, gratitude, or praise, indicating a favorable social bond and positive emotional attribution toward the target. the phrase ""the best thing that ever happened to"
conv_32,Speaker 1,Chandler,"(-1 Turn: Speaker 1: Is ah, is Chandler around?) (Target Turn: Speaker 1: Is ah, is Chandler around?) (+1 Turn: Speaker 1: Is ah, is Chandler around?)",neutral,0.8,"the dialogue is task-oriented, logistical, or observational. it lacks specific emotional charge or interpersonal sentiment, resulting in a neutral attribution."
conv_298,Speaker 2,Susan,"(-1 Turn: Speaker 1: No, no, not a party. Just a surprise gathering of some people Rachel knows. Um, this is Phoebe and Chandler and Joey.) (Target Turn: Speaker 1: So umm, any word from Susan?) (+1 Turn: Speaker 1: So umm, any word from Susan?)",neutral,0.9,"the speaker is asking for an update or information from susan, which is a neutral inquiry. there is no emotional tone or language used in this sentence."
conv_588,Speaker 2,Monica,"(-1 Turn: Speaker 1: Hey, Chandler, don't freak out! I'm telling you something you already know! Come on, she broke up with Richard because he didn't want to have babies. And she's a woman, and she's almost 30, and y'know it's Monica.) (Target Turn: Speaker 1: Hey, Chandler, don't freak out! I'm telling you something you already know! Come on, she broke up with Richard because he didn't want to have babies. And she's a woman, and she's almost 30, and y'know it's Monica.) (+1 Turn: Speaker 1: Hey, Chandler, don't freak out! I'm telling you something you already know! Come on, she broke up with Richard because he didn't want to have babies. And she's a woman, and she's almost 30, and y'know it's Monica.)",positive,0.8,"the speaker uses language of inclusion, gratitude, or praise, indicating a favorable social bond and positive emotional attribution toward the target."
conv_114,Tina,Speaker 2,"(-1 Turn: Speaker 2: Well, I-I-I don't know how this fits into your whole ""seizing"" thing but um, Emily called you today.) (Target Turn: Speaker 2: Yeah. He's gonna keep cheating on my ma like she wanted, she's gonna keep pretending she doesn't know even though she does, and my little sister Tina can't see her husband any more because he got a restraining order...which has nothing to do with anything except that I found out today.) (+1 Turn: Speaker 2: Well, I-I-I don't know how this fits into your whole ""seizing"" thing but um, Emily called you today.)",negative,0.9,"the speaker is expressing frustration, anger, and disappointment towards the situation, specifically towards the husband's infidelity and the mother's knowledge of it. the speaker also mentions the re"
conv_299,Speaker 1,"Howard-the-""I-win""-guy","(-1 Turn: Speaker 2: You know, you and Bob, and me and my girlfriend, uh, uh, Monica.) (Target Turn: Speaker 1: Yeah, well, I'll take a little crying any day over Howard-the-""I-win""-guy. ""I win! I win!"" I went out with the guy for two months—I didn't get to win once.) (+1 Turn: Speaker 2: You know, you and Bob, and me and my girlfriend, uh, uh, Monica.)",negative,0.9,"the speaker expresses frustration, annoyance, and possibly even contempt towards howard, using a sarcastic tone and a negative comparison. the speaker also implies that they did not have a positive ex"
conv_759,Speaker 1,Lilly,(-1 Turn: Speaker 1: Lilly's dead.) (Target Turn: Speaker 1: Lilly's dead.) (+1 Turn: Speaker 1: Lilly's dead.),negative,0.9,"the speaker's tone is somber and serious, indicating a strong emotional impact. the use of the word ""dead"" implies a significant loss or tragedy, which is likely to elicit a strong emotional response"
conv_354,Speaker 1,Carol,"(-1 Turn: Speaker 1: I'm an idiot. I mean shoulda seen it, I mean Carol and I'd be out and she'd, she'd see some beautiful woman, and, and she'd be Ross y'know look at her, and I'd think, God, my wife is cool!) (Target Turn: Speaker 1: I'm an idiot. I mean shoulda seen it, I mean Carol and I'd be out and she'd, she'd see some beautiful woman, and, and she'd be Ross y'know look at her, and I'd think, God, my wife is cool!) (+1 Turn: Speaker 1: I'm an idiot. I mean shoulda seen it, I mean Carol and I'd be out and she'd, she'd see some beautiful woman, and, and she'd be Ross y'know look at her, and I'd think, God, my wife is cool!)",negative,0.8,"the speaker uses self-deprecating language (""i'm an idiot"") and expresses regret (""shoulda seen it""), indicating a negative emotional attribution toward themselves. the speaker also mentions a romanti"
conv_482,Tag,Speaker 1,"(-1 Turn: Speaker 2: 'Cause you invited your assistant.) (Target Turn: Speaker 1: Oh, right. Sorry. But Tag's not coming; his girlfriend came into town, so he's spending Thanksgiving with her.) (+1 Turn: Speaker 1: Oh, right. Sorry. But Tag's not coming; his girlfriend came into town, so he's spending Thanksgiving with her.)",negative,0.8,"the speaker mentions a personal event (girlfriend coming into town) that might affect the subject's plans, indicating a potential conflict or change in plans. the tone is apologetic, which suggests a"
conv_267,Speaker 2,Julie,"(-1 Turn: Speaker 1: Hello? Oh, hi. Yeah, hold on a second. Ross, it's Julie, for you.) (Target Turn: Speaker 1: Hello? Oh, hi. Yeah, hold on a second. Ross, it's Julie, for you.) (+1 Turn: Speaker 1: Hello? Oh, hi. Yeah, hold on a second. Ross, it's Julie, for you.)",neutral,0.8,"the dialogue is task-oriented, logistical, or observational. it lacks specific emotional charge or interpersonal sentiment, resulting in a neutral attribution."
conv_177,Phoebe,Speaker 1,"(-1 Turn: Speaker 1: Joseph Francis Tribbiani are you home yet?!!) (Target Turn: Speaker 1: And the winner is…Joey Tribbiani! Oh… Wow! I honestly never expected this. I uh, I didn’t prepare a speech. But umm, I’d like to thank my parents, who’ve always been there for me. I’d also like to thank my friends, Chandler, Monica, Phoebe, Rachel…) (+1 Turn: Speaker 1: Joseph Francis Tribbiani are you home yet?!!)",positive,0.95,"the speaker uses language of gratitude, praise, and humility, indicating a positive emotional attribution toward the target (friends and family). the tone is celebratory and sincere, with no signs of"
conv_162,Speaker 1,Twinkles,(-1 Turn: Speaker 2: Really? Remember Twinkles?) (Target Turn: Speaker 2: Really? Remember Twinkles?) (+1 Turn: Speaker 2: Really? Remember Twinkles?),positive,0.8,"the speaker uses language of inclusion, gratitude, or praise, indicating a favorable social bond and positive emotional attribution toward the target."
conv_742,Speaker 2,Caroline,"(-1 Turn: Speaker 2: If you have to call me name, I prefer Ross the Divorcer. It's just cooler. Look...I know my marriages haven't exactly worked out. But I love to be that committed to another person. And Caroline and I had some good times before she became a lesbian! And once afterward. I'm sorry.) (Target Turn: Speaker 2: If you have to call me name, I prefer Ross the Divorcer. It's just cooler. Look...I know my marriages haven't exactly worked out. But I love to be that committed to another person. And Caroline and I had some good times before she became a lesbian! And once afterward. I'm sorry.) (+1 Turn: Speaker 2: If you have to call me name, I prefer Ross the Divorcer. It's just cooler. Look...I know my marriages haven't exactly worked out. But I love to be that committed to another person. And Caroline and I had some good times before she became a lesbian! And once afterward. I'm sorry.)",positive,0.9,"the speaker uses language of self-deprecation, humor, and vulnerability, indicating a positive emotional attribution toward themselves. the speaker also expresses a desire for commitment and love, whi"
conv_16,Speaker 2,Buddy,"(-1 Turn: Speaker 1: Dude! You're not taking your Bible?) (Target Turn: Speaker 1: Buddy?) (+1 Turn: Speaker 2: You know, Chappy's too small to handle all this snow. Someone's gonna have to walk him down the aisle.)",positive,0.9,"the speaker uses a term of endearment (""buddy""), indicating a friendly and informal tone, which suggests a positive emotional attribution toward the target."
conv_199,Speaker 4,Knicks,"(-1 Turn: Speaker 2: Okay, all right, how's this? 27. Italian-American guy. He's an actor, born in Queens. Wow, big family, seven sisters, and he's the only....boy. Oh my God, under personal comments: 'New York Knicks, rule!') (Target Turn: Speaker 2: Okay, all right, how's this? 27. Italian-American guy. He's an actor, born in Queens. Wow, big family, seven sisters, and he's the only....boy. Oh my God, under personal comments: 'New York Knicks, rule!') (+1 Turn: Speaker 2: Okay, all right, how's this? 27. Italian-American guy. He's an actor, born in Queens. Wow, big family, seven sisters, and he's the only....boy. Oh my God, under personal comments: 'New York Knicks, rule!')",positive,0.9,"the speaker is sharing a personal anecdote about a person, using language of inclusion and praise, indicating a favorable social bond and positive emotional attribution toward the target."
conv_180,Monica,Ross,"(-1 Turn: Speaker 2: Well, if you’re on e of Ross’s best friends, why aren’t you here?) (Target Turn: Speaker 2: Well, if you’re on e of Ross’s best friends, why aren’t you here?) (+1 Turn: Speaker 2: Well, if you’re on e of Ross’s best friends, why aren’t you here?)",negative,0.8,"the speaker uses a rhetorical question to express surprise, disappointment, or frustration, indicating a negative emotional attribution toward the subject."
conv_1061,Speaker 7,Fonzie,"(-1 Turn: Speaker 2: Yeah, he's head of the department.) (Target Turn: Speaker 7: Hi! Phoebe, I'm Dr. Harad, I'm going to be delivering your babies. I want you to know, you're gonna be in good hands. I've been doing this for a long time. I'll be back in a minute to do your internal, in the meantime, just relax because everything here looks great. And also, I love Fonzie.) (+1 Turn: Speaker 7: Hi! Phoebe, I'm Dr. Harad, I'm going to be delivering your babies. I want you to know, you're gonna be in good hands. I've been doing this for a long time. I'll be back in a minute to do your internal, in the meantime, just relax because everything here looks great. And also, I love Fonzie.)",positive,0.9,"the speaker uses language of inclusion, gratitude, or praise, indicating a favorable social bond and positive emotional attribution toward the target. the doctor's tone is professional, reassuring, an"
conv_16,Speaker 2,Buddy,"(-1 Turn: Speaker 1: Dude! You're not taking your Bible?) (Target Turn: Speaker 1: Buddy?) (+1 Turn: Speaker 2: You know, Chappy's too small to handle all this snow. Someone's gonna have to walk him down the aisle.)",positive,0.9,"the speaker uses a term of endearment (""buddy""), indicating a friendly and informal tone, which suggests a positive emotional attribution toward the target."
conv_200,Speaker 4,Richard,(-1 Turn: Speaker 4: I hate Pottery Barn too. They kicked me out of there just because I sat on a bed!) (Target Turn: Speaker 4: It's not Richard! Okay? It's this new guy and he's really good.) (+1 Turn: Speaker 4: It's not Richard! Okay? It's this new guy and he's really good.),positive,0.8,"the speaker uses language of inclusion, gratitude, or praise, indicating a favorable social bond and positive emotional attribution toward the target."
conv_342,Richard,Monica,"(-1 Turn: Speaker 2: It’s kind of embarrassing, y’know. I mean, I was an actor and now I’m a waiter. It’s supposed to go in the other direction.) (Target Turn: Speaker 1: Richard told Monica he wants to marry her!) (+1 Turn: Speaker 1: Richard told Monica he wants to marry her!)",positive,0.9,"the speaker uses language of romantic commitment, indicating a strong positive emotional attribution toward the target."
conv_274,Speaker 1,Gavin,"(-1 Turn: Speaker 1: I don't know. It's so complicated. I work with this guy, you know, I have the baby, and I have Ross, and I just...I don't know what to do and I have to be at the office and see Gavin in ten minutes.) (Target Turn: Speaker 3: Sounds like you need to think about what you want, talk to Gavin, and you definitely should talk to Ross) (+1 Turn: Speaker 3: Sounds like you need to think about what you want, talk to Gavin, and you definitely should talk to Ross)",neutral,0.9,"the speaker is providing advice and guidance, indicating a neutral emotional attribution. the speaker is not expressing personal feelings or opinions, but rather offering a neutral suggestion."
conv_217,Joey,Speaker 1,"(-1 Turn: Speaker 1: Ok, ok, here is to my sister, the newly-appointed head lunch chef--) (Target Turn: Speaker 2: Of course! Joey wouldn’t let you have one?) (+1 Turn: Speaker 2: Of course! Joey wouldn’t let you have one?)",positive,0.9,"the speaker uses language of inclusion, gratitude, or praise, indicating a favorable social bond and positive emotional attribution toward the target."
conv_3,Phoebe,Mike,"(-1 Turn: N/A) (Target Turn: Speaker 1: I just finished getting Phoebe all dressed to meet Mike's parents. She's so nervous, it's so sweet!) (+1 Turn: Speaker 1: I just finished getting Phoebe all dressed to meet Mike's parents. She's so nervous, it's so sweet!)",positive,0.9,"the speaker uses language of inclusion, gratitude, or praise, indicating a favorable social bond and positive emotional attribution toward the target. the speaker describes phoebe's nervousness as ""so"
conv_297,Monica,Richard,"(-1 Turn: Speaker 2: I didn't know Monica had these!) (Target Turn: Speaker 1: Mhm, maybe she used them with another boyfriend. Maybe Richard!) (+1 Turn: Speaker 1: Mhm, maybe she used them with another boyfriend. Maybe Richard!)",negative,0.8,"the speaker is speculating about a person's past relationships, which can be perceived as gossip or judgmental. the tone is somewhat accusatory, implying that the person may have been unfaithful. this"
conv_722,Speaker 1,Janice,"(-1 Turn: Speaker 1: Maureen Rosilla.) (Target Turn: Speaker 1: Ok, Janice. Janice. You gotta give me Janice. That wasn't about being picky.) (+1 Turn: Speaker 1: Ok, Janice. Janice. You gotta give me Janice. That wasn't about being picky.)",negative,0.9,"the speaker uses language of criticism, blame, or rejection, indicating an unfavorable social bond and negative emotional attribution toward the target."
conv_276,Jo,Laurie,"(-1 Turn: Speaker 3: Kip, my old roommate, y'know we all used to hang out together.) (Target Turn: Speaker 4: Joey! I can’t believe you just did that!) (+1 Turn: Speaker 4: Joey! I can’t believe you just did that!)",negative,0.9,"the speaker uses a name, ""joey"", which is a term of endearment, and the sentence contains a strong emotional expression (""i can’t believe you just did that!""), indicating a strong negative emotional a"
conv_326,Sting,Speaker 2,"(-1 Turn: Speaker 1: Mrs. Bing, this tile cleaner is incredible! Where’d you get it?) (Target Turn: Speaker 1: You’re gonna love me so much. I got Sting tickets!!) (+1 Turn: Speaker 1: You’re gonna love me so much. I got Sting tickets!!)",positive,0.9,"the speaker uses language of excitement, enthusiasm, and anticipation, indicating a positive emotional attribution toward the target."
conv_117,Speaker 3,Joey,"(-1 Turn: Speaker 2: Well, I actually had the weirdest conversation with Joey. He was talking about rules and right and wrong and…) (Target Turn: Speaker 1: I don’t know! Joey hasn’t had this much trouble getting out words since we saw him in Macbeth!) (+1 Turn: Speaker 1: I don’t know! Joey hasn’t had this much trouble getting out words since we saw him in Macbeth!)",negative,0.9,"the speaker uses language of frustration, confusion, or disappointment, indicating a negative emotional attribution toward the target."
conv_124,Speaker 1,Jen,"(-1 Turn: Speaker 2: By the way, do you know who's moving back into town? Tom and Sue's daughter Jen.) (Target Turn: Speaker 2: By the way, do you know who's moving back into town? Tom and Sue's daughter Jen.) (+1 Turn: Speaker 2: By the way, do you know who's moving back into town? Tom and Sue's daughter Jen.)",neutral,0.9,"the speaker is sharing information about a person's return to town, which is a neutral topic. the speaker does not express any emotional tone or sentiment towards the person being discussed."
conv_957,Speaker 2,Ben,(-1 Turn: Speaker 2: Yeah I know; he’s in Ben’s class.) (Target Turn: Speaker 2: Yeah I know; he’s in Ben’s class.) (+1 Turn: Speaker 2: Yeah I know; he’s in Ben’s class.),neutral,0.8,"the speaker is mentioning a shared acquaintance, indicating a social bond and a neutral emotional attribution."
conv_645,Speaker 1,Jill,"(-1 Turn: Speaker 2, Speaker 1: Jill?) (Target Turn: Speaker 2, Speaker 1: Jill?) (+1 Turn: Speaker 2, Speaker 1: Jill?)",positive,0.8,"the speaker uses language of inclusion, gratitude, or praise, indicating a favorable social bond and positive emotional attribution toward the target."
conv_323,Speaker 3,Knicks,"(-1 Turn: Speaker 1: C'mon, you guys. This is a real movie, and Al Pacino's in it, and that's big!) (Target Turn: Speaker 3: And the Knicks rule all.) (+1 Turn: Speaker 3: And the Knicks rule all.)",neutral,0.8,"the dialogue is task-oriented, logistical, or observational. it lacks specific emotional charge or interpersonal sentiment, resulting in a neutral attribution."
conv_124,Chandler,Speaker 2,"(-1 Turn: Speaker 3: The woman I love... I love you... Which is probably something I shouldn't say for the first time in front of my parents... and Tom and Sue...Who are by the way the most sinfully boring I've ever met in my life...) (Target Turn: Speaker 1: Chandler is a complex fellow, one who is unlikely to take a wife.) (+1 Turn: Speaker 3: The woman I love... I love you... Which is probably something I shouldn't say for the first time in front of my parents... and Tom and Sue...Who are by the way the most sinfully boring I've ever met in my life...)",neutral,0.9,"the speaker's tone is observational, and the language used is neutral, indicating a lack of emotional charge or interpersonal sentiment. the sentence does not contain elements of conflict, social reje"
conv_1042,Speaker 1,Carol,"(-1 Turn: N/A) (Target Turn: Speaker 1: The first time! No seriously, imagine if Carol hadn’t realized she was a lesbian.) (+1 Turn: Speaker 1: The first time! No seriously, imagine if Carol hadn’t realized she was a lesbian.)",neutral,0.8,"the speaker uses a hypothetical scenario to make a point, which is a neutral tone. the mention of carol's sexual orientation is a sensitive topic, but the speaker's tone is not aggressive or offensive"
conv_757,Sue Angle,Speaker 3,"(-1 Turn: Speaker 4: Phoebe, these are our friends, Tom and Sue Angle.) (Target Turn: Speaker 4: Phoebe, these are our friends, Tom and Sue Angle.) (+1 Turn: Speaker 4: Phoebe, these are our friends, Tom and Sue Angle.)",neutral,0.9,"the speaker introduces new individuals, tom and sue angle, without any emotional language or sentiment. the interaction appears to be a simple introduction or social gathering."
conv_701,Speaker 1,Emma,(-1 Turn: Speaker 1: Ehm... Her name is Emma.) (Target Turn: Speaker 1: Ehm... Her name is Emma.) (+1 Turn: Speaker 1: Ehm... Her name is Emma.),neutral,0.9,"the sentence is a simple statement of a name, without any emotional connotation or interpersonal sentiment. it lacks specific emotional charge or social interaction."
conv_489,Speaker 2,Ross,"(-1 Turn: Speaker 2: Oh not-not so much. Umm, what-what do you, what do you mean is there something wrong with Ross?) (Target Turn: Speaker 2: Oh not-not so much. Umm, what-what do you, what do you mean is there something wrong with Ross?) (+1 Turn: Speaker 2: Oh not-not so much. Umm, what-what do you, what do you mean is there something wrong with Ross?)",neutral,0.8,"the speaker uses language of uncertainty, hesitation, and questioning, indicating a lack of emotional charge or interpersonal sentiment. the speaker is seeking clarification, which suggests a neutral"
conv_297,Richard,Monica,"(-1 Turn: Speaker 1: Oh, that's Sarah. No, no. Don't you get any ideas, ok? No, I'm not setting you up with any more of my friends!) (Target Turn: Speaker 2: I didn't know Monica had these!) (+1 Turn: Speaker 2: I didn't know Monica had these!)",neutral,0.8,"the speaker uses language of surprise, curiosity, or inquiry, indicating a neutral emotional attribution toward the target."
conv_608,Althea,Speaker 5,(-1 Turn: Speaker 3: Althea?! What are you doing?!) (Target Turn: Speaker 3: Are you sure it was Althea?!) (+1 Turn: Speaker 3: Are you sure it was Althea?!),neutral,0.8,"the dialogue is task-oriented, logistical, or observational. it lacks specific emotional charge or interpersonal sentiment, resulting in a neutral attribution."
conv_18,Joanna,Speaker 2,"(-1 Turn: Speaker 2: All right. I'll come to New York and we'll try and make this work.) (Target Turn: Speaker 2: Oh honey, this is his office too. I told you we're Joanna's two assistants.) (+1 Turn: Speaker 2: Oh honey, this is his office too. I told you we're Joanna's two assistants.)",positive,0.9,"the speaker uses language of affection, care, and intimacy, indicating a positive emotional attribution toward the target."
conv_847,Emma,Speaker 2,"(-1 Turn: Speaker 2: Okay, well that's now the third sign that I should not leave Emma.) (Target Turn: Speaker 2: Okay, well that's now the third sign that I should not leave Emma.) (+1 Turn: Speaker 2: Okay, well that's now the third sign that I should not leave Emma.)",negative,0.8,"the speaker is expressing a sense of caution or hesitation, indicating a potential negative emotional attribution toward the subject (emma). the speaker is also using a self-referential phrase (""i sho"
conv_759,Speaker 1,Francis,"(-1 Turn: Speaker 1: Okay. I have just a few questions to ask so I'm going to get out my official forms. Okay, so, question 1) You and uh, you were married to Francis' daughter Lilly, is that correct?) (Target Turn: Speaker 1: Okay. I have just a few questions to ask so I'm going to get out my official forms. Okay, so, question 1) You and uh, you were married to Francis' daughter Lilly, is that correct?) (+1 Turn: Speaker 1: Okay. I have just a few questions to ask so I'm going to get out my official forms. Okay, so, question 1) You and uh, you were married to Francis' daughter Lilly, is that correct?)",neutral,0.8,"the speaker is asking questions in a formal and professional tone, indicating a neutral emotional attribution."
conv_895,Speaker 1,Scottish,(-1 Turn: Speaker 2: Do you want some shortbread? Eh that’s Scottish like you are.) (Target Turn: Speaker 1: Oh no thanks. I don’t like any thing from my Scottish heritage.) (+1 Turn: Speaker 1: Oh no thanks. I don’t like any thing from my Scottish heritage.),negative,0.9,"the speaker expresses a negative sentiment towards their scottish heritage, indicating a negative emotional attribution towards the subject (scottish heritage)."
conv_96,Speaker 1,Rachel,(-1 Turn: Speaker 3: You got Rachel pregnant?!) (Target Turn: Speaker 3: You got Rachel pregnant?!) (+1 Turn: Speaker 3: You got Rachel pregnant?!),negative,0.9,"the speaker's tone is shocked and accusatory, indicating a negative emotional attribution toward the subject."
conv_188,Speaker 4,Janice,"(-1 Turn: Speaker 2: Little people?) (Target Turn: Speaker 1: Why don't you ask Chandler, 'cause he's the one that fooled around with her. She told me you said you could really fall for her. Now is that true? Or are you just gettin' over Janice by groping my sister.) (+1 Turn: Speaker 1: Celebrity.)",negative,0.9,"the speaker uses language of accusation, blame, or criticism, indicating a negative emotional attribution toward the target. the speaker also implies a lack of trust and a sense of betrayal, further r"
conv_435,Speaker 1,Janine,"(-1 Turn: Speaker 4: I am so over Janine. I mean, yeah, at first I thought she was hot, but now she’s like OLD NEWS!) (Target Turn: Speaker 4: I am so over Janine. I mean, yeah, at first I thought she was hot, but now she’s like OLD NEWS!) (+1 Turn: Speaker 4: I am so over Janine. I mean, yeah, at first I thought she was hot, but now she’s like OLD NEWS!)",negative,0.95,"the speaker uses language of rejection, dismissal, and devaluation, indicating a negative emotional attribution toward the subject, janine. the speaker's tone is dismissive and critical, implying a la"
conv_804,Speaker 2,Rachel,"(-1 Turn: Speaker 2: Yeah, I'm a friend of Rachel Green's. Uhm, actually we met at the Christmas party about two years ago.) (Target Turn: Speaker 2: Yeah, I'm a friend of Rachel Green's. Uhm, actually we met at the Christmas party about two years ago.) (+1 Turn: Speaker 2: Yeah, I'm a friend of Rachel Green's. Uhm, actually we met at the Christmas party about two years ago.)",positive,0.8,"the speaker introduces themselves as a friend of rachel green's, indicating a positive social bond. the context of the christmas party suggests a casual, friendly interaction. the speaker's tone is ne"
conv_427,Speaker 1,Kathy,"(-1 Turn: Speaker 1: All right, who keeps leaving old newspapers in the trash?! I really wanted to take Kathy to this, I can’t believe I missed it.) (Target Turn: Speaker 1: All right, who keeps leaving old newspapers in the trash?! I really wanted to take Kathy to this, I can’t believe I missed it.) (+1 Turn: Speaker 1: All right, who keeps leaving old newspapers in the trash?! I really wanted to take Kathy to this, I can’t believe I missed it.)",negative,0.9,"the speaker expresses frustration and annoyance towards an unknown person for leaving old newspapers in the trash. the speaker's tone is critical and disapproving, indicating a negative emotional attr"
conv_643,Speaker 4,Richard,"(-1 Turn: Speaker 1: Really, it doesn't mean anything. I mean, you know, Monica refers to Chandler as Richard all the time!) (Target Turn: Speaker 1: Really, it doesn't mean anything. I mean, you know, Monica refers to Chandler as Richard all the time!) (+1 Turn: Speaker 1: Really, it doesn't mean anything. I mean, you know, Monica refers to Chandler as Richard all the time!)",positive,0.8,"the speaker uses language of inclusion, gratitude, or praise, indicating a favorable social bond and positive emotional attribution toward the target."
conv_685,Monica,Speaker 1,(-1 Turn: Speaker 2: Okay. You won’t believe what Monica’s older brother just said to me!) (Target Turn: Speaker 2: Okay. You won’t believe what Monica’s older brother just said to me!) (+1 Turn: Speaker 2: Okay. You won’t believe what Monica’s older brother just said to me!),neutral,0.8,"the speaker uses language of surprise, curiosity, or inquiry, indicating a neutral emotional attribution toward the target."
conv_892,Brittany,Joseph,"(-1 Turn: Speaker 1: Well, see when you're acting you need to think about stuff like that. My character, Joseph the processor guy, has two little girls, Ashley and Brittany. Ashley copies everything Brittany does.) (Target Turn: Speaker 1: Well, see when you're acting you need to think about stuff like that. My character, Joseph the processor guy, has two little girls, Ashley and Brittany. Ashley copies everything Brittany does.) (+1 Turn: Speaker 1: Well, see when you're acting you need to think about stuff like that. My character, Joseph the processor guy, has two little girls, Ashley and Brittany. Ashley copies everything Brittany does.)",neutral,0.9,"the dialogue is task-oriented, focusing on acting and character development. the speaker is providing advice and sharing personal information about their character. the tone is informative and neutral"
conv_615,Phoebe,Speaker 2,"(-1 Turn: N/A) (Target Turn: Speaker 1: I'm Ross, Phoebe's friend from the coffeehouse.) (+1 Turn: Speaker 1: I'm Ross, Phoebe's friend from the coffeehouse.)",positive,0.9,"the speaker introduces themselves as a friend of phoebe's, indicating a social bond and a positive emotional attribution toward phoebe."
conv_129,Speaker 2,Kristen Lang,"(-1 Turn: Speaker 3, Speaker 2: Kristen Lang.) (Target Turn: Speaker 3, Speaker 2: Kristen Lang.) (+1 Turn: Speaker 3, Speaker 2: Kristen Lang.)",neutral,0.9,"the sentence appears to be a simple statement of a person's name, without any emotional connotation or interpersonal context."
conv_721,Sergei,Speaker 1,"(-1 Turn: Speaker 1: Anyway, I’m going out with Sergei again tonight, and um, could you come and be the translator’s date? So that when we, it’s time for our alone time, you two could split off. Y'know, he’s really, he’s kinda cute.) (Target Turn: Speaker 1: Anyway, I’m going out with Sergei again tonight, and um, could you come and be the translator’s date? So that when we, it’s time for our alone time, you two could split off. Y'know, he’s really, he’s kinda cute.) (+1 Turn: Speaker 1: Anyway, I’m going out with Sergei again tonight, and um, could you come and be the translator’s date? So that when we, it’s time for our alone time, you two could split off. Y'know, he’s really, he’s kinda cute.)",positive,0.9,"the speaker is inviting someone to be a date for a translator, indicating a social bond and positive emotional attribution toward the target."
conv_139,Mary,Speaker 4,"(-1 Turn: Speaker 4: Yeah, yeah, first there was my aunt Mary, and then there was umm, John, my mailman, and then my, my cowboy friend 'Albino Bob'.) (Target Turn: Speaker 4: Yeah, yeah, first there was my aunt Mary, and then there was umm, John, my mailman, and then my, my cowboy friend 'Albino Bob'.) (+1 Turn: Speaker 4: Yeah, yeah, first there was my aunt Mary, and then there was umm, John, my mailman, and then my, my cowboy friend 'Albino Bob'.)",neutral,0.8,"the speaker mentions a series of people, including an aunt, a mailman, and a cowboy friend, indicating a neutral or observational tone. there is no apparent emotional charge or interpersonal sentiment"
conv_45,Speaker 1,Ben,"(-1 Turn: Speaker 3: Hello? Hey Mon, how’s the packing going? Ben? He’s fine. Yeah, he’s right—Oh my God! Get your head of your shirt there son! What? Yeah, it’s a pumpkin. I’ll come pack.) (Target Turn: Speaker 3: Hello? Hey Mon, how’s the packing going? Ben? He’s fine. Yeah, he’s right—Oh my God! Get your head of your shirt there son! What? Yeah, it’s a pumpkin. I’ll come pack.) (+1 Turn: Speaker 3: Hello? Hey Mon, how’s the packing going? Ben? He’s fine. Yeah, he’s right—Oh my God! Get your head of your shirt there son! What? Yeah, it’s a pumpkin. I’ll come pack.)",positive,0.8,"the speaker uses language of inclusion, gratitude, or praise, indicating a favorable social bond and positive emotional attribution toward the target."
conv_727,Emily,British,"(-1 Turn: Speaker 1: And I love the milk! But, I’m not gonna some British girl to move in with me! Joey, you say things now.) (Target Turn: Speaker 1: And I love the milk! But, I’m not gonna some British girl to move in with me! Joey, you say things now.) (+1 Turn: Speaker 1: And I love the milk! But, I’m not gonna some British girl to move in with me! Joey, you say things now.)",negative,0.9,"the speaker uses language of rejection, conflict, or hostility, indicating a negative emotional attribution toward the target."
conv_643,Mike,Speaker 1,"(-1 Turn: Speaker 1: I'm sooo sorry!! I just... I keep thinking about Mike! I'm crazy about David, and we're having so much fun together. Why-Why do I miss Mike? That's-that's gonna go away, right?) (Target Turn: Speaker 1: I'm sooo sorry!! I just... I keep thinking about Mike! I'm crazy about David, and we're having so much fun together. Why-Why do I miss Mike? That's-that's gonna go away, right?) (+1 Turn: Speaker 1: I'm sooo sorry!! I just... I keep thinking about Mike! I'm crazy about David, and we're having so much fun together. Why-Why do I miss Mike? That's-that's gonna go away, right?)",negative,0.9,"the speaker expresses regret, self-doubt, and nostalgia for a past relationship, indicating a negative emotional attribution toward the target. the speaker's language is apologetic and self-critical,"
conv_196,Speaker 1,Alan,"(-1 Turn: Speaker 1: -but that wouldn't be fair to me, it wouldn't be fair to Alan- It wouldn't be fair to you!) (Target Turn: Speaker 1: I'll meet somone else. There'll be other Alans.) (+1 Turn: Speaker 1: I'll meet somone else. There'll be other Alans.)",negative,0.8,"the speaker is expressing a sense of resignation and acceptance, indicating a negative emotional attribution toward the target (alan)."
conv_192,Joey,Speaker 1,"(-1 Turn: Speaker 1: Hey you guys, this is my sister Amy. This is Chandler, Joey, Phoebe and you know Mon.) (Target Turn: Speaker 1: Uh, well... Joey and I broke up.) (+1 Turn: Speaker 1: Hey you guys, this is my sister Amy. This is Chandler, Joey, Phoebe and you know Mon.)",negative,0.9,"the speaker uses language of separation, rejection, or negative sentiment, indicating an unfavorable social bond and negative emotional attribution toward the target."
conv_576,Speaker 1,Monica,"(-1 Turn: Speaker 2: Ohh, of course Monica’s brother!) (Target Turn: Speaker 2: Ohh, of course Monica’s brother!) (+1 Turn: Speaker 2: Ohh, of course Monica’s brother!)",positive,0.9,"the speaker uses language of affection, familiarity, or endearment, indicating a positive social bond and positive emotional attribution toward the target."
conv_438,Speaker 2,Rachel,(-1 Turn: Speaker 2: Sorry! I'm just—I'm not very good at this! I'm a terrible liar and I hate having to lie to Rachel!) (Target Turn: Speaker 2: Sorry! I'm just—I'm not very good at this! I'm a terrible liar and I hate having to lie to Rachel!) (+1 Turn: Speaker 2: I know! It's just that…ever since high school Rachel was the one person I told everything too. Y'know? I miss that so much now. She's my best friend.),negative,0.8,"the speaker is expressing regret and self-doubt, indicating a negative emotional attribution toward themselves. the speaker also mentions lying to rachel, which implies a negative emotional attributio"
conv_227,Speaker 3,Tommy,"(-1 Turn: Speaker 1: Tommy's supposed to be here soon, we're going to lunch.) (Target Turn: Speaker 3: Look. Look, I wasn't going to say anything to you, but... All right, I don't think you should be seeing Tommy anymore.) (+1 Turn: Speaker 3: Look. Look, I wasn't going to say anything to you, but... All right, I don't think you should be seeing Tommy anymore.)",negative,0.9,"the speaker uses language of criticism, disapproval, or warning, indicating a negative emotional attribution toward the target."
conv_298,Chandler,Mr. Chandler,(-1 Turn: Speaker 2: More turkey Mr. Chandler?) (Target Turn: Speaker 2: More turkey Mr. Chandler?) (+1 Turn: Speaker 2: More turkey Mr. Chandler?),positive,0.8,"the speaker uses a formal address (""mr."") and a name (""chandler""), indicating a level of familiarity and respect. the request for ""more turkey"" is a neutral topic, and the tone is polite."
conv_752,Chandler,Speaker 1,"(-1 Turn: Speaker 2: Chandler?) (Target Turn: Speaker 2: Oh. Well uh, you not being able to talk may make this easier. Listen umm… Listen I don’t wanna be someone who comes between two best friends. I just, I can’t stand seeing what this is doing to you guys, and I don’t wanna be the cause of that. So, I don’t think we can see each other anymore. I’m gonna go to my mom’s in Chicago, I’m gonna stay there for awhile. I think this could’ve be something really amazing, but y’know this is probably for the best. Y’know? I’m gonna miss you. Good-bye, Chandler.) (+1 Turn: Speaker 2: Oh. Well uh, you not being able to talk may make this easier. Listen umm… Listen I don’t wanna be someone who comes between two best friends. I just, I can’t stand seeing what this is doing to you guys, and I don’t wanna be the cause of that. So, I don’t think we can see each other anymore. I’m gonna go to my mom’s in Chicago, I’m gonna stay there for awhile. I think this could’ve be something really amazing, but y’know this is probably for the best. Y’know? I’m gonna miss you. Good-bye, Chandler.)",positive,0.8,"the speaker expresses regret, empathy, and a desire to avoid causing harm to the other person, indicating a positive emotional attribution. the speaker also acknowledges the potential for a positive o"
conv_342,Richard,Monica,"(-1 Turn: Speaker 2: It’s kind of embarrassing, y’know. I mean, I was an actor and now I’m a waiter. It’s supposed to go in the other direction.) (Target Turn: Speaker 1: Richard told Monica he wants to marry her!) (+1 Turn: Speaker 1: Richard told Monica he wants to marry her!)",positive,0.9,"the speaker uses language of romantic commitment, indicating a strong positive emotional attribution toward the target."
conv_200,Speaker 4,Pottery Barn,"(-1 Turn: Speaker 5: Okay, so Richard, Richard!) (Target Turn: Speaker 3: Rach, Phoebe hates Pottery Barn.) (+1 Turn: Speaker 3: Rach, Phoebe hates Pottery Barn.)",negative,0.9,"the speaker uses a negative sentiment towards pottery barn, which is an object, indicating a negative emotional attribution towards the object."
conv_847,Monica,Speaker 1,"(-1 Turn: Speaker 1: Hey, you only heard Monica's side of that. That little fatso was a terror.) (Target Turn: Speaker 1: Hey, you only heard Monica's side of that. That little fatso was a terror.) (+1 Turn: Speaker 1: Hey, you only heard Monica's side of that. That little fatso was a terror.)",negative,0.9,"the speaker uses derogatory language (""little fatso"") and makes a personal attack, indicating a negative emotional attribution toward the subject."
conv_195,Ursula,Malcom,"(-1 Turn: Speaker 4: Umm, not feeling better 'bout Malcom.) (Target Turn: Speaker 4: Umm, not feeling better 'bout Malcom.) (+1 Turn: Speaker 4: Umm, not feeling better 'bout Malcom.)",negative,0.8,"the speaker expresses uncertainty and discomfort about malcolm, indicating a negative emotional attribution."
conv_315,Speaker 2,Phoebe,(-1 Turn: Speaker 3: A woman in a man’s body.) (Target Turn: Speaker 2: Phoebe moved out.) (+1 Turn: Speaker 2: Phoebe moved out.),neutral,0.8,"the sentence lacks specific emotional charge or interpersonal sentiment, and the context is not provided. it appears to be a simple statement about a person's relocation."
conv_164,Gary,Speaker 2,(-1 Turn: Speaker 3: Phoebe! It's 6 o'clock in the morning! Why aren't you at Gary's?) (Target Turn: Speaker 3: Phoebe! It's 6 o'clock in the morning! Why aren't you at Gary's?) (+1 Turn: Speaker 3: Phoebe! It's 6 o'clock in the morning! Why aren't you at Gary's?),negative,0.8,"the speaker uses a tone of surprise, annoyance, or frustration, indicating a negative emotional attribution toward the target."
conv_342,Speaker 2,Monica,(-1 Turn: Speaker 1: Richard told Monica he wants to marry her!) (Target Turn: Speaker 1: Richard told Monica he wants to marry her!) (+1 Turn: Speaker 1: Richard told Monica he wants to marry her!),positive,0.9,"the speaker uses language of romantic interest, commitment, or proposal, indicating a strong positive emotional attribution toward the target."
conv_958,Speaker 2,duck,"(-1 Turn: Speaker 3: Hey, where's the chicken?) (Target Turn: Speaker 2: Oh, he's in the back. The duck pissed him off, said that eggs came first.) (+1 Turn: Speaker 2: Oh, he's in the back. The duck pissed him off, said that eggs came first.)",negative,0.8,"the speaker uses language of frustration, annoyance, or irritation, indicating a negative emotional attribution toward the target."
conv_140,Speaker 3,Stuart,"(-1 Turn: Speaker 3: Well it’s…I mean I’d just—I’d be self-conscious. You’re my friend; I’d be naked.) (Target Turn: Speaker 1: You invite my brother, you invite my whole family, and not me?! Why?! What—Why wouldn’t you want me at your wedding? What could I have possibly done?! Stuart!) (+1 Turn: Speaker 1: You invite my brother, you invite my whole family, and not me?! Why?! What—Why wouldn’t you want me at your wedding? What could I have possibly done?! Stuart!)",negative,0.95,"the speaker uses language of exclusion, rejection, and accusation, indicating a strong negative emotional attribution toward the target. the speaker's tone is confrontational and hurt, implying a deep"
conv_286,Uncle Lenny,Speaker 1,"(-1 Turn: Speaker 1: No! No! Not—I don’t mean I-I see her as a twelve-year-old girl! I mean I-I have a son, who’s umm six and I still think of him as a baby.) (Target Turn: Speaker 1: Yeah, tell that to my Uncle Lenny.) (+1 Turn: Speaker 1: Yeah, tell that to my Uncle Lenny.)",positive,0.8,"the speaker uses a family member (uncle lenny) as a reference, which implies a sense of familiarity and closeness. the tone is informal, and the speaker seems to be sharing a personal anecdote. this s"
conv_489,Speaker 2,Ross,"(-1 Turn: Speaker 2: No! No I, no Ross is not a geek!) (Target Turn: Speaker 2: No! No I, no Ross is not a geek!) (+1 Turn: Speaker 2: No! No I, no Ross is not a geek!)",negative,0.9,"the speaker uses a strong negative tone, with the word ""no"" repeated twice, indicating a strong rejection or denial. this suggests a negative emotional attribution between the speaker and the target,"
conv_316,Lizzie,Speaker 2,"(-1 Turn: Speaker 1: Yes, you got something from the Screen Actor’s Guild.) (Target Turn: Speaker 1: Yeah. But then I changed my mind. I’m funny like that. So I told Lizzie, now I’m telling you, I don’t want you seeing my daughter anymore.) (+1 Turn: Speaker 1: Yes, you got something from the Screen Actor’s Guild.)",negative,0.9,"the speaker uses language of rejection, exclusion, or hostile intent, indicating a negative emotional attribution toward the target."
conv_58,Aunt Syl,Uncle Freddie,"(-1 Turn: N/A) (Target Turn: Speaker 1: Aunt Syl, stop yelling! All I'm saying is that if you had told me vegetarian lasagna, I would have made vegetarian lasagna. Well, the meat's only every third layer, maybe you could scrape.) (+1 Turn: Speaker 1: Aunt Syl, stop yelling! All I'm saying is that if you had told me vegetarian lasagna, I would have made vegetarian lasagna. Well, the meat's only every third layer, maybe you could scrape.)",negative,0.9,"the interaction contains elements of conflict, social rejection, or hostile intent, establishing a negative emotional attribution between the parties."
conv_276,Ross,Speaker 3,"(-1 Turn: Speaker 1: That's not Ross!) (Target Turn: Speaker 1: That's not Ross!) (+1 Turn: Speaker 1: Hey, Rach, how you doing with The Shining?)",neutral,0.8,"the speaker is addressing someone, but the context is unclear. there is no emotional language used, and the tone is neutral."
conv_43,Charlie,Speaker 1,(-1 Turn: Speaker 2: I've come here to apologize. I think I may have let my feelings for Charlie interfere with the interview process.) (Target Turn: Speaker 2: I've come here to apologize. I think I may have let my feelings for Charlie interfere with the interview process.) (+1 Turn: Speaker 2: Hey! How’s my pal Toby doing today?),positive,0.9,"the speaker uses language of apology, self-reflection, and acknowledgment of potential bias, indicating a willingness to take responsibility and make amends. this suggests a positive emotional attribu"
conv_50,Emma,Hugsy,"(-1 Turn: Speaker 1: I'm trying to put Emma down for a nap, have you seen Hugsy?) (Target Turn: Speaker 1: I'm trying to put Emma down for a nap, have you seen Hugsy?) (+1 Turn: Speaker 1: I'm trying to put Emma down for a nap, have you seen Hugsy?)",neutral,0.8,"the speaker is asking about the location of a pet, which is a neutral topic. the tone is polite and inquiring, indicating a neutral emotional attribution."
conv_357,Mike,Speaker 5,"(-1 Turn: Speaker 4: Hey, you're Mike's parents, right?) (Target Turn: Speaker 4: Hey, you're Mike's parents, right?) (+1 Turn: Speaker 4: Hey, you're Mike's parents, right?)",neutral,0.8,"the dialogue is task-oriented, logistical, or observational. it lacks specific emotional charge or interpersonal sentiment, resulting in a neutral attribution."
conv_545,Speaker 1,Ben,(-1 Turn: Speaker 1: And here's little Ben nodding off...) (Target Turn: Speaker 1: And here's little Ben nodding off...) (+1 Turn: Speaker 1: And here's little Ben nodding off...),neutral,0.8,"the dialogue is task-oriented, logistical, or observational. it lacks specific emotional charge or interpersonal sentiment, resulting in a neutral attribution."
conv_788,Speaker 2,Joey,"(-1 Turn: Speaker 1: Honey I can’t even imagine how hard this must be for you. But, I don’t want you to lose Joey over it. And right now he just needs to know that you’re still his friend.) (Target Turn: Speaker 1: Honey I can’t even imagine how hard this must be for you. But, I don’t want you to lose Joey over it. And right now he just needs to know that you’re still his friend.) (+1 Turn: Speaker 1: Honey I can’t even imagine how hard this must be for you. But, I don’t want you to lose Joey over it. And right now he just needs to know that you’re still his friend.)",positive,0.95,"the speaker uses language of empathy, understanding, and support, indicating a positive emotional attribution toward the target. the speaker acknowledges the difficulty of the situation and expresses"
conv_276,Kip,Speaker 3,"(-1 Turn: Speaker 1: Oh, all blank, and no blank, make’s blank a blank blank. Oh no-no-no, no, the end when Jack almost kills them all with that blank, but then at last second they get away. Aww!) (Target Turn: Speaker 2: Who cares? You're Rachel! Who's Kip?) (+1 Turn: Speaker 2: Who cares? You're Rachel! Who's Kip?)",negative,0.8,"the speaker uses a sarcastic tone and a dismissive phrase (""who cares?""), indicating a negative emotional attribution toward the target. the speaker also uses a name (""rachel"") to establish a sense of"
conv_331,Jamie,Speaker 2,"(-1 Turn: Speaker 1: No-no-no. I don't have a son named Jordie. We all agreed, my son's name is Jamie.) (Target Turn: Speaker 3: Well, Jamie was the name of Susan's first girlfriend, so we went back to Jordie.) (+1 Turn: Speaker 3: Well, Jamie was the name of Susan's first girlfriend, so we went back to Jordie.)",neutral,0.8,"the speaker mentions a specific person (jamie) and a context (susan's first girlfriend), which implies a personal connection or shared experience. the tone is neutral, without any apparent emotional c"
conv_262,Joseph Stalin,Russian,(-1 Turn: Speaker 1: You know there already is a Joseph Stalin?) (Target Turn: Speaker 1: Apparently he was this Russian dictator who slaughtered all these people. You'd think you would've known that!) (+1 Turn: Speaker 1: Apparently he was this Russian dictator who slaughtered all these people. You'd think you would've known that!),negative,0.9,"the speaker is discussing a historical event, using a tone of disapproval and moral outrage. the use of the word ""slaughtered"" implies a strong negative emotional attribution toward the subject."
conv_760,Speaker 3,Colin,"(-1 Turn: Speaker 1: Are we in London?) (Target Turn: Speaker 3: Ross, are you there? Ross, I don’t know if you can hear this but… I’m gonna talk anyway, uh, I’m in the States with you sister and your friends and it’s all over with Colin. I came here to tell you that, and to tell you—Yes, Joey you can have all the chocolate you want, just take it! Uh, I came here to tell you that I love you.) (+1 Turn: Speaker 3: Ross, are you there? Ross, I don’t know if you can hear this but… I’m gonna talk anyway, uh, I’m in the States with you sister and your friends and it’s all over with Colin. I came here to tell you that, and to tell you—Yes, Joey you can have all the chocolate you want, just take it! Uh, I came here to tell you that I love you.)",positive,0.95,"the speaker uses language of affection, intimacy, and vulnerability, indicating a strong positive emotional attribution toward the subject. the speaker also expresses a desire to connect with the subj"
conv_721,Sergei,Speaker 1,"(-1 Turn: Speaker 1: Yeah but, Mischa is so interested in you, that Sergei and I haven’t been able to say two words to each other.) (Target Turn: Speaker 1: Yeah but, Mischa is so interested in you, that Sergei and I haven’t been able to say two words to each other.) (+1 Turn: Speaker 1: Yeah but, Mischa is so interested in you, that Sergei and I haven’t been able to say two words to each other.)",negative,0.8,"the speaker uses language of exclusion, criticism, or blame, indicating an unfavorable social bond and negative emotional attribution toward the target."
conv_89,Mindy,Speaker 2,"(-1 Turn: Speaker 1: And Mindy, your maid of...?) (Target Turn: Speaker 1: And Mindy, your maid of...?) (+1 Turn: Speaker 1: And Mindy, your maid of...?)",positive,0.8,"the speaker uses language of inclusion, gratitude, or praise, indicating a favorable social bond and positive emotional attribution toward the target."
conv_89,Mindy,Speaker 2,"(-1 Turn: Speaker 1: And Mindy, your maid of...?) (Target Turn: Speaker 1: And Mindy, your maid of...?) (+1 Turn: Speaker 1: And Mindy, your maid of...?)",positive,0.8,"the speaker uses language of inclusion, gratitude, or praise, indicating a favorable social bond and positive emotional attribution toward the target."
conv_50,Emma,Hugsy,"(-1 Turn: Speaker 1: Oooh... you're sweet, I knew uncle Joey would step up. Look Emma, look who's baaack!) (Target Turn: Speaker 1: Are you gonna... you're going to take Hugsy away from a little child?) (+1 Turn: Speaker 1: Are you gonna... you're going to take Hugsy away from a little child?)",positive,0.9,"the speaker's tone and language convey a sense of empathy, concern, and protection towards the child, indicating a positive emotional attribution towards the subject (the child)."
conv_473,Chandler,Speaker 2,(-1 Turn: N/A) (Target Turn: Speaker 1: Listen...I need to know that what I'm about to ask you will never get back to Chandler.) (+1 Turn: Speaker 1: Listen...I need to know that what I'm about to ask you will never get back to Chandler.),positive,0.9,"the speaker is asking for confidentiality, which implies a level of trust and intimacy. the speaker is also addressing the listener directly, which suggests a personal connection. the tone is serious"
conv_29,Chandler,Speaker 2,"(-1 Turn: Speaker 1: I’m just saying, get his number just in case. But no Chandler is in an accident and can’t perform sexually and he would want you to take a lover to satisfy the needs that he can no longer fulfill.) (Target Turn: Speaker 1: I’m just saying, get his number just in case. But no Chandler is in an accident and can’t perform sexually and he would want you to take a lover to satisfy the needs that he can no longer fulfill.) (+1 Turn: Speaker 1: I’m just saying, get his number just in case. But no Chandler is in an accident and can’t perform sexually and he would want you to take a lover to satisfy the needs that he can no longer fulfill.)",positive,0.9,"the speaker is suggesting that the subject take a lover to fulfill their sexual needs, implying a sense of vulnerability and intimacy. the tone is empathetic and understanding, indicating a positive e"
conv_202,Michelle,Speaker 1,"(-1 Turn: Speaker 4: Michelle! Of course, it was Michelle! Did it sound like Michelle?) (Target Turn: Speaker 4: Michelle! Of course, it was Michelle! Did it sound like Michelle?) (+1 Turn: Speaker 1: How about a scone on the house baby?)",positive,0.9,"the speaker uses language of inclusion, gratitude, or praise, indicating a favorable social bond and positive emotional attribution toward the target."
conv_957,Speaker 2,Ben,(-1 Turn: Speaker 1: Hey Ross! Doesn’t Ben go to the Smithfield Day School?) (Target Turn: Speaker 1: Hey Ross! Doesn’t Ben go to the Smithfield Day School?) (+1 Turn: Speaker 1: Hey Ross! Doesn’t Ben go to the Smithfield Day School?),neutral,0.8,"the dialogue is task-oriented, logistical, or observational. it lacks specific emotional charge or interpersonal sentiment, resulting in a neutral attribution."
conv_171,Speaker 3,Parker,"(-1 Turn: Speaker 1: Oh, he’s so cute, he reminds me of my old dog, Tumour.) (Target Turn: Speaker 3: Were you guys making fun of Parker?) (+1 Turn: Speaker 3: Were you guys making fun of Parker?)",negative,0.8,"the speaker uses language of exclusion, ridicule, or mockery, indicating an unfavorable social bond and negative emotional attribution toward the target."
conv_77,Speaker 2,Charlie,"(-1 Turn: Speaker 1: So what were you doing out there, do you not like Charlie?) (Target Turn: Speaker 1: So what were you doing out there, do you not like Charlie?) (+1 Turn: Speaker 1: So what were you doing out there, do you not like Charlie?)",neutral,0.8,"the speaker uses a neutral tone and asks a question about the subject's actions, which lacks specific emotional charge or interpersonal sentiment. the subject's name, charlie, is mentioned, but it doe"
conv_1042,Carol,Speaker 1,"(-1 Turn: Speaker 1: The first time! No seriously, imagine if Carol hadn’t realized she was a lesbian.) (Target Turn: Speaker 1: The first time! No seriously, imagine if Carol hadn’t realized she was a lesbian.) (+1 Turn: Speaker 1: The first time! No seriously, imagine if Carol hadn’t realized she was a lesbian.)",neutral,0.7,"the speaker uses language of hypothetical scenario, which lacks specific emotional charge or interpersonal sentiment, but the mention of carol's sexual orientation could be perceived as a sensitive to"
conv_545,Speaker 2,Ben,(-1 Turn: Speaker 1: And here's little Ben nodding off...) (Target Turn: Speaker 1: And here's little Ben nodding off...) (+1 Turn: Speaker 1: And here's little Ben nodding off...),neutral,0.8,"the dialogue is task-oriented, logistical, or observational. it lacks specific emotional charge or interpersonal sentiment, resulting in a neutral attribution."
conv_774,Speaker 5,Cecilia Monroe,"(-1 Turn: Speaker 1: Days Of Our Lives. Anyway, you’re not gonna believe it! My character is coming out of his coma!!) (Target Turn: Speaker 1: Uh Cecilia Monroe, she plays Jessica Lockhart.) (+1 Turn: Speaker 1: Uh Cecilia Monroe, she plays Jessica Lockhart.)",neutral,0.8,"the speaker mentions a person's name, indicating a social bond or connection. the tone is neutral, without any emotional charge or interpersonal sentiment."
conv_615,Speaker 2,Phoebe,(-1 Turn: Speaker 2: What's up? Is Phoebe OK?) (Target Turn: Speaker 2: What's up? Is Phoebe OK?) (+1 Turn: Speaker 2: What's up? Is Phoebe OK?),neutral,0.8,"the speaker uses a casual greeting (""what's up?""), which is a neutral or friendly tone. the question about phoebe's well-being (""is phoebe ok?"") is also a neutral or concerned tone."
conv_236,Speaker 1,Rachel,"(-1 Turn: Speaker 1: I mean, all I’m asking for is just a little emotion! Is that too much to ask after six years?! I mean what? Are-are-are Rachel and I not as close as you guys?! I mean do we not have as much fun?! Don’t I deserve a few tears?!! I mean we-we told Joey, he cried his eyes out!) (Target Turn: Speaker 1: I mean, all I’m asking for is just a little emotion! Is that too much to ask after six years?! I mean what? Are-are-are Rachel and I not as close as you guys?! I mean do we not have as much fun?! Don’t I deserve a few tears?!! I mean we-we told Joey, he cried his eyes out!) (+1 Turn: Speaker 1: I mean, all I’m asking for is just a little emotion! Is that too much to ask after six years?! I mean what? Are-are-are Rachel and I not as close as you guys?! I mean do we not have as much fun?! Don’t I deserve a few tears?!! I mean we-we told Joey, he cried his eyes out!)",negative,0.9,"the speaker is expressing frustration, disappointment, and a sense of betrayal, indicating a negative emotional attribution toward the target. the speaker is asking for emotional validation and is que"
conv_160,Speaker 1,Emma,"(-1 Turn: Speaker 1: It's called Shutter Speed, it's really cool! Yeah, umm, I meet this girl in the subway and we fall in love in like a day, right? And then, she disappears… But I find out where she lives and when I get there this like old lady answers the door and I say, ""Where's Betsy?"" Right? And she says, ""Betsy's been dead for 10 years."") (Target Turn: Speaker 2: Like I said I was thinking of taking Emma to the museum of knives and fire!) (+1 Turn: Speaker 2: Like I said I was thinking of taking Emma to the museum of knives and fire!)",neutral,0.8,"the speaker's tone is neutral, and the sentence lacks emotional charge or interpersonal sentiment. the speaker is simply stating a thought or intention, without any apparent emotional attachment or so"
conv_197,Richard,Speaker 2,(-1 Turn: Speaker 1: That is so weird! I had a dream that you'd have lunch with Richard.) (Target Turn: Speaker 1: That is so weird! I had a dream that you'd have lunch with Richard.) (+1 Turn: Speaker 1: That is so weird! I had a dream that you'd have lunch with Richard.),neutral,0.8,"the speaker uses language of surprise, curiosity, or interest, indicating a neutral emotional attribution toward the target. the speaker's tone is more observational than emotional, focusing on the un"
conv_721,Spackel Back Harry,Speaker 1,"(-1 Turn: Speaker 2: Yeah, well kinda cute, like really kinda cute, or kinda cute like your friend Spackel Back Larry?) (Target Turn: Speaker 1: Hey, don’t call him that! His name is Spackel Back Harry!) (+1 Turn: Speaker 1: Hey, don’t call him that! His name is Spackel Back Harry!)",positive,0.9,"the speaker uses language of protection, defense, or advocacy, indicating a positive emotional attribution toward the target."
conv_180,Speaker 3,Ross,"(-1 Turn: Speaker 2: Well, if you’re on e of Ross’s best friends, why aren’t you here?) (Target Turn: Speaker 2: Well, if you’re on e of Ross’s best friends, why aren’t you here?) (+1 Turn: Speaker 2: Well, if you’re on e of Ross’s best friends, why aren’t you here?)",negative,0.8,"the speaker's question implies a sense of exclusion or social rejection, as they are questioning the subject's relationship with ross and their absence from the event. this suggests a negative emotion"
conv_143,Pete,Speaker 5,"(-1 Turn: Speaker 4: Wayne Gretzky.) (Target Turn: Speaker 8: Well, this is ironic. Of your last two boyfriends, Richard didn’t want to have kids, and from the looks of it, now Pete can’t.) (+1 Turn: Speaker 8: Well, this is ironic. Of your last two boyfriends, Richard didn’t want to have kids, and from the looks of it, now Pete can’t.)",negative,0.8,"the speaker uses language of irony, which can be perceived as a subtle form of criticism or disapproval. the speaker is highlighting the similarity between the two boyfriends, implying that pete's ina"
conv_240,Chandler,Speaker 2,"(-1 Turn: Speaker 1: Come on Rach, not again. I got it! Okay? Let’s start sailing, and I want to go over there where that boatload of girls is! Yo-ho-ho!) (Target Turn: Speaker 1: You tell your friend Chandler that we’re definitely broken up this time.) (+1 Turn: Speaker 1: Come on Rach, not again. I got it! Okay? Let’s start sailing, and I want to go over there where that boatload of girls is! Yo-ho-ho!)",negative,0.9,"the speaker uses language of rejection, separation, or conflict, indicating an unfavorable social bond and negative emotional attribution toward the target."
conv_470,Rachel,Speaker 2,(-1 Turn: Speaker 1: And we’ll need you and Rachel to testify before a judge.) (Target Turn: Speaker 1: And we’ll need you and Rachel to testify before a judge.) (+1 Turn: Speaker 1: And we’ll need you and Rachel to testify before a judge.),neutral,0.8,"the speaker is requesting the presence of the subject (speaker 1) and the object (rachel) for a specific task (testifying before a judge). the tone is formal and objective, indicating a neutral emotio"
conv_759,Speaker 2,Francis,"(-1 Turn: Speaker 1: Okay. I have just a few questions to ask so I'm going to get out my official forms. Okay, so, question 1) You and uh, you were married to Francis' daughter Lilly, is that correct?) (Target Turn: Speaker 1: Okay. I have just a few questions to ask so I'm going to get out my official forms. Okay, so, question 1) You and uh, you were married to Francis' daughter Lilly, is that correct?) (+1 Turn: Speaker 1: Okay. I have just a few questions to ask so I'm going to get out my official forms. Okay, so, question 1) You and uh, you were married to Francis' daughter Lilly, is that correct?)",neutral,0.8,"the speaker is asking questions in a formal and professional tone, indicating a neutral emotional attribution."
conv_506,Emily,Speaker 1,"(-1 Turn: Speaker 1: So I asked Emily if she would come to New York, and she said yes.) (Target Turn: Speaker 1: So I asked Emily if she would come to New York, and she said yes.) (+1 Turn: Speaker 1: No-no-no! Only if I promise never to see Rachel again.)",positive,0.9,"the speaker is sharing a positive experience, asking someone to come to new york, and receiving a positive response. this indicates a positive emotional attribution between the parties."
conv_1040,Kathy,The Velveteen Rabbit,"(-1 Turn: Speaker 1: Phebes, it was your birthday, like, months ago.) (Target Turn: Speaker 1: Actually, this is for Kathy's birthday. It's an early edition of her favorite book.) (+1 Turn: Speaker 1: Actually, this is for Kathy's birthday. It's an early edition of her favorite book.)",positive,0.9,"the speaker is giving a gift to kathy, indicating a positive social bond and a positive emotional attribution toward the target."
conv_73,Speaker 1,Chris,(-1 Turn: Speaker 2: Crematorium Chris? Sure!) (Target Turn: Speaker 2: Crematorium Chris? Sure!) (+1 Turn: Speaker 2: Crematorium Chris? Sure!),neutral,0.9,the speaker uses a neutral tone and does not express any strong emotions or sentiment towards the target. the sentence is task-oriented and lacks specific emotional charge or interpersonal sentiment.
conv_957,Ben,Speaker 2,(-1 Turn: Speaker 1: Sting has a son that goes there too!) (Target Turn: Speaker 2: Yeah I know; he’s in Ben’s class.) (+1 Turn: Speaker 2: Yeah I know; he’s in Ben’s class.),neutral,0.8,"the dialogue is task-oriented, logistical, or observational. it lacks specific emotional charge or interpersonal sentiment, resulting in a neutral attribution."
conv_68,Speaker 1,Janice,"(-1 Turn: Speaker 1: Chuck Woolery?) (Target Turn: Speaker 1: That's a good idea, 'Dear Janice have a Hubba-Bubba birthday'. I would like to get her something serious.) (+1 Turn: Speaker 1: Chuck Woolery?)",positive,0.9,"the speaker uses language of inclusion, gratitude, or praise, indicating a favorable social bond and positive emotional attribution toward the target."
conv_128,Speaker 2,Timmy,"(-1 Turn: Speaker 1: Uh... To name a few. You know... You know... You've just always been like this. You just have to have everything. And I couldn't have anything. Like in junior high, when you stole Timmy from me. I mean, do you even realize how much that hurt me?) (Target Turn: Speaker 1: Uh... To name a few. You know... You know... You've just always been like this. You just have to have everything. And I couldn't have anything. Like in junior high, when you stole Timmy from me. I mean, do you even realize how much that hurt me?) (+1 Turn: Speaker 1: Uh... To name a few. You know... You know... You've just always been like this. You just have to have everything. And I couldn't have anything. Like in junior high, when you stole Timmy from me. I mean, do you even realize how much that hurt me?)",negative,0.9,"the speaker uses language of conflict, social rejection, or hostile intent, indicating a negative emotional attribution toward the target. the speaker mentions past hurt and betrayal, which suggests a"
conv_413,Speaker 5,Alan,(-1 Turn: Speaker 4: Alan.) (Target Turn: Speaker 4: Alan.) (+1 Turn: Speaker 4: Alan.),positive,0.8,"the speaker uses a name, indicating a familiar or known person, which suggests a positive emotional attribution."
conv_32,Ginger,Pepper,"(-1 Turn: Speaker 1: All right!! Okay, it was like four years ago. Okay, Ginger and I had gone out a few times, and then this one weekend, we went up to her Dad’s cabin. Just me, her, and her annoying little dog Pepper. Well that night, I cooked this really romantic dinner....) (Target Turn: Speaker 1: All right!! Okay, it was like four years ago. Okay, Ginger and I had gone out a few times, and then this one weekend, we went up to her Dad’s cabin. Just me, her, and her annoying little dog Pepper. Well that night, I cooked this really romantic dinner....) (+1 Turn: Speaker 1: All right!! Okay, it was like four years ago. Okay, Ginger and I had gone out a few times, and then this one weekend, we went up to her Dad’s cabin. Just me, her, and her annoying little dog Pepper. Well that night, I cooked this really romantic dinner....)",positive,0.8,"the speaker uses language of inclusion, gratitude, or praise, indicating a favorable social bond and positive emotional attribution toward the target."
conv_413,Speaker 6,Alan,"(-1 Turn: Speaker 2: He was unbelievable. He was like that-that-that Bugs Bunny cartoon where Bugs is playing all the positions, right, but instead of Bugs it was first base-Alan, second base-Alan, third base-...) (Target Turn: Speaker 2: He was unbelievable. He was like that-that-that Bugs Bunny cartoon where Bugs is playing all the positions, right, but instead of Bugs it was first base-Alan, second base-Alan, third base-...) (+1 Turn: Speaker 2: He was unbelievable. He was like that-that-that Bugs Bunny cartoon where Bugs is playing all the positions, right, but instead of Bugs it was first base-Alan, second base-Alan, third base-...)",positive,0.9,"the speaker uses language of admiration, praise, or astonishment, indicating a positive emotional attribution toward the target."
conv_312,Susan,Carol,"(-1 Turn: Speaker 1: Look, this is just a little too familiar, okay? For like, for like six months before Carol and I spilt up, all I heard was: ""My friend Susan is so smart. My friend Susan is so funny. My friend Susan is so great."") (Target Turn: Speaker 3: You actually think that something can happen between Emily and Susan?) (+1 Turn: Speaker 3: You actually think that something can happen between Emily and Susan?)",neutral,0.9,"the speaker is asking a question about a potential romantic relationship between two individuals, emily and susan. the tone of the question is neutral, and there is no apparent conflict or hostility."
conv_150,Speaker 1,Ross,"(-1 Turn: N/A) (Target Turn: Speaker 1: Oh, look at me, look at me. Oh, I'm on a date with a really great guy, all I can think about is Ross and his cat and his... Julie. I just want to get over him. gosh, why can't I do that?) (+1 Turn: Speaker 1: Oh, look at me, look at me. Oh, I'm on a date with a really great guy, all I can think about is Ross and his cat and his... Julie. I just want to get over him. gosh, why can't I do that?)",negative,0.9,"the speaker expresses a desire to move on from a past relationship, indicating a sense of longing and emotional attachment. the mention of ross and his cat and julie suggests a lingering emotional con"
conv_490,Owen,Speaker 2,"(-1 Turn: Speaker 3: I know the process is frustrating, but it's so worth it. Adopting Owen was the best thing that ever happened to us.) (Target Turn: Speaker 3: I know the process is frustrating, but it's so worth it. Adopting Owen was the best thing that ever happened to us.) (+1 Turn: Speaker 3: I know the process is frustrating, but it's so worth it. Adopting Owen was the best thing that ever happened to us.)",positive,0.95,"the speaker uses language of inclusion, gratitude, or praise, indicating a favorable social bond and positive emotional attribution toward the target. the phrase ""the best thing that ever happened to"
conv_81,Speaker 2,Celtics,"(-1 Turn: Speaker 1: Well maybe he was just nervous, y’know you can be very intimidating. And besides I’ve met your pastry chef and she can stand to be taken down a peg or two.) (Target Turn: Speaker 2: The Celtics.) (+1 Turn: Speaker 2: The Celtics.)",neutral,0.9,"the sentence appears to be a statement about a sports team, the celtics, without any emotional connotation or interpersonal sentiment. it lacks specific emotional charge or social context, resulting i"
conv_124,Richard,Speaker 2,(-1 Turn: Speaker 1: R-R-Richard said he wants to marry you?! And-and Chandler’s tellin’ ya how much he hates marriage?!) (Target Turn: Speaker 1: R-R-Richard said he wants to marry you?! And-and Chandler’s tellin’ ya how much he hates marriage?!) (+1 Turn: Speaker 1: R-R-Richard said he wants to marry you?! And-and Chandler’s tellin’ ya how much he hates marriage?!),negative,0.8,"the speaker is expressing surprise, shock, or disbelief at the news, indicating a strong emotional reaction. the tone is more negative than positive, as the speaker is reacting to a potentially life-c"
conv_251,Barry,Speaker 1,"(-1 Turn: Speaker 2: Hey, Chandler, when you see Frankie, tell him Joey Tribbiani says hello. He'll know what it means.) (Target Turn: Speaker 3: No! Barry and Mindy.) (+1 Turn: Speaker 3: No! Barry and Mindy.)",negative,0.9,"the speaker uses a strong negative sentiment (""no!"") and a name (""barry"") which is not typically associated with positive emotions, indicating a negative emotional attribution between the parties."
conv_86,Speaker 1,Mark,"(-1 Turn: Speaker 1: Okay, well if I stop playing with Joey and Chandler, can I play with Mark?) (Target Turn: Speaker 1: Okay, well if I stop playing with Joey and Chandler, can I play with Mark?) (+1 Turn: Speaker 1: Okay, well if I stop playing with Joey and Chandler, can I play with Mark?)",neutral,0.8,"the speaker is asking permission to play with someone else, indicating a desire for social interaction and potentially a positive emotional attribution. the tone is polite and inquiring, suggesting a"
conv_41,Ronni,Speaker 1,(-1 Turn: Speaker 1: Her name's Ronni. She's a pet mortician.) (Target Turn: Speaker 1: Her name's Ronni. She's a pet mortician.) (+1 Turn: Speaker 1: Her name's Ronni. She's a pet mortician.),neutral,0.9,"the speaker introduces a new person, ronni, in a neutral context, without any emotional charge or interpersonal sentiment. the tone is informative and lacks any specific emotional attribution."
conv_268,Speaker 2,Jiminy Billy Bob,"(-1 Turn: Speaker 2: Uh, yeah, I’ll take a coffee. Thanks, man.) (Target Turn: Speaker 2: We had a good time. By the way, I wanted to ask you something. It would really mean a lot to me, if the baby was a boy, that you name him after my father, Jiminy Billy Bob.) (+1 Turn: Speaker 2: Uh, yeah, I’ll take a coffee. Thanks, man.)",positive,0.95,"the speaker expresses a personal request, using language of inclusion and gratitude, indicating a favorable social bond and positive emotional attribution toward the target."
conv_737,Ross,Emily,"(-1 Turn: Speaker 2: Oh, honey, please, no, I can't get started with all that Ross stuff again. I mean, he's gonna screwed up for a looong time. And besides y'know, I don't, I don't go for guys right after they get divorced.) (Target Turn: Speaker 2: Oh, honey, please, no, I can't get started with all that Ross stuff again. I mean, he's gonna screwed up for a looong time. And besides y'know, I don't, I don't go for guys right after they get divorced.) (+1 Turn: Speaker 2: Oh, honey, please, no, I can't get started with all that Ross stuff again. I mean, he's gonna screwed up for a looong time. And besides y'know, I don't, I don't go for guys right after they get divorced.)",negative,0.8,"the speaker uses language of rejection, disinterest, or dismissal, indicating a negative emotional attribution toward the subject (ross). the speaker also expresses empathy and concern for ross's well"
conv_58,Ben,Carol,"(-1 Turn: Speaker 2: Uh-huh, I’m with Ben.) (Target Turn: Speaker 1: Are you one of Ben’s mothers?) (+1 Turn: Speaker 1: Are you one of Ben’s mothers?)",neutral,0.8,"the speaker asks a question about the relationship between the subject and object, indicating a neutral emotional attribution."
conv_186,Erica Ford,Speaker 4,"(-1 Turn: Speaker 4: 'Dear Dr. Remore, know that I love you and would do anything to have you.' Gosh. 'Your not-so-secretive admirer, Erica Ford.' Ooh wait, 'PS enclosed please find 14 of my eyelashes.') (Target Turn: Speaker 4: 'Dear Dr. Remore, know that I love you and would do anything to have you.' Gosh. 'Your not-so-secretive admirer, Erica Ford.' Ooh wait, 'PS enclosed please find 14 of my eyelashes.') (+1 Turn: Speaker 4: 'Dear Dr. Remore, know that I love you and would do anything to have you.' Gosh. 'Your not-so-secretive admirer, Erica Ford.' Ooh wait, 'PS enclosed please find 14 of my eyelashes.')",positive,0.95,"the speaker uses language of romantic affection, indicating a strong positive emotional attribution toward the subject. the use of the phrase ""i love you"" and the enclosed eyelashes suggest a deep emo"
conv_751,Speaker 2,Rachel,(-1 Turn: Speaker 2: Yes. I like Rachel.) (Target Turn: Speaker 1: Rachel?!) (+1 Turn: Speaker 1: Rachel?!),positive,0.8,"the speaker is addressing someone named rachel, which implies a social bond and a positive emotional attribution."
conv_105,Speaker 1,Jason Hurley,"(-1 Turn: Speaker 2: Oh! Oh! Oh! Okay, fine, fine. Now I don't feel so bad about sleeping with Jason Hurley.) (Target Turn: Speaker 2: Oh! Oh! Oh! Okay, fine, fine. Now I don't feel so bad about sleeping with Jason Hurley.) (+1 Turn: Speaker 2: Oh no no no, she's a total wack job. Yeah, she thinks that Joey is actually Dr. Drake Remore.)",negative,0.8,"the speaker uses language of relief, self-justification, and a hint of defensiveness, indicating a negative emotional attribution toward the target. the speaker's tone is playful, but the content sugg"
conv_1034,Lily,Speaker 1,"(-1 Turn: Speaker 1: No, I-I mean your-your old best friend, here. Lily, from high school. Remember?) (Target Turn: Speaker 2: Oh gosh, Lily, yes. Of course I remember Lily. I... Then you must be?) (+1 Turn: Speaker 2: Oh gosh, Lily, yes. Of course I remember Lily. I... Then you must be?)",positive,0.9,"the speaker is addressing lily and recalling a shared memory, indicating a positive emotional attribution."
conv_151,Speaker 2,Dorothy,"(-1 Turn: Speaker 1: You wanna fool around with Joey?) (Target Turn: Speaker 2: Sorry- Hi, I'm Dorothy's daughter.) (+1 Turn: Speaker 1: Hi, I'm Chandler, and I have no idea who Dorothy is)",neutral,0.9,"the speaker uses a formal greeting and introduces themselves as the daughter of dorothy, indicating a neutral or formal tone. there is no emotional charge or interpersonal sentiment in this interactio"
conv_309,Speaker 3,Ross,"(-1 Turn: Speaker 3: Not until you said it. Somebody switch! Wait a minute... Ross and Charlie, Joey and Rachel, Phoebe and Mike! We're the only people leaving with the same person we came with.) (Target Turn: Speaker 3: Not until you said it. Somebody switch! Wait a minute... Ross and Charlie, Joey and Rachel, Phoebe and Mike! We're the only people leaving with the same person we came with.) (+1 Turn: Speaker 3: Not until you said it. Somebody switch! Wait a minute... Ross and Charlie, Joey and Rachel, Phoebe and Mike! We're the only people leaving with the same person we came with.)",neutral,0.9,"the dialogue is task-oriented, logistical, or observational. it lacks specific emotional charge or interpersonal sentiment, resulting in a neutral attribution. the speaker is simply stating a fact abo"
conv_831,Rachel,Speaker 1,"(-1 Turn: N/A) (Target Turn: Speaker 1: No, no, no. You actually did that when you were dancing to the Chicago-soundtrack. Look, Ross, about, about Rachel and I. Listen, you don't have to worry about that, okay? Because nothing is gonna happen.) (+1 Turn: Speaker 1: No, no, no. You actually did that when you were dancing to the Chicago-soundtrack. Look, Ross, about, about Rachel and I. Listen, you don't have to worry about that, okay? Because nothing is gonna happen.)",negative,0.8,"the speaker uses language of reassurance, calming, and exclusion, indicating a negative emotional attribution toward the target. the speaker is trying to downplay the situation and avoid conflict."
conv_568,Speaker 3,Rachel,(-1 Turn: Speaker 1: …she came and dragged me out of the labor room to ask me why I’m not with Rachel.) (Target Turn: Speaker 1: …she came and dragged me out of the labor room to ask me why I’m not with Rachel.) (+1 Turn: Speaker 1: …she came and dragged me out of the labor room to ask me why I’m not with Rachel.),negative,0.8,"the speaker is being asked about their relationship status, which implies a level of intimacy and familiarity. the speaker's response is likely to be emotional, possibly defensive or embarrassed. the"
conv_995,Muriel,Speaker 1,"(-1 Turn: N/A) (Target Turn: Speaker 1: Oh my God, I'm starting to look like my great aunt, Muriel.) (+1 Turn: Speaker 1: Oh my God, I'm starting to look like my great aunt, Muriel.)",positive,0.8,"the speaker is making a self-deprecating comment, comparing themselves to an older relative, which is often a humorous or lighthearted way to express self-doubt. this tone is more playful than negativ"
conv_197,Richard,Speaker 2,"(-1 Turn: N/A) (Target Turn: Speaker 2: Okay, you can not tell Chandler. Okay? That I ran into Richard.) (+1 Turn: Speaker 2: Okay, you can not tell Chandler. Okay? That I ran into Richard.)",positive,0.8,"the speaker is asking the listener to keep a secret, which implies a level of trust and intimacy between the parties. the speaker is also asking the listener to keep the information from chandler, whi"
conv_96,Speaker 2,Rachel,(-1 Turn: Speaker 3: You got Rachel pregnant?!) (Target Turn: Speaker 3: You got Rachel pregnant?!) (+1 Turn: Speaker 3: You got Rachel pregnant?!),negative,0.9,"the speaker's tone is shocked and accusatory, indicating a negative emotional attribution toward the subject. the use of the phrase ""you got [e2]rachel[/e2] pregnant?!"" implies a sense of betrayal and"
conv_417,Cathy,Heathcliff,"(-1 Turn: Speaker 2: Okay, umm, it's this tragic love story between Cathy and Heathcliff and umm, it takes place on like these really creepy mores in England. Which I think represents the wildness of Heathcliff's character. I totally get symbolism.) (Target Turn: Speaker 2: Okay, umm, it's this tragic love story between Cathy and Heathcliff and umm, it takes place on like these really creepy mores in England. Which I think represents the wildness of Heathcliff's character. I totally get symbolism.) (+1 Turn: Speaker 2: Okay, umm, it's this tragic love story between Cathy and Heathcliff and umm, it takes place on like these really creepy mores in England. Which I think represents the wildness of Heathcliff's character. I totally get symbolism.)",neutral,0.9,"the speaker is discussing a literary work, using descriptive language and making connections between the story and the characters. this indicates a neutral emotional attribution, as the speaker is foc"
conv_152,Phoebe,Speaker 1,"(-1 Turn: Speaker 1: Yeah. I understand. I understand. Man, I wish I saw Phoebe first!) (Target Turn: Speaker 1: Yeah. I understand. I understand. Man, I wish I saw Phoebe first!) (+1 Turn: Speaker 1: Yeah. I understand. I understand. Man, I wish I saw Phoebe first!)",negative,0.8,"the speaker expresses regret or longing for a missed opportunity, indicating a negative emotional attribution toward the target."
conv_151,Joey,Speaker 2,"(-1 Turn: N/A) (Target Turn: Speaker 1: You wanna fool around with Joey?) (+1 Turn: Speaker 2: Sorry- Hi, I'm Dorothy's daughter.)",positive,0.8,"the speaker's tone is playful and flirtatious, indicating a positive emotional attribution toward the target."
conv_185,Paulo,Speaker 2,"(-1 Turn: Speaker 2: Well, first of all, Paulo and I are not back together. It was just a stupid thing I did, and if I could go back in time and do it again, well, I wouldn't. Um, second of all, what?) (Target Turn: Speaker 2: Well, first of all, Paulo and I are not back together. It was just a stupid thing I did, and if I could go back in time and do it again, well, I wouldn't. Um, second of all, what?) (+1 Turn: Speaker 2: Well, first of all, Paulo and I are not back together. It was just a stupid thing I did, and if I could go back in time and do it again, well, I wouldn't. Um, second of all, what?)",negative,0.9,"the speaker is expressing regret and disappointment about a past event, indicating a negative emotional attribution toward themselves. the tone is introspective and apologetic, which further supports"
conv_595,Speaker 2,Daryl Hannah,"(-1 Turn: Speaker 4: Daryl Hannah was the most beautiful woman that he'd ever seen in his life and I said yeah, I liked her in Splash, a lot, but not so much in- in Wall Street, I thought she had kind of a) (Target Turn: Speaker 4: Daryl Hannah was the most beautiful woman that he'd ever seen in his life and I said yeah, I liked her in Splash, a lot, but not so much in- in Wall Street, I thought she had kind of a) (+1 Turn: Speaker 4: Daryl Hannah was the most beautiful woman that he'd ever seen in his life and I said yeah, I liked her in Splash, a lot, but not so much in- in Wall Street, I thought she had kind of a)",positive,0.9,"the speaker describes a person as the most beautiful woman they've ever seen, indicating a strong positive emotional attribution. the speaker also mentions a shared experience (watching splash) and a"
conv_842,Speaker 2,Rachel,"(-1 Turn: Speaker 1: Hey Mon, that was really nice of you to loan Rachel your car so she could go and get the cake.) (Target Turn: Speaker 1: Hey Mon, that was really nice of you to loan Rachel your car so she could go and get the cake.) (+1 Turn: Speaker 1: Hey Mon, that was really nice of you to loan Rachel your car so she could go and get the cake.)",positive,0.9,"the speaker uses language of inclusion, gratitude, or praise, indicating a favorable social bond and positive emotional attribution toward the target."
conv_192,Speaker 1,Joey,"(-1 Turn: Speaker 1: Hey you guys, this is my sister Amy. This is Chandler, Joey, Phoebe and you know Mon.) (Target Turn: Speaker 1: Uh, well... Joey and I broke up.) (+1 Turn: Speaker 1: Uh, well... Joey and I broke up.)",negative,0.9,"the speaker uses language of separation, loss, or rejection, indicating a negative emotional attribution toward the object (joey)."
conv_233,Joey,Knicks,(-1 Turn: Speaker 2: Joey just called. He's got courtside Knicks tickets for him and me tomorrow night.) (Target Turn: Speaker 2: Joey just called. He's got courtside Knicks tickets for him and me tomorrow night.) (+1 Turn: Speaker 2: Joey just called. He's got courtside Knicks tickets for him and me tomorrow night.),positive,0.9,"the speaker mentions a social invitation, which is a positive social cue. the tone is casual and friendly, indicating a positive emotional attribution."
conv_20,Speaker 2,Tag,"(-1 Turn: Speaker 2: It was ... oh my god. He didn't have a last name. It was just ""Tag"". You know, like Cher, or, you know, Moses.) (Target Turn: Speaker 2: Oh, you know what - my first impression of you was absolutely right. You are arrogant, you are pompous ... Morgan! Morgan! Tag's last name was Morgan! Huh!) (+1 Turn: Speaker 2: Oh, you know what - my first impression of you was absolutely right. You are arrogant, you are pompous ... Morgan! Morgan! Tag's last name was Morgan! Huh!)",negative,0.9,"the speaker uses language of criticism, blame, or insult, indicating an unfavorable social bond and negative emotional attribution toward the target."
conv_10,Speaker 4,Emma,"(-1 Turn: Speaker 3: Rach, c'mon, Emma is fine. You're turning into an obsessive mother. Okay, you need to stop.) (Target Turn: Speaker 4: No, no, Emma dropped her sock.) (+1 Turn: Speaker 4: No, no, Emma dropped her sock.)",neutral,0.9,"the speaker is simply stating a fact about emma dropping her sock, without any emotional tone or interpersonal sentiment. the sentence lacks any specific emotional charge or social bond."
conv_889,Speaker 2,Amanda,"(-1 Turn: Speaker 3: You know what Amanda said to me when she got me on the phone? ""Oh, so sorry to catch you on your Mo-Bile!"" If-if you don't wanna get me on my mo-Bile, don't call me on my mo-Bile!"") (Target Turn: Speaker 3: You know what Amanda said to me when she got me on the phone? ""Oh, so sorry to catch you on your Mo-Bile!"" If-if you don't wanna get me on my mo-Bile, don't call me on my mo-Bile!"") (+1 Turn: Speaker 3: You know what Amanda said to me when she got me on the phone? ""Oh, so sorry to catch you on your Mo-Bile!"" If-if you don't wanna get me on my mo-Bile, don't call me on my mo-Bile!"")",negative,0.9,"the speaker uses language of frustration, annoyance, or sarcasm, indicating a negative emotional attribution toward the target."
conv_20,Speaker 2,Tag,(-1 Turn: Speaker 3: I thought it was ok when you slept with your old assistant Tag.) (Target Turn: Speaker 3: I thought it was ok when you slept with your old assistant Tag.) (+1 Turn: Speaker 3: I thought it was ok when you slept with your old assistant Tag.),negative,0.9,"the speaker's tone is critical and judgmental, implying a negative emotional attribution toward the subject."
conv_354,Speaker 2,Elizabeth,"(-1 Turn: Speaker 2: Oh no, I have plans with Elizabeth.) (Target Turn: Speaker 2: Oh no, I have plans with Elizabeth.) (+1 Turn: Speaker 3: Oh, so you’re already doing your part for the kids.)",negative,0.8,"the speaker uses language of exclusion, indicating a negative emotional attribution toward the target."
conv_124,Chandler,Speaker 2,"(-1 Turn: Speaker 2: Oh, please darling, let's be honest. You can have all the... sailor fun you want with that one, but... let's be real...) (Target Turn: Speaker 2: No I don’t know Chandler! Not anymore! It’s like it’s like something’s changed.) (+1 Turn: Speaker 2: No I don’t know Chandler! Not anymore! It’s like it’s like something’s changed.)",negative,0.9,"the speaker's tone is one of rejection, denial, and possibly even anger, indicating a negative emotional attribution toward the subject. the use of ""not anymore"" and ""something's changed"" suggests a s"
conv_9,Speaker 4,Mike,"(-1 Turn: Speaker 4: Oh, ok, you want me to marry Mike? Alright, well, let's just gag him and handcuff him and force him down the aisle. I can just see it: ""Mike, do you take Phoebe..."" You know, it's every girl's dream!) (Target Turn: Speaker 4: Oh, ok, you want me to marry Mike? Alright, well, let's just gag him and handcuff him and force him down the aisle. I can just see it: ""Mike, do you take Phoebe..."" You know, it's every girl's dream!) (+1 Turn: Speaker 4: Oh, ok, you want me to marry Mike? Alright, well, let's just gag him and handcuff him and force him down the aisle. I can just see it: ""Mike, do you take Phoebe..."" You know, it's every girl's dream!)",negative,0.9,"the speaker uses language of sarcasm, ridicule, and frustration, indicating a negative emotional attribution toward the target."
conv_793,Chip,Nancy Branson,(-1 Turn: Speaker 1: Ugh! I cannot believe Chip dumped me for that slut Nancy Branson. I am never going out with him again. I don't care how much he begs!) (Target Turn: Speaker 1: Ugh! I cannot believe Chip dumped me for that slut Nancy Branson. I am never going out with him again. I don't care how much he begs!) (+1 Turn: Speaker 1: Ugh! I cannot believe Chip dumped me for that slut Nancy Branson. I am never going out with him again. I don't care how much he begs!),negative,0.9,"the speaker uses language of anger, frustration, and hurt, indicating a negative emotional attribution toward the subject (chip) and a negative emotional attribution toward the object (nancy branson)."
conv_197,Richard,Speaker 2,"(-1 Turn: Speaker 1: Her name is Celia. She's not a bug lady. She's curator of insects at the museum.) (Target Turn: Speaker 2: Noo! My ex-boyfriend Richard! Y'know the tall guy, moustache?) (+1 Turn: Speaker 2: Noo! My ex-boyfriend Richard! Y'know the tall guy, moustache?)",negative,0.9,"the speaker uses language of emotional distress, anxiety, or frustration, indicating a negative emotional attribution toward the target."
conv_281,Speaker 4,Nate,"(-1 Turn: Speaker 4: Joey, you are not! You’re 31.) (Target Turn: Speaker 1: Sense the tone! No that kid Nate got it.) (+1 Turn: Speaker 1: Sense the tone! No that kid Nate got it.)",positive,0.9,"the speaker uses a playful tone and a sense of camaraderie, indicating a positive emotional attribution toward the target."
conv_202,Michelle,Speaker 1,"(-1 Turn: Speaker 4: Michelle! Of course, it was Michelle! Did it sound like Michelle?) (Target Turn: Speaker 4: Michelle! Of course, it was Michelle! Did it sound like Michelle?) (+1 Turn: Speaker 1: How about a scone on the house baby?)",positive,0.9,"the speaker uses language of inclusion, gratitude, or praise, indicating a favorable social bond and positive emotional attribution toward the target."
conv_291,Speaker 1,Monica,"(-1 Turn: Speaker 3: Oh, yes. Well it’s very beautiful. It’s cream-colored and tight. I don’t mean tight, I mean it’s not too tight, not that I was looking at) (Target Turn: Speaker 1: I’m so pathetic! Monica knows what she wants to say! You should’ve seen her. Writing, writing, writing!) (+1 Turn: Speaker 2: Well, ah, I'm an actor. I'm fairly neat. I ah, I got my own TV. Oh, and don't worry I'm totally okay with the gay thing.)",negative,0.8,"the speaker uses language of self-deprecation, frustration, and disappointment, indicating a negative emotional attribution toward themselves. the mention of monica's writing and the speaker's compari"
conv_599,Emma,Ross,"(-1 Turn: Speaker 1: Okay, but, well, before you say no, my friend Susanne is entering her kid and compared to Emma she's a real dog!) (Target Turn: Speaker 1: Okay, but, well, before you say no, my friend Susanne is entering her kid and compared to Emma she's a real dog!) (+1 Turn: Speaker 1: Okay, but, well, before you say no, my friend Susanne is entering her kid and compared to Emma she's a real dog!)",negative,0.9,"the interaction contains elements of conflict, social rejection, or hostile intent, as the speaker is comparing someone unfavorably to another person. this is likely to be perceived as an insult or a"
conv_81,Speaker 1,Tim,"(-1 Turn: Speaker 1: Oh, I asked one of the waitresses at work if she'd help me out.) (Target Turn: Speaker 1: Oh my God! I had the best time with Tim last night. He is so sweet! Oh, I can’t wait to get sous-neath him.) (+1 Turn: Speaker 1: Oh, I asked one of the waitresses at work if she'd help me out.)",positive,0.95,"the speaker uses language of enthusiasm, excitement, and affection, indicating a strong positive emotional attribution toward the target."
conv_762,Emily,Ross,"(-1 Turn: Speaker 1: Pheebs?) (Target Turn: Speaker 1: Yeah, I have to tell Ross that I love him. Now honey, you take care, you don’t have those babies until I get back.) (+1 Turn: Speaker 1: Yeah, I have to tell Ross that I love him. Now honey, you take care, you don’t have those babies until I get back.)",positive,0.95,"the speaker uses language of affection, commitment, and intimacy, indicating a strong positive emotional attribution toward the target, ross. the speaker's intention is to express their love for ross,"
conv_399,Chandler,Speaker 2,"(-1 Turn: Speaker 2: Oh! Ohhhhh! Oh! Phoebe, come here. Aw, this is my new bed. You gotta feel this bad boy.) (Target Turn: Speaker 1: Eh, Monica it, it feels so weird, y'know, Chandler's your friend... Oh! Oh my God! Aw, all right take this bed, you can make other friends.) (+1 Turn: Speaker 1: Eh, Monica it, it feels so weird, y'know, Chandler's your friend... Oh! Oh my God! Aw, all right take this bed, you can make other friends.)",negative,0.8,"the speaker expresses a sense of discomfort or unease, using phrases like ""it feels so weird"" and ""oh my god"". this suggests a negative emotional attribution towards the target, chandler."
conv_118,Speaker 2,Ross,(-1 Turn: Speaker 3: Hi Honey! We're all here; we just want to wish you a Merry Christmas.) (Target Turn: Speaker 5: Oh no... Have you thought about it how complicated this could get? What about Ross?) (+1 Turn: Speaker 5: Oh no... Have you thought about it how complicated this could get? What about Ross?),neutral,0.8,"the speaker is expressing concern and uncertainty about the potential consequences of a situation, indicating a neutral emotional attribution."
conv_61,Geoffrey Cleric,Andrea Tamburino,(-1 Turn: Speaker 1: He was roommates with John Rosoff. He went out with Andrea Tamburino. She dumped him for Michael Skloff.) (Target Turn: Speaker 1: He was roommates with John Rosoff. He went out with Andrea Tamburino. She dumped him for Michael Skloff.) (+1 Turn: Speaker 1: He was roommates with John Rosoff. He went out with Andrea Tamburino. She dumped him for Michael Skloff.),neutral,0.8,"the speaker mentions a person's past relationships, which can be seen as a neutral or even positive topic. however, the tone of the sentence is more informative than emotional, and there is no explici"
conv_252,Chandler,Speaker 1,"(-1 Turn: Speaker 2: Oh, no, no, you can't have Chandler, no. No, no. She's my little genius. I got big hopes for her. She's gonna be a doctor or a realtor..) (Target Turn: Speaker 2: Oh, no, no, you can't have Chandler, no. No, no. She's my little genius. I got big hopes for her. She's gonna be a doctor or a realtor..) (+1 Turn: Speaker 2: Oh, no, no, you can't have Chandler, no. No, no. She's my little genius. I got big hopes for her. She's gonna be a doctor or a realtor..)",positive,0.9,"the speaker uses possessive language (""my little genius""), expresses strong emotional attachment (""big hopes""), and implies a sense of ownership (""she's my little genius""), indicating a strong positiv"
conv_323,Speaker 1,Al Pacino,"(-1 Turn: N/A) (Target Turn: Speaker 1: Uh huh.. uh huh... oh my God! Okay! Okay, I'll be there! That was my agent. My agent has just gotten me a job...in the new Al Pacino movie!) (+1 Turn: Speaker 1: All right boys, last chance for the tickets!)",positive,0.9,"the speaker uses language of excitement, enthusiasm, and gratitude, indicating a positive emotional attribution toward the target."
conv_545,Ben,Speaker 2,(-1 Turn: N/A) (Target Turn: Speaker 1: And here's little Ben nodding off...) (+1 Turn: Speaker 1: And here's little Ben nodding off...),neutral,0.8,"the dialogue is task-oriented, logistical, or observational. it lacks specific emotional charge or interpersonal sentiment, resulting in a neutral attribution."
conv_223,Speaker 2,Barry,"(-1 Turn: Speaker 4: Who’s David Lynn?) (Target Turn: Speaker 2: Oh no, it isn't! No! I think Barry is seeing someone in the city.) (+1 Turn: Speaker 2: Oh no, it isn't! No! I think Barry is seeing someone in the city.)",negative,0.8,"the speaker expresses surprise, concern, or disappointment, indicating a negative emotional attribution toward the subject (barry)."
conv_947,Phyllis,Monica,(-1 Turn: N/A) (Target Turn: Speaker 1: Where's Monica?) (+1 Turn: Speaker 1: Where's Monica?),neutral,0.9,"the sentence is a simple question about the location of a person, without any emotional connotation or interpersonal sentiment. it lacks specific emotional charge or social interaction."
conv_608,Speaker 2,Althea,(-1 Turn: Speaker 4: Nana?) (Target Turn: Speaker 4: Althea!) (+1 Turn: Speaker 4: Althea!),neutral,0.8,"the speaker's name, althea, is not provided, making it difficult to determine the emotional attribution. however, the speaker's tone and language are not explicitly negative or positive, suggesting a"
conv_329,Emma,Amy,"(-1 Turn: N/A) (Target Turn: Speaker 1: Um look I was thinking... If its ok with Monica I would like to invite Amy to Thanksgiving.) (+1 Turn: Speaker 1: Alright! That is it. This is our apartment and you can not behave this way. Now if you can't act your age then you shouldn't be here at all. Now those plates may not be as nice as the pretty pink ones I picked out, but they're very important to Monica. I want you to apologize to her right now.)",positive,0.9,"the speaker is expressing a desire to invite someone to a social event, indicating a positive emotional attribution toward the target. the use of ""if it's ok with monica"" suggests that the speaker is"
conv_148,Colleen,Speaker 1,"(-1 Turn: Speaker 1: Uhm, we just wanna give you a heads-up. Bill and Colleen hate us.) (Target Turn: Speaker 1: Uhm, we just wanna give you a heads-up. Bill and Colleen hate us.) (+1 Turn: Speaker 1: Uhm, we just wanna give you a heads-up. Bill and Colleen hate us.)",negative,0.9,"the speaker uses language of warning or caution, indicating a potentially negative emotional attribution toward the target. the use of ""hate"" also implies a strong negative sentiment."
conv_569,Speaker 2,chick,"(-1 Turn: Speaker 2: That just cost me four bucks. But uh listen, I just called to see how the chick and the duck are doing?) (Target Turn: Speaker 2: That just cost me four bucks. But uh listen, I just called to see how the chick and the duck are doing?) (+1 Turn: Speaker 2: That just cost me four bucks. But uh listen, I just called to see how the chick and the duck are doing?)",negative,0.8,"the speaker expresses frustration or disappointment about the cost, indicating a negative emotional attribution. however, the speaker then shifts the conversation to inquire about the well-being of th"
conv_693,Speaker 1,Wendy,"(-1 Turn: Speaker 1: This is the happiest dog in the world. I borrowed him from my friend Wendy. Now, you can only keep him until he cheers you up. And he will cheer you up!) (Target Turn: Speaker 1: This is the happiest dog in the world. I borrowed him from my friend Wendy. Now, you can only keep him until he cheers you up. And he will cheer you up!) (+1 Turn: Speaker 1: This is the happiest dog in the world. I borrowed him from my friend Wendy. Now, you can only keep him until he cheers you up. And he will cheer you up!)",positive,0.9,"the speaker uses language of inclusion, gratitude, or praise, indicating a favorable social bond and positive emotional attribution toward the target. the speaker also uses a positive adjective (""happ"
conv_19,Speaker 2,Monica,"(-1 Turn: Speaker 2: Any one of the brilliant actresses nominated for this award tonight deserves to take it home. Unfortunately only one can. The nominees for Best Supporting Actress are from Passions Erin Goff. From One Life to Live Mary Loren Bishop, from All My Children Sarah Mchann, and from Days of Our Lives Jessica Ashley. And the winner is……Jessica Ashley from Days of Our Lives. Uh, unfortunately Jessica couldn’t be with us tonight so I’ll be accepting this award on her behalf. And I’m sure that Jessica would like to thank my parents who always believed in me. She’d also like to thank my friends, Chandler, Monica, Ross, Phoebe, and Rachel who’s sittin’ right there!) (Target Turn: Speaker 2: Any one of the brilliant actresses nominated for this award tonight deserves to take it home. Unfortunately only one can. The nominees for Best Supporting Actress are from Passions Erin Goff. From One Life to Live Mary Loren Bishop, from All My Children Sarah Mchann, and from Days of Our Lives Jessica Ashley. And the winner is……Jessica Ashley from Days of Our Lives. Uh, unfortunately Jessica couldn’t be with us tonight so I’ll be accepting this award on her behalf. And I’m sure that Jessica would like to thank my parents who always believed in me. She’d also like to thank my friends, Chandler, Monica, Ross, Phoebe, and Rachel who’s sittin’ right there!) (+1 Turn: Speaker 2: Any one of the brilliant actresses nominated for this award tonight deserves to take it home. Unfortunately only one can. The nominees for Best Supporting Actress are from Passions Erin Goff. From One Life to Live Mary Loren Bishop, from All My Children Sarah Mchann, and from Days of Our Lives Jessica Ashley. And the winner is……Jessica Ashley from Days of Our Lives. Uh, unfortunately Jessica couldn’t be with us tonight so I’ll be accepting this award on her behalf. And I’m sure that Jessica would like to thank my parents who always believed in me. She’d also like to thank my friends, Chandler, Monica, Ross, Phoebe, and Rachel who’s sittin’ right there!)",positive,0.95,"the speaker uses language of praise, admiration, and gratitude, indicating a positive emotional attribution toward the nominees and the winner. the tone is formal, celebratory, and respectful, with no"
conv_178,Speaker 2,Mike,(-1 Turn: Speaker 2: I just can't believe that Mike didn't give me any warning.) (Target Turn: Speaker 2: I just can't believe that Mike didn't give me any warning.) (+1 Turn: Speaker 2: I just can't believe that Mike didn't give me any warning.),negative,0.9,"the speaker expresses surprise and disappointment, indicating a negative emotional attribution toward the subject (mike)."
conv_150,Speaker 1,Ross,"(-1 Turn: Speaker 4: Chandler’s gonna ask Monica to marry him!) (Target Turn: Speaker 1: Ross, hi, it's Rachel. I'm just calling to say that um, everything's fine and I'm really happy for you and your cat who, by the way, I think you should name Michael. And, you know, ya see there I'm thinking of names so obviously, I am over you. I am over you and that, my friend, is what they call closure.) (+1 Turn: N/A)",positive,0.9,"the speaker uses language of self-assertion, self-empowerment, and closure, indicating a positive emotional attribution toward herself. the speaker also uses language of playful teasing and humor, ind"
conv_283,Speaker 1,Angela Delveccio,"(-1 Turn: Speaker 2: All right, look, look. What did... what did you get for Angela Delveccio for her birthday?) (Target Turn: Speaker 2: All right, look, look. What did... what did you get for Angela Delveccio for her birthday?) (+1 Turn: Speaker 2: All right, look, look. What did... what did you get for Angela Delveccio for her birthday?)",neutral,0.8,"the speaker is asking about a gift for someone, indicating a neutral or task-oriented interaction. the tone is inquiring and lacks emotional charge or interpersonal sentiment."
conv_702,Bethel,Speaker 1,(-1 Turn: Speaker 1: 'That' would be Marcel. You wanna say hi?) (Target Turn: Speaker 1: My friend Bethel rescued him from some lab.) (+1 Turn: Speaker 1: My friend Bethel rescued him from some lab.),positive,0.9,"the speaker uses language of gratitude or praise, indicating a favorable social bond and positive emotional attribution toward the target."
conv_171,Speaker 5,puppy,"(-1 Turn: Speaker 2: Oh, I-I gave them the puppy and it made them so happy that I decided I’m gonna carry their baby.) (Target Turn: Speaker 5: Oh, I-I-I understand all that, but it’s just—that was my puppy.) (+1 Turn: Speaker 5: Oh, I-I-I understand all that, but it’s just—that was my puppy.)",positive,0.9,"the speaker expresses a strong emotional attachment to the puppy, indicating a positive emotional attribution toward the object (puppy). the use of the word ""my"" emphasizes the speaker's ownership and"
conv_312,Susan,Carol,"(-1 Turn: Speaker 4: God, Susan is so fun!) (Target Turn: Speaker 4: God, Susan is so fun!) (+1 Turn: Speaker 4: God, Susan is so fun!)",positive,0.9,"the speaker uses language of enthusiasm, excitement, or praise, indicating a favorable social bond and positive emotional attribution toward the subject, susan."
conv_242,Mike,Speaker 1,"(-1 Turn: Speaker 3: So, so, is Mike coming to dinner?) (Target Turn: Speaker 3: So, so, is Mike coming to dinner?) (+1 Turn: Speaker 3: So, so, is Mike coming to dinner?)",neutral,0.9,"the speaker is asking about mike's attendance at a dinner, which is a neutral topic. there is no emotional charge or interpersonal sentiment in this sentence."
conv_389,Phoebe,Speaker 2,"(-1 Turn: Speaker 2: Joe, I love Phoebe. She's the single most important thing in my life. I'd die before I let anything happen to her.) (Target Turn: Speaker 2: Joe, I love Phoebe. She's the single most important thing in my life. I'd die before I let anything happen to her.) (+1 Turn: Speaker 2: Joe, I love Phoebe. She's the single most important thing in my life. I'd die before I let anything happen to her.)",positive,0.95,"the speaker explicitly states their love for phoebe, indicating a strong positive emotional attribution. the phrase ""single most important thing in my life"" further reinforces this sentiment."
conv_366,Speaker 3,Hillary,"(-1 Turn: Speaker 2: Hey, how was your breakfast with Hillary?) (Target Turn: Speaker 3: Well, is this Hillary your HOT assistant chef Hillary?) (+1 Turn: Speaker 3: Well, is this Hillary your HOT assistant chef Hillary?)",positive,0.9,"the speaker uses language of flirtation, playfulness, or teasing, indicating a positive and lighthearted emotional attribution toward the target."
conv_353,Tim,Speaker 1,"(-1 Turn: Speaker 3: Well, I’m from California.) (Target Turn: Speaker 1: He is sweet. He’s too sweet. He calls me all the time. ""So did-did you get home from work okay?"" ""Did-did you get out of the shower okay?"") (+1 Turn: Speaker 1: He is sweet. He’s too sweet. He calls me all the time. ""So did-did you get home from work okay?"" ""Did-did you get out of the shower okay?"")",negative,0.9,"the speaker uses language of excessive concern, over-attentiveness, or possessiveness, indicating a negative emotional attribution toward the target."
conv_315,Speaker 1,Ben,"(-1 Turn: Speaker 2: Yeah, little Eric.) (Target Turn: Speaker 1: That’s right! Wait no, Ben.) (+1 Turn: Speaker 1: That’s right! Wait no, Ben.)",positive,0.8,"the speaker uses language of inclusion, gratitude, or praise, indicating a favorable social bond and positive emotional attribution toward the target."
conv_139,Speaker 4,Mary,"(-1 Turn: Speaker 4: Yeah, yeah, first there was my aunt Mary, and then there was umm, John, my mailman, and then my, my cowboy friend 'Albino Bob'.) (Target Turn: Speaker 4: Yeah, yeah, first there was my aunt Mary, and then there was umm, John, my mailman, and then my, my cowboy friend 'Albino Bob'.) (+1 Turn: Speaker 4: Yeah, yeah, first there was my aunt Mary, and then there was umm, John, my mailman, and then my, my cowboy friend 'Albino Bob'.)",neutral,0.9,"the speaker is sharing a list of people they have known, with no apparent emotional charge or interpersonal sentiment. the tone is neutral and observational."
conv_1009,Speaker 1,Susan,"(-1 Turn: N/A) (Target Turn: Speaker 1: Ah yeah, but now it's Susan and me in Mexico and the hostages coming home.) (+1 Turn: Speaker 1: Ah yeah, but now it's Susan and me in Mexico and the hostages coming home.)",positive,0.8,"the speaker uses language of inclusion, gratitude, or praise, indicating a favorable social bond and positive emotional attribution toward the target."
conv_322,Speaker 1,monkey,"(-1 Turn: Speaker 3: You are both idiots. The joke is not funny, and it’s offensive to women, and doctors, and monkeys! You shouldn’t be arguing over who gets credit, you should be arguing over who gets blamed for inflicting this horrible joke upon the world! Now let it go! The joke sucks!) (Target Turn: Speaker 3: You are both idiots. The joke is not funny, and it’s offensive to women, and doctors, and monkeys! You shouldn’t be arguing over who gets credit, you should be arguing over who gets blamed for inflicting this horrible joke upon the world! Now let it go! The joke sucks!) (+1 Turn: Speaker 3: You are both idiots. The joke is not funny, and it’s offensive to women, and doctors, and monkeys! You shouldn’t be arguing over who gets credit, you should be arguing over who gets blamed for inflicting this horrible joke upon the world! Now let it go! The joke sucks!)",negative,0.95,"the speaker uses strong language to express frustration, annoyance, and disappointment, indicating a negative emotional attribution toward the subject. the speaker's tone is critical, and the language"
conv_892,Joseph,Ashley,"(-1 Turn: Speaker 1: Well, see when you're acting you need to think about stuff like that. My character, Joseph the processor guy, has two little girls, Ashley and Brittany. Ashley copies everything Brittany does.) (Target Turn: Speaker 1: Well, see when you're acting you need to think about stuff like that. My character, Joseph the processor guy, has two little girls, Ashley and Brittany. Ashley copies everything Brittany does.) (+1 Turn: Speaker 1: Well, see when you're acting you need to think about stuff like that. My character, Joseph the processor guy, has two little girls, Ashley and Brittany. Ashley copies everything Brittany does.)",neutral,0.8,"the speaker is discussing a character's actions and family dynamics, indicating a neutral emotional attribution."
conv_186,Speaker 4,Erica Ford,"(-1 Turn: Speaker 4: 'Dear Dr. Remore, know that I love you and would do anything to have you.' Gosh. 'Your not-so-secretive admirer, Erica Ford.' Ooh wait, 'PS enclosed please find 14 of my eyelashes.') (Target Turn: Speaker 4: 'Dear Dr. Remore, know that I love you and would do anything to have you.' Gosh. 'Your not-so-secretive admirer, Erica Ford.' Ooh wait, 'PS enclosed please find 14 of my eyelashes.') (+1 Turn: Speaker 4: 'Dear Dr. Remore, know that I love you and would do anything to have you.' Gosh. 'Your not-so-secretive admirer, Erica Ford.' Ooh wait, 'PS enclosed please find 14 of my eyelashes.')",positive,0.95,"the speaker uses language of romantic affection, indicating a strong positive emotional attribution toward the target. the use of the phrase ""i love you"" and the promise to ""do anything to have you"" s"
conv_132,Speaker 1,Joey,(-1 Turn: Speaker 1: My friend’s name is Joey.) (Target Turn: Speaker 1: My friend’s name is Joey.) (+1 Turn: Speaker 1: My friend’s name is Joey.),neutral,0.8,"the dialogue is task-oriented, logistical, or observational. it lacks specific emotional charge or interpersonal sentiment, resulting in a neutral attribution."
conv_845,Speaker 2,Ross,(-1 Turn: Speaker 2: I’m just bummed about the way I left things with Ross. I shouldn’t have lied to him about having to work. He seemed so mad at me.) (Target Turn: Speaker 2: I’m not in love with Ross!) (+1 Turn: Speaker 2: I’m not in love with Ross!),negative,0.95,"the speaker explicitly states their lack of romantic feelings for ross, indicating a negative emotional attribution toward the target."
conv_505,Speaker 2,Ms. McKenna,"(-1 Turn: N/A) (Target Turn: Speaker 2: OK, Ms. McKenna, she kind of works above my boss, she asked me to move to Tulsa and be the president of our office there, and I was sleeping and apparently, said yes.) (+1 Turn: N/A)",neutral,0.8,"the speaker is sharing a personal and potentially life-changing decision with someone, indicating a level of trust and openness. the tone is matter-of-fact, without any apparent emotional charge or co"
conv_65,Speaker 1,Mary,"(-1 Turn: Speaker 1: I know. See, yes. That's Yasmine Bleeth, she's a completely different kind of chick. I love you both. But in very different ways.) (Target Turn: Speaker 1: I’ve gotta call my friend Mary and tell her how good this is, from Monica’s room.) (+1 Turn: Speaker 1: I’ve gotta call my friend Mary and tell her how good this is, from Monica’s room.)",positive,0.9,"the speaker is expressing enthusiasm and appreciation for something, which is a positive sentiment. the speaker is also planning to share this sentiment with a friend, which further reinforces the pos"
conv_12,Chandler,Speaker 1,"(-1 Turn: Speaker 1: It's Mike Hanagen.) (Target Turn: Speaker 1: Umm, when I said that uh, that Chandler and I wanted to umm, live together we meant alone together.) (+1 Turn: Speaker 1: Umm, when I said that uh, that Chandler and I wanted to umm, live together we meant alone together.)",negative,0.8,"the speaker's tone is apologetic and hesitant, indicating a sense of uncertainty or embarrassment. the use of filler words (""um"", ""uh"") also suggests a lack of confidence or clarity. the speaker is ad"
conv_89,Greg,Jenny,"(-1 Turn: Speaker 1: Oh, Greg and Jenny yuck! Hi Greg, I’m Chandler this is Monica. Hi Monica, this is Jenny. Hi Jenny. Hi Greg.) (Target Turn: Speaker 1: Oh, Greg and Jenny yuck! Hi Greg, I’m Chandler this is Monica. Hi Monica, this is Jenny. Hi Jenny. Hi Greg.) (+1 Turn: Speaker 1: That's Mindy? Wow, she is pretty. Lucky. To have had a friend like you.)",neutral,0.8,"the dialogue is task-oriented, logistical, or observational. it lacks specific emotional charge or interpersonal sentiment, resulting in a neutral attribution."
conv_261,Janice,Speaker 7,"(-1 Turn: Speaker 6: What does the red X next to Bob Greenmore's name mean?) (Target Turn: Speaker 7: Hey, I'm sorry, I should have given you guys my black book when I got married! Although it wasn't so much a book as a... napkin. With Janice's phone number on it.) (+1 Turn: Speaker 7: Hey, I'm sorry, I should have given you guys my black book when I got married! Although it wasn't so much a book as a... napkin. With Janice's phone number on it.)",positive,0.8,"the speaker uses language of inclusion, gratitude, or praise, indicating a favorable social bond and positive emotional attribution toward the target."
conv_698,Barry,Speaker 2,"(-1 Turn: Speaker 2: Ok, Pheebs, you know what, if we had that, we wouldn't be doing the ritual in the first place.) (Target Turn: Speaker 2: Ok, Barry's letters. Adam Ritter's boxer shorts.) (+1 Turn: Speaker 2: Ok, Barry's letters. Adam Ritter's boxer shorts.)",neutral,0.8,"the dialogue is task-oriented, logistical, or observational. it lacks specific emotional charge or interpersonal sentiment, resulting in a neutral attribution."
conv_656,Speaker 2,Phoebe,"(-1 Turn: N/A) (Target Turn: Speaker 2: Ok, Mike, enough is enough, now you love Phoebe and she loves you, so you need to get over your whole ""I never want to get married"" thing and step up!) (+1 Turn: Speaker 2: Ok, Mike, enough is enough, now you love Phoebe and she loves you, so you need to get over your whole ""I never want to get married"" thing and step up!)",negative,0.9,"the speaker uses language of conflict, social rejection, or hostile intent, indicating a negative emotional attribution between the parties. the speaker is urging the subject to overcome their relucta"
conv_751,Speaker 2,Rachel,"(-1 Turn: Speaker 1: Um, you…you like Rachel?) (Target Turn: Speaker 1: Um, you…you like Rachel?) (+1 Turn: Speaker 1: Um, you…you like Rachel?)",neutral,0.8,"the speaker is expressing uncertainty and hesitation, which may indicate a lack of emotional charge or interpersonal sentiment. the mention of rachel does not provide enough context to establish a cle"
conv_91,Speaker 1,Ross,(-1 Turn: Speaker 1: With Ross and my sister?) (Target Turn: Speaker 1: With my sister Jill and my ex-boyfriend Ross?) (+1 Turn: Speaker 1: With my sister Jill and my ex-boyfriend Ross?),neutral,0.8,"the speaker mentions their sister and ex-boyfriend, which implies a close relationship and a past romantic connection. the tone is neutral, without any apparent conflict or hostility."
conv_252,Speaker 2,Frank Jr.Jr.,"(-1 Turn: Speaker 2: Oh, hey. Come on man, don't look at me like that, she used to drive you nuts before too, remember?) (Target Turn: Speaker 1: Frank Jr.Jr.?) (+1 Turn: Speaker 1: Frank Jr.Jr.?)",positive,0.9,"the speaker uses a name, which is a common way to establish a positive emotional attribution. the name ""frank jr.jr."" is likely a familiar and affectionate term, indicating a close relationship."
conv_313,Mark,Rachel,"(-1 Turn: N/A) (Target Turn: Speaker 1: Hey, is Rachel here?) (+1 Turn: Speaker 1: Hey, is Rachel here?)",neutral,0.8,"the dialogue is task-oriented, logistical, or observational. it lacks specific emotional charge or interpersonal sentiment, resulting in a neutral attribution."
conv_333,Speaker 4,Dutch,"(-1 Turn: Speaker 1: Joe, I told you, you're just not right for the part.) (Target Turn: Speaker 2: I'm Dutch.) (+1 Turn: Speaker 1: Joe, I told you, you're just not right for the part.)",neutral,0.9,"the speaker introduces themselves with a name, which is a common social interaction. the tone is neutral, and there is no emotional charge or interpersonal sentiment."
conv_81,Tim,Speaker 2,"(-1 Turn: Speaker 2: Look, look at your man, Ewing. Nice shot. You know what, he couldn't hit water if he was standing on a boat.) (Target Turn: Speaker 1: Well maybe he was just nervous, y’know you can be very intimidating. And besides I’ve met your pastry chef and she can stand to be taken down a peg or two.) (+1 Turn: Speaker 1: Well maybe he was just nervous, y’know you can be very intimidating. And besides I’ve met your pastry chef and she can stand to be taken down a peg or two.)",positive,0.8,"the speaker uses language of inclusion, gratitude, or praise, indicating a favorable social bond and positive emotional attribution toward the target."
conv_1007,Mark,Myron,"(-1 Turn: Speaker 1: Sometimes just nodding is ok. Uhm, so but anyway, listen, not marrying Barry was the best decision that I ever, ever made. Honey, you deserve true love. Your soulmate is out there, somewhere. Someone that is your age, that is smart, that is fun and that you care about!) (Target Turn: Speaker 2: I’m gonna marry Myron and keep looking for Mr Right.) (+1 Turn: Speaker 2: I’m gonna marry Myron and keep looking for Mr Right.)",positive,0.8,"the speaker expresses a desire to marry myron, indicating a positive emotional attribution toward the target. the speaker also mentions looking for mr. right, which suggests a neutral or positive emot"
conv_276,Amy,Laurie,"(-1 Turn: Speaker 3: Umm, Jo’s a girl, it’s short for Josephine.) (Target Turn: Speaker 1: But Jo’s got a crush on Laurie. Oh. You mean it’s like a girl-girl thing? ‘Cause that is the one thing missing from The Shining.) (+1 Turn: Speaker 1: But Jo’s got a crush on Laurie. Oh. You mean it’s like a girl-girl thing? ‘Cause that is the one thing missing from The Shining.)",neutral,0.8,"the speaker uses language of surprise, curiosity, or inquiry, indicating a neutral emotional attribution toward the target. the speaker is asking questions and seeking information, rather than express"
conv_906,Speaker 2,Julie,(-1 Turn: N/A) (Target Turn: Speaker 2: I was doing great with Julie before I found out about you.) (+1 Turn: Speaker 2: I was doing great with Julie before I found out about you.),neutral,0.9,"the speaker's tone is neutral, and the sentence does not contain any emotional language or sentiment. the speaker is simply stating a fact about their relationship with julie."
conv_624,Joey,Speaker 1,"(-1 Turn: Speaker 2: Actually, you know, Joey is your friend, and you don't really know me that well; it would be weird.) (Target Turn: Speaker 1: Yeah. But you know what? I think you should give Joey a chance. I mean, he's a great guy, and sure he doesn't know that much about art but you know, you can always talk about that with someone else.) (+1 Turn: Speaker 1: Yeah. But you know what? I think you should give Joey a chance. I mean, he's a great guy, and sure he doesn't know that much about art but you know, you can always talk about that with someone else.)",positive,0.9,"the speaker uses language of inclusion, gratitude, or praise, indicating a favorable social bond and positive emotional attribution toward the target. the speaker also expresses a desire for the targe"
conv_64,Speaker 2,Joshua,(-1 Turn: Speaker 1: So? How did it go with Joshua last night?) (Target Turn: Speaker 1: So? How did it go with Joshua last night?) (+1 Turn: Speaker 1: So? How did it go with Joshua last night?),neutral,0.8,"the speaker is asking about the outcome of a social interaction, which implies a level of interest and concern. the tone is neutral, without any obvious emotional charge or conflict."
conv_599,Ross,Emma,"(-1 Turn: Speaker 1: Okay, but, well, before you say no, my friend Susanne is entering her kid and compared to Emma she's a real dog!) (Target Turn: Speaker 1: Okay, but, well, before you say no, my friend Susanne is entering her kid and compared to Emma she's a real dog!) (+1 Turn: Speaker 1: Okay, but, well, before you say no, my friend Susanne is entering her kid and compared to Emma she's a real dog!)",negative,0.9,"the speaker uses language of comparison, criticism, or belittling, indicating a negative emotional attribution toward the target."
conv_124,Chandler,Speaker 2,"(-1 Turn: Speaker 1: You remember her Michael, she's lovely and... well-behaved and... single.) (Target Turn: Speaker 1: Chandler giving you a hard time huh?) (+1 Turn: Speaker 1: You remember her Michael, she's lovely and... well-behaved and... single.)",negative,0.8,"the speaker uses sarcasm and a hint of annoyance, indicating a negative emotional attribution toward the target."
conv_375,Joey,Charlie,"(-1 Turn: N/A) (Target Turn: Speaker 1: It's so weird, how did Joey end up kissing Charlie last night? I thought you'd end up kissing Charlie.) (+1 Turn: Speaker 1: It's so weird, how did Joey end up kissing Charlie last night? I thought you'd end up kissing Charlie.)",neutral,0.8,"the speaker expresses curiosity and surprise about the unexpected event, indicating a neutral emotional attribution. the speaker does not exhibit aggressive, defensive, or hostile behavior, nor do the"
conv_260,Speaker 2,Jill,"(-1 Turn: Speaker 2: Well, if you really think about it, I mean four days is not that long. I mean, I see you Monday before you go to work, and I see you Thursday when you get back, and I always work late on Tuesdays, so really if you think about it, it's really just one day. And well, if we can't make it one day, we've got real problems my friend.) (Target Turn: Speaker 3: You know what? When I moved in here I thought: This is gonna be so great. Just us sisters, back together again like when we were kids, except without that stupid Jill... Oh! Who has gotten fat by the way...) (+1 Turn: Speaker 3: You know what? When I moved in here I thought: This is gonna be so great. Just us sisters, back together again like when we were kids, except without that stupid Jill... Oh! Who has gotten fat by the way...)",negative,0.9,"the speaker uses language of social comparison, criticism, or judgment, indicating a negative emotional attribution toward the target."
conv_116,Rachel,Ross,"(-1 Turn: N/A) (Target Turn: Speaker 1: So, Ross and Rachel got married, Monica and Chandler almost got married, do you think you and I should hook up?) (+1 Turn: Speaker 1: So, Ross and Rachel got married, Monica and Chandler almost got married, do you think you and I should hook up?)",neutral,0.8,"the speaker uses language of curiosity, inquiry, or suggestion, indicating a neutral or potentially positive emotional attribution toward the target. the speaker is exploring the possibility of a roma"
conv_752,Chandler,Speaker 1,(-1 Turn: N/A) (Target Turn: Speaker 1: That’s okay. Chandler’s the one I’m mad at.) (+1 Turn: Speaker 1: That’s okay. Chandler’s the one I’m mad at.),neutral,0.8,"the speaker uses language of acceptance, understanding, or forgiveness, indicating a neutral or positive emotional attribution toward the target. the speaker is not explicitly expressing anger or host"
conv_58,Uncle Freddie,Aunt Syl,"(-1 Turn: Speaker 1: Aunt Syl, I did this as a favor, I am not a caterer. What do you want me to do with a dozen lasagnas? Nice talk, Aunt Syl. You kiss Uncle Freddie with that mouth?) (Target Turn: Speaker 1: Aunt Syl, I did this as a favor, I am not a caterer. What do you want me to do with a dozen lasagnas? Nice talk, Aunt Syl. You kiss Uncle Freddie with that mouth?) (+1 Turn: Speaker 2: Yes! Yes you can, I’m looking for Jack’s parents.)",negative,0.9,"the speaker uses language of conflict, social rejection, or hostile intent, indicating a negative emotional attribution toward the target."
conv_788,Joey,Rachel,"(-1 Turn: Speaker 2: Hate him? I… No, I don’t hate him. It’s just it’s Rachel, y’know?) (Target Turn: Speaker 2: Hate him? I… No, I don’t hate him. It’s just it’s Rachel, y’know?) (+1 Turn: Speaker 2: Hate him? I… No, I don’t hate him. It’s just it’s Rachel, y’know?)",neutral,0.8,"the speaker uses language of self-reflection, introspection, and emotional restraint, indicating a complex emotional state. the speaker acknowledges their feelings but does not express hatred, suggest"
conv_265,Speaker 3,Danny,"(-1 Turn: Speaker 3: Yeah, you fogged Danny.) (Target Turn: Speaker 1: Please! We did not fog Danny! Who's Danny?) (+1 Turn: Speaker 1: Please! We did not fog Danny! Who's Danny?)",negative,0.9,"the speaker is expressing frustration and pleading, indicating a negative emotional attribution between the parties."
conv_372,Speaker 2,Denise,"(-1 Turn: Speaker 2: What about me? I just found out that Denise is leaving town for a while, I don’t have a roommate.) (Target Turn: Speaker 2: What about me? I just found out that Denise is leaving town for a while, I don’t have a roommate.) (+1 Turn: Speaker 2: What about me? I just found out that Denise is leaving town for a while, I don’t have a roommate.)",negative,0.8,"the speaker expresses a sense of abandonment or rejection, indicating a negative emotional attribution toward the subject."
conv_759,Francis,Ursula,"(-1 Turn: Speaker 1: Well, Ursula is a waitress and-and she lives in Soho. And Phoebe, is on this couch.) (Target Turn: Speaker 1: Well, Ursula is a waitress and-and she lives in Soho. And Phoebe, is on this couch.) (+1 Turn: Speaker 1: Well, Ursula is a waitress and-and she lives in Soho. And Phoebe, is on this couch.)",neutral,0.8,"the dialogue is task-oriented, logistical, or observational. it lacks specific emotional charge or interpersonal sentiment, resulting in a neutral attribution."
conv_294,Denise,Speaker 2,"(-1 Turn: Speaker 5: Come on, Pheebs lay off him.) (Target Turn: Speaker 2: Yes, Denise. Denise!) (+1 Turn: Speaker 2: Yes, Denise. Denise!)",positive,0.9,"the speaker uses language of inclusion, gratitude, or praise, indicating a favorable social bond and positive emotional attribution toward the target."
conv_1041,Speaker 1,cat,(-1 Turn: Speaker 2: It's not a cat!) (Target Turn: Speaker 2: It's not a cat!) (+1 Turn: Speaker 2: It's not a cat!),neutral,0.9,"the dialogue is task-oriented, logistical, or observational. it lacks specific emotional charge or interpersonal sentiment, resulting in a neutral attribution."
conv_737,Emily,Ross,(-1 Turn: Speaker 2: How's Ross doing? Y'know since all the Emily stuff.) (Target Turn: Speaker 2: How's Ross doing? Y'know since all the Emily stuff.) (+1 Turn: Speaker 2: How's Ross doing? Y'know since all the Emily stuff.),positive,0.8,"the speaker is asking about ross's well-being, which implies a concern for his emotional state. this is a positive emotional attribution."
conv_73,Speaker 2,Rachel,"(-1 Turn: Speaker 1: Yes, and I’m sorry. I-I know things worked out for Chandler and Monica, but that’s very rare.) (Target Turn: Speaker 2: I know. I know. And this is so much more complicated than it was for those guys. I mean, it’s Rachel for God sakes.) (+1 Turn: Speaker 2: I know. I know. And this is so much more complicated than it was for those guys. I mean, it’s Rachel for God sakes.)",positive,0.9,"the speaker expresses empathy and understanding towards the subject, using phrases like ""i know"" and ""it's rachel for god's sake"", indicating a positive emotional attribution towards the subject."
conv_490,Speaker 3,Owen,"(-1 Turn: N/A) (Target Turn: Speaker 3: I know the process is frustrating, but it's so worth it. Adopting Owen was the best thing that ever happened to us.) (+1 Turn: Speaker 3: I know the process is frustrating, but it's so worth it. Adopting Owen was the best thing that ever happened to us.)",positive,0.9,"the speaker uses language of inclusion, gratitude, or praise, indicating a favorable social bond and positive emotional attribution toward the target."
conv_148,Speaker 1,Mike,"(-1 Turn: Speaker 1: Uhm, we just wanna give you a heads-up. Bill and Colleen hate us.) (Target Turn: Speaker 1: Breaking up sucks! Oh, I really miss Mike!) (+1 Turn: Speaker 1: Uhm, we just wanna give you a heads-up. Bill and Colleen hate us.)",negative,0.9,"the speaker expresses a negative sentiment towards the breakup, indicating a negative emotional attribution towards the target (mike)."
conv_387,Speaker 2,Emma,(-1 Turn: Speaker 4: Oh whose side are you on? I'm not giving you Emma because there is no way you could handle the responsibility of a child.) (Target Turn: Speaker 4: Oh whose side are you on? I'm not giving you Emma because there is no way you could handle the responsibility of a child.) (+1 Turn: Speaker 4: Oh whose side are you on? I'm not giving you Emma because there is no way you could handle the responsibility of a child.),negative,0.9,"the speaker is questioning the target's loyalty and ability to care for a child, indicating a negative emotional attribution."
conv_179,Speaker 1,Chandler,(-1 Turn: N/A) (Target Turn: Speaker 2: What-what’s wrong with Monica and Chandler?) (+1 Turn: Speaker 2: What-what’s wrong with Monica and Chandler?),neutral,0.8,"the dialogue is task-oriented, logistical, or observational. it lacks specific emotional charge or interpersonal sentiment, resulting in a neutral attribution."
conv_793,Jack,Judy,"(-1 Turn: Speaker 3: Umm, I'm sorry Judy, I couldn't find that bowl that you and Jack were looking for.) (Target Turn: Speaker 3: Umm, I'm sorry Judy, I couldn't find that bowl that you and Jack were looking for.) (+1 Turn: Speaker 3: Umm, I'm sorry Judy, I couldn't find that bowl that you and Jack were looking for.)",positive,0.8,"the speaker is apologizing for not finding the bowl, which indicates a sense of responsibility and concern for the other person's needs. this suggests a positive emotional attribution between the part"
conv_223,Barry,Speaker 1,"(-1 Turn: Speaker 2: Okay, okay... when Barry was engaged to you, he and I...kind of... had a little thing on the side.) (Target Turn: Speaker 2: Okay, okay... when Barry was engaged to you, he and I...kind of... had a little thing on the side.) (+1 Turn: Speaker 2: Okay, okay... when Barry was engaged to you, he and I...kind of... had a little thing on the side.)",negative,0.8,"the speaker is sharing a secret or intimate information, which can be perceived as a breach of trust or a betrayal. this can lead to a negative emotional attribution between the parties."
conv_237,Speaker 2,Chandler,"(-1 Turn: Speaker 1: Okay, here’s a good one for ya. Who do think would win in a fight between Ross and Chandler.) (Target Turn: Speaker 2: I can’t answer that! Chandler’s my husband.) (+1 Turn: Speaker 2: I can’t answer that! Chandler’s my husband.)",negative,0.9,"the speaker uses language of rejection, denial, or avoidance, indicating a negative emotional attribution toward the target."
conv_178,Speaker 2,Mike,"(-1 Turn: Speaker 2: Screw you, Mike. You're a coward and a bastard, and I hope you rot in hell.) (Target Turn: Speaker 2: Screw you, Mike. You're a coward and a bastard, and I hope you rot in hell.) (+1 Turn: Speaker 2: Screw you, Mike. You're a coward and a bastard, and I hope you rot in hell.)",negative,0.95,"the speaker uses extremely aggressive and derogatory language, indicating a strong negative emotional attribution toward the target."
conv_489,Speaker 2,Ross,(-1 Turn: Speaker 1: Me go out with Ross?! No! God no! What would make you think that?) (Target Turn: Speaker 1: Me go out with Ross?! No! God no! What would make you think that?) (+1 Turn: Speaker 1: Me go out with Ross?! No! God no! What would make you think that?),negative,0.95,"the speaker uses language of rejection, denial, and strong negative emotions, indicating a strong negative emotional attribution toward the target."
conv_199,Chandler,Monica,"(-1 Turn: Speaker 2: Umm, okay, yeah, sure. But wh-what’s wrong with Monica and Chandler?) (Target Turn: Speaker 2: Umm, okay, yeah, sure. But wh-what’s wrong with Monica and Chandler?) (+1 Turn: Speaker 5: Well, I don’t care about the divorces either, but I wouldn’t date him. It’s just that he’s obviously still in love with this Rachel girl.)",neutral,0.8,"the speaker uses language of uncertainty, hesitation, or questioning, indicating a neutral emotional attribution toward the target."
conv_254,Speaker 1,Roger,"(-1 Turn: Speaker 1: Oh, okay, except I broke up with Roger.) (Target Turn: Speaker 1: Oh, okay, except I broke up with Roger.) (+1 Turn: Speaker 1: Oh, okay, except I broke up with Roger.)",negative,0.8,"the speaker mentions a recent breakup, which implies a negative emotional experience. the speaker's tone is likely to be melancholic or regretful."
conv_298,Chandler,Speaker 1,"(-1 Turn: Speaker 1: Now Chandler dear, just because your father and I are getting a divorce it doesn't mean we don't love you. It just means he would rather sleep with the house-boy than me.) (Target Turn: Speaker 1: Now Chandler dear, just because your father and I are getting a divorce it doesn't mean we don't love you. It just means he would rather sleep with the house-boy than me.) (+1 Turn: Speaker 1: Dr. Greene. Oh my God it's Rachel's dad. What're you doing here?)",negative,0.8,"the speaker uses language of rejection, criticism, or blame, indicating an unfavorable social bond and negative emotional attribution toward the target. the speaker is addressing a child, chandler, an"
conv_252,Speaker 2,Chandler,"(-1 Turn: Speaker 1: Alright, so that leaves Chandler.) (Target Turn: Speaker 2: Oh, no, no, you can't have Chandler, no. No, no. She's my little genius. I got big hopes for her. She's gonna be a doctor or a realtor..) (+1 Turn: Speaker 2: Oh, no, no, you can't have Chandler, no. No, no. She's my little genius. I got big hopes for her. She's gonna be a doctor or a realtor..)",positive,0.9,"the speaker uses possessive language (""my little genius""), indicating a strong emotional attachment and ownership. the speaker also expresses high hopes for the subject's future, implying a positive e"
conv_319,Speaker 3,Dan,"(-1 Turn: Speaker 3: Yeah, Ross can't go so it's between my friend Eric Prower who has breath issues and Dan with the poking. 'Did you see that play? Do you want some more beer? Is that Spike Lee?') (Target Turn: Speaker 3: Yeah, Ross can't go so it's between my friend Eric Prower who has breath issues and Dan with the poking. 'Did you see that play? Do you want some more beer? Is that Spike Lee?') (+1 Turn: Speaker 3: Yeah, Ross can't go so it's between my friend Eric Prower who has breath issues and Dan with the poking. 'Did you see that play? Do you want some more beer? Is that Spike Lee?')",positive,0.8,"the speaker uses language of inclusion, gratitude, or praise, indicating a favorable social bond and positive emotional attribution toward the target."
conv_233,Speaker 1,Monica,"(-1 Turn: N/A) (Target Turn: Speaker 1: I’d like to propose a toast. To Monica and Chandler, the greatest couple in the world. And my best friends. Now, my when I first found out they were getting married I was, I was a little angry. I was like, ""Why God? Why? How can you take them away from me?!"" But then I thought back over all our memories together, some happy memories. And-and there was some sad memories. I’m sorry. And-and some scared memories—Whoa! Eh? And then, and then I realized I’ll always be their friend, their friend who can speak in many dialects and has training in stage combat and is willing to do partial nudity. Oh! To the happy couple!) (+1 Turn: Speaker 1: I’d like to propose a toast. To Monica and Chandler, the greatest couple in the world. And my best friends. Now, my when I first found out they were getting married I was, I was a little angry. I was like, ""Why God? Why? How can you take them away from me?!"" But then I thought back over all our memories together, some happy memories. And-and there was some sad memories. I’m sorry. And-and some scared memories—Whoa! Eh? And then, and then I realized I’ll always be their friend, their friend who can speak in many dialects and has training in stage combat and is willing to do partial nudity. Oh! To the happy couple!)",positive,0.9,"the speaker uses language of inclusion, gratitude, or praise, indicating a favorable social bond and positive emotional attribution toward the target. the speaker also acknowledges their initial negat"
conv_305,Rachel,Speaker 1,"(-1 Turn: Speaker 3: Y'know I had a dream where Ross and Rachel were still together, they never broke up. And we were all just like hanging out, and everyone was happy....) (Target Turn: Speaker 1: Gunther! Gunther. Gunther, please tell me you didn’t say anything to Rachel about me and the girl from the Xerox place.) (+1 Turn: Speaker 1: Gunther! Gunther. Gunther, please tell me you didn’t say anything to Rachel about me and the girl from the Xerox place.)",positive,0.9,"the speaker is using a pleading tone and addressing gunther by name, indicating a sense of urgency and concern. the speaker is also asking gunther not to have said something to rachel about their pers"
conv_608,Speaker 2,Althea,(-1 Turn: Speaker 3: Are you sure it was Althea?!) (Target Turn: Speaker 3: Are you sure it was Althea?!) (+1 Turn: Speaker 3: Are you sure it was Althea?!),neutral,0.9,"the sentence lacks specific emotional charge or interpersonal sentiment, and the language used is neutral and objective. the speaker is asking a question to clarify information, which is a common and"
conv_489,Ross,Speaker 2,"(-1 Turn: Speaker 2: That is great. Hey, y’know who doesn’t have to job hunt? Ross. He works at the university.) (Target Turn: Speaker 1: Me go out with Ross?! No! God no! What would make you think that?) (+1 Turn: Speaker 1: Me go out with Ross?! No! God no! What would make you think that?)",negative,0.9,"the speaker uses language of rejection, denial, or frustration, indicating a negative emotional attribution toward the target."
conv_216,Speaker 2,Benji,"(-1 Turn: Speaker 2: Benji isn't in love with me. I mean, he broke up with me. And besides, he's a very ethical man.) (Target Turn: Speaker 2: Benji isn't in love with me. I mean, he broke up with me. And besides, he's a very ethical man.) (+1 Turn: Speaker 2: Benji isn't in love with me. I mean, he broke up with me. And besides, he's a very ethical man.)",negative,0.9,"the speaker expresses a sense of disappointment, rejection, and possibly even hurt, indicating a negative emotional attribution toward the target (benji). the speaker's language is direct and straight"
conv_139,Speaker 4,Phoebe,"(-1 Turn: Speaker 3: Pheebs, come on, you didn't kill anybody, these people just happened to die when you went to the dentist. It's, it's, it's just ah, a coincidence.) (Target Turn: Speaker 4: No! Hey no! This is wrong you guys! Phoebe’s our friend! Well, I’m not gonna watch it!) (+1 Turn: Speaker 4: No! Hey no! This is wrong you guys! Phoebe’s our friend! Well, I’m not gonna watch it!)",negative,0.9,"the speaker uses language of rejection, disagreement, or frustration, indicating a negative emotional attribution toward the target."
conv_67,Emily,Ross,"(-1 Turn: Speaker 3: Rach, wait, I can cancel...) (Target Turn: Speaker 1: But, he loves Emily?) (+1 Turn: Speaker 1: But, he loves Emily?)",positive,0.9,"the speaker uses language of affection, care, or concern, indicating a favorable social bond and positive emotional attribution toward the subject."
conv_907,Betty,Mr. Zelner,"(-1 Turn: Speaker 1: Okay, I think we can get the evaluation back before they see it, but we’re gonna have to get into Mr. Zelner’s office. Now, he doesn’t get in until 10, so he’s no problem, but his assistant, Betty, she comes in early to eat her breakfast at her desk.) (Target Turn: Speaker 1: Yeah, well Betty’s kinda sad. Which is why I believe I can lure her away with these chocolates. Now, while I distract her, you get in the office.) (+1 Turn: Speaker 1: Yeah, well Betty’s kinda sad. Which is why I believe I can lure her away with these chocolates. Now, while I distract her, you get in the office.)",negative,0.9,"the speaker is trying to manipulate someone (betty) using chocolates, which implies a sense of control or coercion. the speaker is also trying to get someone else to do something (get in the office) w"
conv_170,Speaker 3,Jack,"(-1 Turn: Speaker 2: Oh, Jack Bing. I love that. Ooh, it sounds like a '40s newspaper guy, you know? ""Jack Bing, Morning Gazette. I'm gonna blow this story wide open!"") (Target Turn: Speaker 2: Oh, Jack Bing. I love that. Ooh, it sounds like a '40s newspaper guy, you know? ""Jack Bing, Morning Gazette. I'm gonna blow this story wide open!"") (+1 Turn: Speaker 2: Oh, Jack Bing. I love that. Ooh, it sounds like a '40s newspaper guy, you know? ""Jack Bing, Morning Gazette. I'm gonna blow this story wide open!"")",positive,0.9,"the speaker uses language of enthusiasm, excitement, and playfulness, indicating a positive emotional attribution toward the subject. the use of the phrase ""i love that"" and the tone of the speaker su"
conv_323,Speaker 3,Knicks,(-1 Turn: Speaker 4: It’s the Knicks!) (Target Turn: Speaker 4: It’s the Knicks!) (+1 Turn: Speaker 4: It’s the Knicks!),neutral,0.8,"the dialogue is task-oriented, logistical, or observational. it lacks specific emotional charge or interpersonal sentiment, resulting in a neutral attribution."
conv_155,Emily,Speaker 1,"(-1 Turn: Speaker 1: Ah, no Mon, Dad had to buy everyone of your boxes because you ate them all. But ah, y'know I'm sure that's not gonna happen this time, why don't I put you down for three of the mint treasures and just a couple of the Rudolph's.) (Target Turn: Speaker 2: We all hate Emily!) (+1 Turn: Speaker 2: We all hate Emily!)",negative,0.9,"the speaker uses language of social exclusion, rejection, or criticism, indicating a negative emotional attribution toward the target."
conv_78,Speaker 2,Baywatch,(-1 Turn: Speaker 3: Baywatch!!) (Target Turn: Speaker 3: Baywatch!!) (+1 Turn: Speaker 3: Baywatch!!),positive,0.8,"the speaker uses an exclamation mark, which is often used to express excitement or enthusiasm, indicating a positive emotional attribution toward the target."
conv_282,Speaker 1,duck,"(-1 Turn: Speaker 1: Yeah, maybe, yeah. You know, and, and I'll knock on the door and, and he'll hug me and I'll have a dad. Ya know and I'll, I'll go to his pharmacy and everyone will be really nice to me 'cause, you know, I'm Frank’s daughter.) (Target Turn: Speaker 1: H-h-h-how’s the duck?) (+1 Turn: Speaker 1: Yeah, maybe, yeah. You know, and, and I'll knock on the door and, and he'll hug me and I'll have a dad. Ya know and I'll, I'll go to his pharmacy and everyone will be really nice to me 'cause, you know, I'm Frank’s daughter.)",neutral,0.7,"the speaker's tone is uncertain and hesitant, using filler words (""h-h-h-""), which may indicate a lack of confidence or emotional attachment to the subject. the use of the word ""duck"" is ambiguous and"
conv_180,Speaker 3,Ross,"(-1 Turn: Speaker 3: Hello. My name is Regina Phalange. I'm a businesswoman in town on business. Would you like to see my card? Ooh, what did I do with my file-a-facts? I must've left it in conference room B.) (Target Turn: Speaker 3: Oh, I’m Phoebe Buffay. I’m one of Ross’s best friends.) (+1 Turn: Speaker 3: Hello. My name is Regina Phalange. I'm a businesswoman in town on business. Would you like to see my card? Ooh, what did I do with my file-a-facts? I must've left it in conference room B.)",positive,0.9,"the speaker introduces themselves as phoebe buffay, one of ross's best friends, indicating a friendly and social tone. the interaction lacks any negative or conflictual elements."
conv_276,Speaker 5,Ross,"(-1 Turn: Speaker 1: Well, of course I am! It's not gonna happen to Ross! He's your brother. He's your old college roommate. Ugh, it was just a matter of time before someone had to leave the group. I just always assumed Phoebe would be the one to go.) (Target Turn: Speaker 1: Well, of course I am! It's not gonna happen to Ross! He's your brother. He's your old college roommate. Ugh, it was just a matter of time before someone had to leave the group. I just always assumed Phoebe would be the one to go.) (+1 Turn: Speaker 1: Well, of course I am! It's not gonna happen to Ross! He's your brother. He's your old college roommate. Ugh, it was just a matter of time before someone had to leave the group. I just always assumed Phoebe would be the one to go.)",negative,0.9,"the speaker expresses frustration, annoyance, and a sense of inevitability, indicating a negative emotional attribution toward the target. the speaker also uses language of exclusion, implying a lack"
conv_134,Sylvia,Speaker 1,(-1 Turn: Speaker 1: With that moustache doesn't Chandler remind you of Aunt Sylvia?) (Target Turn: Speaker 1: With that moustache doesn't Chandler remind you of Aunt Sylvia?) (+1 Turn: Speaker 1: With that moustache doesn't Chandler remind you of Aunt Sylvia?),neutral,0.8,"the speaker uses a humorous comparison, referencing a family member, indicating a lighthearted and playful tone. the dialogue lacks specific emotional charge or interpersonal sentiment, resulting in a"
conv_274,Ursula,Speaker 2,"(-1 Turn: Speaker 1: You know Pheebs, when I was little, on my birthday, my daddy would hide a present in every room of the house, and then he would draw a treasure map to help me find 'em all.) (Target Turn: Speaker 2: Oooh, I love family traditions like that. When uhm... when Ursula and I were kids, on our birthday, our stepdad would sell his blood to buy us food!) (+1 Turn: Speaker 2: Oooh, I love family traditions like that. When uhm... when Ursula and I were kids, on our birthday, our stepdad would sell his blood to buy us food!)",positive,0.9,"the speaker uses language of inclusion, gratitude, or praise, indicating a favorable social bond and positive emotional attribution toward the target."
conv_631,Julie Grath,Speaker 2,"(-1 Turn: Speaker 2: Julie Grath, my camp girlfriend.) (Target Turn: Speaker 2: Julie Grath, my camp girlfriend.) (+1 Turn: Speaker 2: Julie Grath, my camp girlfriend.)",positive,0.95,"the speaker uses language of affection, intimacy, or endearment, indicating a strong positive emotional attribution toward the target."
conv_766,Rachel,Speaker 2,"(-1 Turn: Speaker 2: October 18th.) (Target Turn: Speaker 2: Ah, Rachel I guess.) (+1 Turn: Speaker 2: Ah, Rachel I guess.)",positive,0.9,"the speaker uses a term of endearment (""ah"") and addresses rachel by name, indicating a friendly and familiar tone. this suggests a positive emotional attribution between the speaker and rachel."
conv_653,Monica,Speaker 2,"(-1 Turn: Speaker 2: Very, very funny, but don't say things like that in front of Monica. I don't want you putting any ideas in her head.) (Target Turn: Speaker 2: Very, very funny, but don't say things like that in front of Monica. I don't want you putting any ideas in her head.) (+1 Turn: Speaker 2: Very, very funny, but don't say things like that in front of Monica. I don't want you putting any ideas in her head.)",positive,0.9,"the speaker is expressing a concern for monica's well-being and is trying to protect her from potentially harmful ideas. the tone is gentle and humorous, indicating a positive emotional attribution be"
conv_160,Speaker 1,Hugsy,"(-1 Turn: Speaker 2: Like I said I was thinking of taking Emma to the museum of knives and fire!) (Target Turn: Speaker 1: Rachel... let's be clear on this, ok? I do not love Hugsy. I like him a normal amount...) (+1 Turn: Speaker 1: And the best part is, we're filming in the desert outside Vegas! And you know what that means buddy!)",neutral,0.8,"the speaker uses language of clarity, specificity, and directness, indicating a neutral or objective tone. the speaker does not express any strong emotions or sentiments towards hugsy, and the languag"
conv_656,Phoebe,David,"(-1 Turn: Speaker 2: Phoebe is going to say ""Yes"" to David. See, that's what happens when you meddle in people's lives!) (Target Turn: Speaker 3: Phoebe is going to say ""yes""? That's, that's great!) (+1 Turn: Speaker 3: Phoebe is going to say ""yes""? That's, that's great!)",positive,0.9,"the speaker uses language of anticipation, excitement, or enthusiasm, indicating a positive emotional attribution toward the target."
conv_492,Speaker 1,Emma,(-1 Turn: Speaker 1: Can any of you watch Emma?) (Target Turn: Speaker 1: Can any of you watch Emma?) (+1 Turn: Speaker 1: Can any of you watch Emma?),neutral,0.8,"the dialogue is task-oriented, logistical, or observational. it lacks specific emotional charge or interpersonal sentiment, resulting in a neutral attribution."
conv_313,Mike,Speaker 2,(-1 Turn: Speaker 3: Mike didn't tell you? You have to choose one of us to be in your wedding. One of his groomsmen fell out.) (Target Turn: Speaker 3: Mike didn't tell you? You have to choose one of us to be in your wedding. One of his groomsmen fell out.) (+1 Turn: Speaker 3: Mike didn't tell you? You have to choose one of us to be in your wedding. One of his groomsmen fell out.),negative,0.9,"the speaker uses language of exclusion, rejection, or criticism, indicating a negative emotional attribution between the parties."
conv_295,Speaker 2,Pottery Barn,(-1 Turn: Speaker 2: She hates Pottery Barn?!!) (Target Turn: Speaker 2: She hates Pottery Barn?!!) (+1 Turn: Speaker 2: She hates Pottery Barn?!!),negative,0.8,"the speaker is expressing surprise and possibly even shock at the fact that someone hates pottery barn. this suggests a strong emotional reaction, which is typically associated with a negative emotion"
conv_492,Speaker 5,Emma,(-1 Turn: Speaker 1: Can any of you watch Emma?) (Target Turn: Speaker 1: Can any of you watch Emma?) (+1 Turn: Speaker 1: Can any of you watch Emma?),neutral,0.8,"the dialogue is task-oriented, logistical, or observational. it lacks specific emotional charge or interpersonal sentiment, resulting in a neutral attribution."
conv_418,Aunt Silvia,Speaker 1,"(-1 Turn: Speaker 1: Well ah, Aunt Silvia was, well not a nice person.) (Target Turn: Speaker 1: Well ah, Aunt Silvia was, well not a nice person.) (+1 Turn: Speaker 1: Well ah, Aunt Silvia was, well not a nice person.)",negative,0.9,"the speaker uses language of criticism, disapproval, or negative evaluation, indicating a negative emotional attribution toward the target."
conv_251,Mindy,Barry,"(-1 Turn: Speaker 3: No! Barry and Mindy.) (Target Turn: Speaker 4: Oh sorry, I hear divorce I immediately go to Ross. Who-who’s Barry and Mindy?) (+1 Turn: Speaker 4: Oh sorry, I hear divorce I immediately go to Ross. Who-who’s Barry and Mindy?)",positive,0.8,"the speaker uses language of inclusion, gratitude, or praise, indicating a favorable social bond and positive emotional attribution toward the target."
conv_90,Speaker 1,Jinkies,"(-1 Turn: Speaker 1: This kitty is Mittens and this one is Fitzhugh, and this little guy in the cat condo is Jinkies.) (Target Turn: Speaker 1: This kitty is Mittens and this one is Fitzhugh, and this little guy in the cat condo is Jinkies.) (+1 Turn: Speaker 1: This kitty is Mittens and this one is Fitzhugh, and this little guy in the cat condo is Jinkies.)",neutral,0.9,"the speaker is simply introducing the names of the cats, without any emotional tone or interpersonal sentiment. the language used is neutral and observational."
conv_345,Speaker 3,Irish,(-1 Turn: Speaker 2: And the Irish guy wins the joke!) (Target Turn: Speaker 2: And the Irish guy wins the joke!) (+1 Turn: Speaker 2: And the Irish guy wins the joke!),positive,0.9,"the speaker uses language of celebration, excitement, or praise, indicating a favorable social bond and positive emotional attribution toward the target."
conv_298,Speaker 1,Mr. Chandler,"(-1 Turn: Speaker 1: Now Chandler dear, just because your father and I are getting a divorce it doesn't mean we don't love you. It just means he would rather sleep with the house-boy than me.) (Target Turn: Speaker 2: More turkey Mr. Chandler?) (+1 Turn: Speaker 2: More turkey Mr. Chandler?)",positive,0.8,"the speaker uses a familiar name, indicating a friendly or informal tone, which suggests a positive emotional attribution toward the target."
conv_297,Monica,Richard,(-1 Turn: Speaker 1: Mandy.) (Target Turn: Speaker 2: Why would she use them with Richard and not me? I can be kinky! I once did a naked dance for her... with scarves!) (+1 Turn: Speaker 1: Mandy.),negative,0.9,"the speaker expresses frustration, disappointment, and a sense of betrayal, indicating a negative emotional attribution toward the subject. the use of the word ""kinky"" and the mention of a naked dance"
conv_576,Monica,Speaker 1,"(-1 Turn: Speaker 2: Oh, it’s the best! So, umm how’s Monica?) (Target Turn: Speaker 2: Oh, it’s the best! So, umm how’s Monica?) (+1 Turn: Speaker 2: Oh, it’s the best! So, umm how’s Monica?)",positive,0.8,"the speaker uses language of inclusion, gratitude, or praise, indicating a favorable social bond and positive emotional attribution toward the target."
conv_170,Erica,Jack,"(-1 Turn: Speaker 4: Hey, that pregnant girl's name was Erica.) (Target Turn: Speaker 4: Hey, that pregnant girl's name was Erica.) (+1 Turn: Speaker 4: Hey, that pregnant girl's name was Erica.)",neutral,0.7,"the speaker mentions a specific person, erica, which may indicate a personal connection or familiarity. however, the context is unclear, and the speaker's tone is neutral."
conv_276,Kip,Speaker 5,"(-1 Turn: Speaker 1: Oh my God, its happening. It's already started. I'm Kip.) (Target Turn: Speaker 1: Oh my God, its happening. It's already started. I'm Kip.) (+1 Turn: Speaker 1: Oh my God, its happening. It's already started. I'm Kip.)",positive,0.8,"the speaker's language is excited and anticipatory, indicating a sense of urgency and importance. the use of ""oh my god"" and ""it's already started"" suggests a strong emotional response, which is likel"
conv_757,Tom,Speaker 4,"(-1 Turn: Speaker 4: Phoebe, these are our friends, Tom and Sue Angle.) (Target Turn: Speaker 4: Phoebe, these are our friends, Tom and Sue Angle.) (+1 Turn: Speaker 4: Phoebe, these are our friends, Tom and Sue Angle.)",neutral,0.8,"the speaker introduces two new individuals, tom and sue angle, as friends, indicating a positive social bond and a neutral emotional attribution toward the target."
conv_170,Jack,Speaker 6,"(-1 Turn: Speaker 2: Oh, Jack Bing. I love that. Ooh, it sounds like a '40s newspaper guy, you know? ""Jack Bing, Morning Gazette. I'm gonna blow this story wide open!"") (Target Turn: Speaker 2: Oh, Jack Bing. I love that. Ooh, it sounds like a '40s newspaper guy, you know? ""Jack Bing, Morning Gazette. I'm gonna blow this story wide open!"") (+1 Turn: Speaker 2: Oh, Jack Bing. I love that. Ooh, it sounds like a '40s newspaper guy, you know? ""Jack Bing, Morning Gazette. I'm gonna blow this story wide open!"")",positive,0.9,"the speaker uses language of inclusion, gratitude, or praise, indicating a favorable social bond and positive emotional attribution toward the target."
conv_203,Ross,Speaker 1,"(-1 Turn: Speaker 3: Wow, Ralph Lauren is really going out of there way to show they’re not in the baby buying business.) (Target Turn: Speaker 1: Yes. Oh my god, are you kidding? Ross is so crazy about you, and I really wanted you to like me, and, it's probably me being totally paranoid, but I kinda got the feeling that maybe you don't.) (+1 Turn: Speaker 1: Yes. Oh my god, are you kidding? Ross is so crazy about you, and I really wanted you to like me, and, it's probably me being totally paranoid, but I kinda got the feeling that maybe you don't.)",negative,0.8,"the speaker expresses a mix of emotions, including vulnerability, paranoia, and possibly even disappointment or sadness. the use of phrases like ""it's probably me being totally paranoid"" and ""i really"
conv_25,Pheebs,Ursula,"(-1 Turn: Speaker 6: Um, Pheebs, so, you guys just don’t get along?) (Target Turn: Speaker 6: Um, Pheebs, so, you guys just don’t get along?) (+1 Turn: Speaker 6: Um, Pheebs, so, you guys just don’t get along?)",neutral,0.8,"the speaker uses a casual, informal tone and addresses phoebe with a nickname, indicating a friendly and familiar relationship. the speaker also uses a question to inquire about the relationship betwe"
conv_129,Speaker 2,Ross,"(-1 Turn: Speaker 1: I don't believe this. Is this how this relationship's gonna work? Ross equals boss. I mean, c'mon what is this, 1922?) (Target Turn: Speaker 1: I don't believe this. Is this how this relationship's gonna work? Ross equals boss. I mean, c'mon what is this, 1922?) (+1 Turn: Speaker 2: Yes I do, it's just that Ross is. . .)",negative,0.9,"the speaker expresses frustration, incredulity, and a sense of being bossed around, indicating a negative emotional attribution toward the target."
conv_356,Joey,Gina,"(-1 Turn: Speaker 1: She's right, it's Jill. Jill Goodacre. Oh my God. I am trapped in an ATM vestibule with Jill Goodacre! Is it a vestibule? Maybe it's an atrium. Oh, yeah, that is the part to focus on, you idiot!) (Target Turn: Speaker 2: Ah, I fooled around with Joey's sister. Well, that's not the worst part.) (+1 Turn: Speaker 2: Ah, I fooled around with Joey's sister. Well, that's not the worst part.)",negative,0.8,"the speaker's statement implies a negative social bond and a negative emotional attribution toward the subject, as they are sharing a personal and potentially embarrassing secret about someone's siste"
conv_319,Dan,Speaker 3,"(-1 Turn: Speaker 3: Yeah, Ross can't go so it's between my friend Eric Prower who has breath issues and Dan with the poking. 'Did you see that play? Do you want some more beer? Is that Spike Lee?') (Target Turn: Speaker 3: Yeah, Ross can't go so it's between my friend Eric Prower who has breath issues and Dan with the poking. 'Did you see that play? Do you want some more beer? Is that Spike Lee?') (+1 Turn: Speaker 3: Joey?)",positive,0.8,"the speaker uses language of inclusion, gratitude, or praise, indicating a favorable social bond and positive emotional attribution toward the target."
conv_643,Speaker 1,Mike,"(-1 Turn: N/A) (Target Turn: Speaker 1: Oh, I should go, too. Oh, now... tomorrow do you guys wanna share a cab to the airport or should Mike and I just meet you there.) (+1 Turn: Speaker 1: Oh, I should go, too. Oh, now... tomorrow do you guys wanna share a cab to the airport or should Mike and I just meet you there.)",neutral,0.8,"the speaker is expressing a desire to leave and is asking about transportation options, indicating a neutral emotional attribution."
conv_599,Speaker 1,Susanne,"(-1 Turn: Speaker 1: Okay, but, well, before you say no, my friend Susanne is entering her kid and compared to Emma she's a real dog!) (Target Turn: Speaker 1: Okay, but, well, before you say no, my friend Susanne is entering her kid and compared to Emma she's a real dog!) (+1 Turn: Speaker 1: Okay, but, well, before you say no, my friend Susanne is entering her kid and compared to Emma she's a real dog!)",negative,0.8,"the speaker uses a metaphor to compare susanne's kid to a dog, which is a negative comparison. this implies that the speaker does not think highly of susanne's kid, which could lead to a negative emot"
conv_253,Speaker 1,Ben,"(-1 Turn: Speaker 1: Who da wenny-Benny boy? You the Wenny-wenny-Benny-Benny boy, yes. Don't cry. Don't cry. Why is he still crying?) (Target Turn: Speaker 1: Who da wenny-Benny boy? You the Wenny-wenny-Benny-Benny boy, yes. Don't cry. Don't cry. Why is he still crying?) (+1 Turn: Speaker 1: Who da wenny-Benny boy? You the Wenny-wenny-Benny-Benny boy, yes. Don't cry. Don't cry. Why is he still crying?)",positive,0.8,"the speaker uses language of emotional distress, concern, and empathy, indicating a negative emotional attribution toward the target. the speaker is trying to comfort the target, which suggests a stro"
conv_157,Maureen,Speaker 1,"(-1 Turn: N/A) (Target Turn: Speaker 1: Hey Maureen! Gosh! Hey uh, Chandler? This is my cousin Maureen.) (+1 Turn: Speaker 1: Hey Maureen! Gosh! Hey uh, Chandler? This is my cousin Maureen.)",positive,0.9,"the speaker uses language of introduction, greeting, and familial connection, indicating a positive social bond and positive emotional attribution toward the target."
conv_804,Speaker 1,Rachel,"(-1 Turn: Speaker 2: Yeah, I'm a friend of Rachel Green's. Uhm, actually we met at the Christmas party about two years ago.) (Target Turn: Speaker 2: Yeah, I'm a friend of Rachel Green's. Uhm, actually we met at the Christmas party about two years ago.) (+1 Turn: Speaker 2: Yeah, I'm a friend of Rachel Green's. Uhm, actually we met at the Christmas party about two years ago.)",neutral,0.8,"the speaker introduces themselves as a friend of rachel green's, indicating a positive social bond. the context of the christmas party suggests a casual, friendly interaction. the speaker's tone is ne"
conv_381,Joey,Speaker 1,"(-1 Turn: Speaker 1: Pheebs is your grandmother maybe saying that you should live here alone?) (Target Turn: Speaker 1: Phoebe, it’s okay. I like living with Joey.) (+1 Turn: Speaker 1: Phoebe, it’s okay. I like living with Joey.)",positive,0.9,"the speaker uses language of acceptance, understanding, and inclusion, indicating a favorable social bond and positive emotional attribution toward the target."
conv_197,Richard,Speaker 2,(-1 Turn: Speaker 1: Her name is Celia. She's not a bug lady. She's curator of insects at the museum.) (Target Turn: Speaker 1: Richard Simmons?! Oh my God!) (+1 Turn: Speaker 1: Her name is Celia. She's not a bug lady. She's curator of insects at the museum.),negative,0.9,"the speaker's reaction is one of surprise, shock, and possibly even disgust, indicating a negative emotional attribution toward the target."
conv_356,Joey,Gina,"(-1 Turn: Speaker 4: I mean, was it Gina?) (Target Turn: Speaker 5: Which one is Gina?) (+1 Turn: Speaker 5: Which one is Gina?)",neutral,0.8,"the speaker is asking about a person, gina, which implies a neutral or casual interaction. there is no emotional language or tone used in the sentence."
conv_638,Ross,Speaker 4,"(-1 Turn: Speaker 3: Well let's see. Maybe he knows where Ross is. Hey, how's it going.) (Target Turn: Speaker 3: Well let's see. Maybe he knows where Ross is. Hey, how's it going.) (+1 Turn: Speaker 3: Well let's see. Maybe he knows where Ross is. Hey, how's it going.)",positive,0.8,"the speaker is asking for information about ross, indicating a neutral or task-oriented interaction. the tone is casual and friendly, suggesting a positive emotional attribution."
conv_133,Speaker 1,Mr. Trib,"(-1 Turn: Speaker 1: Hey you guys. Hey, you all know my dad, right?) (Target Turn: Speaker 2: Hey! Hey, Mr. Trib!) (+1 Turn: Speaker 2: Hi, this is Heldi from the Morgan Chase museum. I’m calling for Monica Geller. I want to let her know that there was a cancellation and if she’s still interested in having the Bing-Geller wedding at our facility, it is available…)",positive,0.8,"the speaker uses a casual greeting, which is a common way to initiate a conversation. this suggests a friendly and approachable tone, indicating a positive emotional attribution."
conv_234,Pete,Speaker 1,"(-1 Turn: Speaker 1: I mean this has been like my dream since I got my first Easy Bake Oven and opened Easy Monica's Bakery. I mean I would kill for this job. I mean I can totally do this job, and God knows I paid my dues. But Pete's just doing this because he has a crush on me.) (Target Turn: Speaker 1: I mean this has been like my dream since I got my first Easy Bake Oven and opened Easy Monica's Bakery. I mean I would kill for this job. I mean I can totally do this job, and God knows I paid my dues. But Pete's just doing this because he has a crush on me.) (+1 Turn: Speaker 1: Well, you promised me a fun road trip! We’ve been on the road six hours and you’ve been asleep for five and a half! We are switching at the next rest stop and you are going to drive all the way back! That will be your punishment, you greedy sleeper!)",positive,0.95,"the speaker expresses strong enthusiasm and dedication to their work, using phrases like ""my dream"" and ""i would kill for this job."" they also mention ""paid my dues,"" indicating a sense of accomplishm"
conv_133,Speaker 1,Monica,"(-1 Turn: Speaker 2: Hi, this is Heldi from the Morgan Chase museum. I’m calling for Monica Geller. I want to let her know that there was a cancellation and if she’s still interested in having the Bing-Geller wedding at our facility, it is available…) (Target Turn: Speaker 2: Hi, this is Heldi from the Morgan Chase museum. I’m calling for Monica Geller. I want to let her know that there was a cancellation and if she’s still interested in having the Bing-Geller wedding at our facility, it is available…) (+1 Turn: Speaker 2: Hi, this is Heldi from the Morgan Chase museum. I’m calling for Monica Geller. I want to let her know that there was a cancellation and if she’s still interested in having the Bing-Geller wedding at our facility, it is available…)",neutral,0.8,"the speaker is initiating a conversation with monica geller, providing information about a cancellation and an available wedding facility. the tone is professional and informative, without any apparen"
conv_375,Joey,Charlie,(-1 Turn: Speaker 4: Be-cause Ross is the father of my child! You know... and I... want him to hook up with lots of women! I just... All I'm saying is... I don't think that Joey and Charlie have anything in common.) (Target Turn: Speaker 4: Be-cause Ross is the father of my child! You know... and I... want him to hook up with lots of women! I just... All I'm saying is... I don't think that Joey and Charlie have anything in common.) (+1 Turn: Speaker 4: Be-cause Ross is the father of my child! You know... and I... want him to hook up with lots of women! I just... All I'm saying is... I don't think that Joey and Charlie have anything in common.),negative,0.9,"the speaker uses language of emotional intensity, frustration, and conflict, indicating a negative emotional attribution toward the subject. the speaker also expresses a desire for the subject to enga"
conv_279,Speaker 1,Leslie,"(-1 Turn: N/A) (Target Turn: Speaker 1: Yeah, that was Leslie calling again to see if we can get back together. That’s the twentieth time today! And good luck Leslie!) (+1 Turn: Speaker 1: Yeah, that was Leslie calling again to see if we can get back together. That’s the twentieth time today! And good luck Leslie!)",negative,0.9,"the speaker is frustrated and annoyed with leslie's repeated calls, indicating a negative emotional attribution."
conv_126,Michelle,Speaker 2,"(-1 Turn: N/A) (Target Turn: Speaker 1: Wow, is that Michelle?) (+1 Turn: Speaker 1: Wow, is that Michelle?)",neutral,0.8,"the speaker uses a tone of surprise and curiosity, indicating a neutral emotional attribution toward the target."
conv_194,Speaker 3,Kenneth Schwartz,"(-1 Turn: Speaker 1: What...? Too sensitive to take care of our baby?) (Target Turn: Speaker 1: Yeah, she never misses these conferences! No, I just saw Dr. Kenneth Schwartz!) (+1 Turn: Speaker 1: Yeah, she never misses these conferences! No, I just saw Dr. Kenneth Schwartz!)",neutral,0.9,"the speaker is expressing a neutral sentiment, simply stating a fact about someone's attendance at conferences. there is no emotional charge or interpersonal sentiment in this statement."
conv_147,Gary,Speaker 2,"(-1 Turn: Speaker 1: I think you should go back with Gary. I don't wanna be the guy that breaks up a family, y'know when my parents split up, it was because of that guy. Whenever I would see him I was always think y'know 'You're the reason, you are the reason why their not together.' and I hated that guy. And it didn't matter how nice he was, or how happy he made my Dad.) (Target Turn: Speaker 1: I think you should go back with Gary. I don't wanna be the guy that breaks up a family, y'know when my parents split up, it was because of that guy. Whenever I would see him I was always think y'know 'You're the reason, you are the reason why their not together.' and I hated that guy. And it didn't matter how nice he was, or how happy he made my Dad.) (+1 Turn: Speaker 1: I think you should go back with Gary. I don't wanna be the guy that breaks up a family, y'know when my parents split up, it was because of that guy. Whenever I would see him I was always think y'know 'You're the reason, you are the reason why their not together.' and I hated that guy. And it didn't matter how nice he was, or how happy he made my Dad.)",negative,0.95,"the speaker expresses a strong emotional connection to their parents' divorce, which is attributed to the target (gary). the speaker's language is filled with negative emotions, such as hatred, and a"
conv_274,Speaker 1,Gavin,"(-1 Turn: Speaker 2: Oooh, I love family traditions like that. When uhm... when Ursula and I were kids, on our birthday, our stepdad would sell his blood to buy us food!) (Target Turn: Speaker 1: No not that. I kissed Gavin last night.) (+1 Turn: Speaker 1: No not that. I kissed Gavin last night.)",negative,0.9,"the speaker uses language of rejection or dismissal, indicating a negative emotional attribution toward the target."
conv_656,Phoebe,David,"(-1 Turn: Speaker 2: Phoebe is going to say ""Yes"" to David. See, that's what happens when you meddle in people's lives!) (Target Turn: Speaker 3: Phoebe is going to say ""yes""? That's, that's great!) (+1 Turn: Speaker 3: Phoebe is going to say ""yes""? That's, that's great!)",positive,0.9,"the speaker uses language of anticipation, excitement, or enthusiasm, indicating a positive emotional attribution toward the target."
conv_148,Speaker 1,Mike,"(-1 Turn: Speaker 1: Well no, when I get to the point where... you know... I'm ready to hear cruel mocking jokes about Mike... I'm gonna come to you.) (Target Turn: Speaker 1: Well no, when I get to the point where... you know... I'm ready to hear cruel mocking jokes about Mike... I'm gonna come to you.) (+1 Turn: Speaker 1: Well no, when I get to the point where... you know... I'm ready to hear cruel mocking jokes about Mike... I'm gonna come to you.)",negative,0.8,"the speaker is expressing a desire to hear cruel mocking jokes about mike, which implies a negative sentiment towards mike. the speaker is also expressing a willingness to engage in a potentially hurt"
conv_1039,Speaker 2,Aunt Ruth,"(-1 Turn: Speaker 2: Well, if that were true, I'd dating my Aunt Ruth. And the two times we went out were just plain awkward. Come on, you think she should go out with me, don't you?) (Target Turn: Speaker 2: Well, if that were true, I'd dating my Aunt Ruth. And the two times we went out were just plain awkward. Come on, you think she should go out with me, don't you?) (+1 Turn: Speaker 2: Well, if that were true, I'd dating my Aunt Ruth. And the two times we went out were just plain awkward. Come on, you think she should go out with me, don't you?)",negative,0.9,"the speaker uses language of rejection, criticism, or disapproval, indicating an unfavorable social bond and negative emotional attribution toward the target."
conv_203,Monica,Speaker 1,"(-1 Turn: Speaker 4: How's my little boy?) (Target Turn: Speaker 2: Um, ok, uh, oh god, um, when you and uh Ross first started going out, it was really hard for me, um, for many reasons, which I'm not gonna bore you with now, but um, I just, I see how happy he is, you know, and how good you guys are together, and um, Monica's always saying how nice you are, and god I hate it when she's right.) (+1 Turn: Speaker 2: Um, ok, uh, oh god, um, when you and uh Ross first started going out, it was really hard for me, um, for many reasons, which I'm not gonna bore you with now, but um, I just, I see how happy he is, you know, and how good you guys are together, and um, Monica's always saying how nice you are, and god I hate it when she's right.)",negative,0.8,"the speaker expresses a mix of emotions, including sadness, frustration, and possibly even jealousy. the speaker mentions that it was ""really hard"" for them when ross and the subject started dating, a"
conv_643,Mike,Speaker 1,"(-1 Turn: Speaker 1: Oh, I should go, too. Oh, now... tomorrow do you guys wanna share a cab to the airport or should Mike and I just meet you there.) (Target Turn: Speaker 1: Mike?? Who's Mike?) (+1 Turn: Speaker 1: Mike?? Who's Mike?)",neutral,0.9,"the speaker is asking for clarification about the identity of ""mike"", which is a neutral question. there is no emotional charge or interpersonal sentiment in this interaction."
conv_19,Speaker 2,Monica,"(-1 Turn: Speaker 2: Any one of the brilliant actresses nominated for this award tonight deserves to take it home. Unfortunately only one can. The nominees for Best Supporting Actress are from Passions Erin Goff. From One Life to Live Mary Loren Bishop, from All My Children Sarah Mchann, and from Days of Our Lives Jessica Ashley. And the winner is……Jessica Ashley from Days of Our Lives. Uh, unfortunately Jessica couldn’t be with us tonight so I’ll be accepting this award on her behalf. And I’m sure that Jessica would like to thank my parents who always believed in me. She’d also like to thank my friends, Chandler, Monica, Ross, Phoebe, and Rachel who’s sittin’ right there!) (Target Turn: Speaker 2: Any one of the brilliant actresses nominated for this award tonight deserves to take it home. Unfortunately only one can. The nominees for Best Supporting Actress are from Passions Erin Goff. From One Life to Live Mary Loren Bishop, from All My Children Sarah Mchann, and from Days of Our Lives Jessica Ashley. And the winner is……Jessica Ashley from Days of Our Lives. Uh, unfortunately Jessica couldn’t be with us tonight so I’ll be accepting this award on her behalf. And I’m sure that Jessica would like to thank my parents who always believed in me. She’d also like to thank my friends, Chandler, Monica, Ross, Phoebe, and Rachel who’s sittin’ right there!) (+1 Turn: Speaker 2: Any one of the brilliant actresses nominated for this award tonight deserves to take it home. Unfortunately only one can. The nominees for Best Supporting Actress are from Passions Erin Goff. From One Life to Live Mary Loren Bishop, from All My Children Sarah Mchann, and from Days of Our Lives Jessica Ashley. And the winner is……Jessica Ashley from Days of Our Lives. Uh, unfortunately Jessica couldn’t be with us tonight so I’ll be accepting this award on her behalf. And I’m sure that Jessica would like to thank my parents who always believed in me. She’d also like to thank my friends, Chandler, Monica, Ross, Phoebe, and Rachel who’s sittin’ right there!)",positive,0.95,"the speaker uses language of praise, admiration, and gratitude, indicating a positive emotional attribution toward the nominees and the winner. the tone is formal, celebratory, and respectful, with no"
conv_170,Speaker 7,Erica,"(-1 Turn: Speaker 7: This is a boy, and that's a girl.) (Target Turn: Speaker 6: Her name is Erica.) (+1 Turn: Speaker 6: Her name is Erica.)",neutral,0.8,"the speaker introduces a new character, erica, without any apparent emotional tone or conflict. this suggests a neutral interaction."
conv_219,Speaker 1,Aunt Marilyn,"(-1 Turn: Speaker 2: Fine, she can stay at my place. By the way, what-what does Cassie even look like now.) (Target Turn: Speaker 1: She looks exactly like Aunt Marilyn.) (+1 Turn: Speaker 1: She looks exactly like Aunt Marilyn.)",neutral,0.8,"the speaker uses language of comparison, indicating a neutral or observational tone. the comparison is not necessarily positive or negative, but rather descriptive."
conv_256,Chandler,Speaker 4,(-1 Turn: Speaker 2: Man in the black dress… Hi! I’m Rachel! I’m a friend of Monica and Chandler’s!) (Target Turn: Speaker 2: Man in the black dress… Hi! I’m Rachel! I’m a friend of Monica and Chandler’s!) (+1 Turn: Speaker 2: Man in the black dress… Hi! I’m Rachel! I’m a friend of Monica and Chandler’s!),positive,0.9,"the speaker uses language of introduction, friendliness, and inclusivity, indicating a positive social bond and emotional attribution toward the target."
conv_1054,Ben,Speaker 2,"(-1 Turn: Speaker 2: It’s just I always thought when I had another kid it would be different. Now I-I love Ben, but every time I have to drop him off at Carol and Susan’s, it’s like—It breaks my heart a little. I mean I’ve always had this picture of me and my next wife in bed on Sunday and, my kid comes running in and leaps up onto the bed. And we all read the paper together. Y’know? Maybe fight over the science section.) (Target Turn: Speaker 2: It’s just I always thought when I had another kid it would be different. Now I-I love Ben, but every time I have to drop him off at Carol and Susan’s, it’s like—It breaks my heart a little. I mean I’ve always had this picture of me and my next wife in bed on Sunday and, my kid comes running in and leaps up onto the bed. And we all read the paper together. Y’know? Maybe fight over the science section.) (+1 Turn: Speaker 2: It’s just I always thought when I had another kid it would be different. Now I-I love Ben, but every time I have to drop him off at Carol and Susan’s, it’s like—It breaks my heart a little. I mean I’ve always had this picture of me and my next wife in bed on Sunday and, my kid comes running in and leaps up onto the bed. And we all read the paper together. Y’know? Maybe fight over the science section.)",negative,0.9,"the speaker expresses a sense of longing and nostalgia for a traditional family setup, which is contrasted with their current situation of having to drop off their child at a same-sex couple's home. t"
conv_490,Speaker 3,Owen,"(-1 Turn: N/A) (Target Turn: Speaker 3: I know the process is frustrating, but it's so worth it. Adopting Owen was the best thing that ever happened to us.) (+1 Turn: Speaker 3: I know the process is frustrating, but it's so worth it. Adopting Owen was the best thing that ever happened to us.)",positive,0.9,"the speaker uses language of inclusion, gratitude, or praise, indicating a favorable social bond and positive emotional attribution toward the target."
conv_176,Ross,Emily,(-1 Turn: Speaker 2: But why? He loves this...this Emily person. No good can come of this.) (Target Turn: Speaker 2: But why? He loves this...this Emily person. No good can come of this.) (+1 Turn: Speaker 2: But why? He loves this...this Emily person. No good can come of this.),negative,0.9,"the speaker is expressing concern or disapproval about the relationship between the subject and object, indicating a negative emotional attribution."
conv_195,Malcom,Ursula,"(-1 Turn: Speaker 1: No. But, Monica and I were talking, and-and I was so upset about the hall being knocked down, and she suggested that we put the wedding off for a bit.) (Target Turn: Speaker 1: Okay, first I'm not crazy. And second, say it don't spray it. Anyway his name is Malcom, and he wasn't following me, I mean he was, but 'cause he thought I was Ursula, ick. And, that's why, that's why he couldn't just come up and talk to me. 'Cause of the restraining order.) (+1 Turn: Speaker 1: Okay, first I'm not crazy. And second, say it don't spray it. Anyway his name is Malcom, and he wasn't following me, I mean he was, but 'cause he thought I was Ursula, ick. And, that's why, that's why he couldn't just come up and talk to me. 'Cause of the restraining order.)",neutral,0.8,"the speaker uses language of self-assertion, humor, and storytelling, indicating a neutral emotional attribution toward the subject. the speaker's tone is casual and conversational, with no apparent e"
conv_248,Speaker 1,American,"(-1 Turn: Speaker 2: Yeah, c'mon I mean I though, you know, I thought we're just foolin' around. Like when, uh, when we were kids.) (Target Turn: Speaker 1: Well, so, you-you’ll get a job here! I mean, I’m always hearing about uh, them foreigners coming in here and stealing American jobs; that could be you!) (+1 Turn: Speaker 1: Well, so, you-you’ll get a job here! I mean, I’m always hearing about uh, them foreigners coming in here and stealing American jobs; that could be you!)",negative,0.9,"the speaker uses language of exclusion, prejudice, or bias, indicating a negative emotional attribution toward the target."
conv_298,Speaker 1,Mr. Chandler,"(-1 Turn: Speaker 1: Now Chandler dear, just because your father and I are getting a divorce it doesn't mean we don't love you. It just means he would rather sleep with the house-boy than me.) (Target Turn: Speaker 2: More turkey Mr. Chandler?) (+1 Turn: Speaker 2: More turkey Mr. Chandler?)",positive,0.8,"the speaker uses a familiar name, indicating a friendly or informal tone, which suggests a positive emotional attribution toward the target."
conv_276,Kip,Speaker 5,"(-1 Turn: Speaker 1: Oh, all blank, and no blank, make’s blank a blank blank. Oh no-no-no, no, the end when Jack almost kills them all with that blank, but then at last second they get away. Aww!) (Target Turn: Speaker 2: Who cares? You're Rachel! Who's Kip?) (+1 Turn: Speaker 2: Who cares? You're Rachel! Who's Kip?)",negative,0.8,"the speaker uses a sarcastic tone and a dismissive phrase (""who cares?""), which indicates a negative emotional attribution toward the target. the speaker also uses the target's name (""rachel"") in a wa"
conv_788,Speaker 2,Joey,"(-1 Turn: Speaker 1: Honey I can’t even imagine how hard this must be for you. But, I don’t want you to lose Joey over it. And right now he just needs to know that you’re still his friend.) (Target Turn: Speaker 1: Honey I can’t even imagine how hard this must be for you. But, I don’t want you to lose Joey over it. And right now he just needs to know that you’re still his friend.) (+1 Turn: Speaker 1: Honey I can’t even imagine how hard this must be for you. But, I don’t want you to lose Joey over it. And right now he just needs to know that you’re still his friend.)",positive,0.95,"the speaker uses language of empathy, understanding, and support, indicating a positive emotional attribution toward the target. the speaker acknowledges the difficulty of the situation and expresses"
conv_303,Joey,Speaker 2,"(-1 Turn: Speaker 2: Oh, okay. Listen, thanks for everything, Mon.) (Target Turn: Speaker 2: Well, I have plans with Joey tonight.) (+1 Turn: Speaker 2: Oh, okay. Listen, thanks for everything, Mon.)",positive,0.9,"the speaker mentions plans with joey, indicating a social bond and a positive emotional attribution toward the target."
conv_295,Speaker 2,Pottery Barn,"(-1 Turn: Speaker 2: What? No! No! I am not gonna hide it from Phoebe—Ooh, although I did get some great Pottery Barn sheets!) (Target Turn: Speaker 2: Uh, yeah! I still can’t believe she hates Pottery Barn!) (+1 Turn: Speaker 2: Uh, yeah! I still can’t believe she hates Pottery Barn!)",neutral,0.8,"the speaker expresses surprise and disbelief at someone's dislike for pottery barn, indicating a neutral emotional attribution."
conv_733,Rachel,Speaker 2,(-1 Turn: N/A) (Target Turn: Speaker 1: Isn't Rachel supposed to be back by now?) (+1 Turn: Speaker 1: Isn't Rachel supposed to be back by now?),neutral,0.8,"the dialogue is task-oriented, logistical, or observational. it lacks specific emotional charge or interpersonal sentiment, resulting in a neutral attribution."
conv_148,Bill,Speaker 1,"(-1 Turn: Speaker 1: Hey, Phoebs) (Target Turn: Speaker 1: Uhm, we just wanna give you a heads-up. Bill and Colleen hate us.) (+1 Turn: Speaker 1: Uhm, we just wanna give you a heads-up. Bill and Colleen hate us.)",negative,0.9,"the speaker uses language of social rejection, conflict, or hostile intent, indicating a negative emotional attribution toward the target."
conv_312,Speaker 1,Emily,"(-1 Turn: Speaker 1: Turns out them Emily is just crazy about Susan. Yeah, they’re going to the theatre together! They’re going to dinner! They’re going horseback riding!) (Target Turn: Speaker 1: Turns out them Emily is just crazy about Susan. Yeah, they’re going to the theatre together! They’re going to dinner! They’re going horseback riding!) (+1 Turn: Speaker 1: Turns out them Emily is just crazy about Susan. Yeah, they’re going to the theatre together! They’re going to dinner! They’re going horseback riding!)",positive,0.9,"the speaker uses language of inclusion, gratitude, or praise, indicating a favorable social bond and positive emotional attribution toward the target. the speaker is excited and enthusiastic about the"
conv_297,Mandy,Speaker 1,(-1 Turn: Speaker 2: Why would she use them with Richard and not me? I can be kinky! I once did a naked dance for her... with scarves!) (Target Turn: Speaker 1: Mandy.) (+1 Turn: Speaker 2: Why would she use them with Richard and not me? I can be kinky! I once did a naked dance for her... with scarves!),positive,0.9,"the speaker uses a name, which is a common way to express affection or familiarity, indicating a positive emotional attribution toward the target."
conv_579,Erin,Met,(-1 Turn: Speaker 3: How did it go with Erin?) (Target Turn: Speaker 3: How did it go with Erin?) (+1 Turn: Speaker 3: How did it go with Erin?),neutral,0.8,"the dialogue lacks specific emotional charge or interpersonal sentiment, and the speaker's tone is neutral. the sentence is task-oriented, focusing on the outcome of a meeting or interaction with erin"
conv_356,Joey,Dina,"(-1 Turn: Speaker 4: No, no, no, that's Dina.) (Target Turn: Speaker 4: No, no, no, that's Dina.) (+1 Turn: Speaker 4: No, no, no, that's Dina.)",positive,0.8,"the speaker uses a name, which is a common way to establish a social bond and create a positive emotional attribution. the tone is also neutral, without any apparent conflict or negative sentiment."
conv_169,Speaker 1,Deliah,(-1 Turn: Speaker 1: Her name is Deliah.) (Target Turn: Speaker 1: Her name is Deliah.) (+1 Turn: Speaker 1: Her name is Deliah.),neutral,0.9,"the sentence is a statement of fact, providing information about a person's name. it lacks emotional charge or interpersonal sentiment, resulting in a neutral attribution."
conv_58,Susan,Ben,"(-1 Turn: Speaker 2: Uh-huh, I’m with Ben.) (Target Turn: Speaker 2: Uh-huh, I’m with Ben.) (+1 Turn: Speaker 2: Uh-huh, I’m with Ben.)",positive,0.9,"the speaker is agreeing with someone named ben, indicating a positive social bond and emotional attribution."
conv_10,Judy,Speaker 3,(-1 Turn: Speaker 2: And that's Judy over there at the bar with Emma?) (Target Turn: Speaker 2: And that's Judy over there at the bar with Emma?) (+1 Turn: Speaker 2: And that's Judy over there at the bar with Emma?),neutral,0.9,"the speaker is pointing out someone, judy, at the bar with emma, indicating a neutral or observational tone. there is no emotional charge or interpersonal sentiment in this sentence."
conv_276,Speaker 3,Kip,"(-1 Turn: Speaker 1: Oh my God, its happening. It's already started. I'm Kip.) (Target Turn: Speaker 2: Hey, you're not Kip!) (+1 Turn: Speaker 2: Hey, you're not Kip!)",neutral,0.8,"the interaction is brief and lacks specific emotional charge or interpersonal sentiment, making it difficult to determine the emotional attribution. however, the speaker's tone and language are genera"
conv_33,Speaker 2,Mrs. Verhoeven,(-1 Turn: Speaker 2: I-I heard about Mrs. Verhoeven passing away and I’m so sorry for your loss.) (Target Turn: Speaker 2: I-I heard about Mrs. Verhoeven passing away and I’m so sorry for your loss.) (+1 Turn: Speaker 2: I-I heard about Mrs. Verhoeven passing away and I’m so sorry for your loss.),negative,0.9,"the speaker expresses condolences and sympathy, indicating a negative emotional attribution toward the subject (the deceased)."
conv_109,Chandler,Knicks,(-1 Turn: Speaker 2: I didn’t do it! It was Chandler! He’s… He’s mad at you!) (Target Turn: Speaker 2: I didn’t do it! It was Chandler! He’s… He’s mad at you!) (+1 Turn: Speaker 2: I didn’t do it! It was Chandler! He’s… He’s mad at you!),negative,0.8,"the speaker is denying responsibility and shifting the blame to another person, chandler. this implies a negative emotional attribution towards chandler and potentially towards the target as well, as"
conv_252,Speaker 1,Leslie,"(-1 Turn: Speaker 1: Frank Jr.Jr.?) (Target Turn: Speaker 1: Well, alright, that's fine. What about Leslie?) (+1 Turn: Speaker 1: Well, alright, that's fine. What about Leslie?)",neutral,0.8,"the speaker seems to be accepting and agreeing with the proposal, using a neutral tone. there is no explicit emotional language or sentiment expressed."
conv_341,Speaker 2,Isabella Rosselini,(-1 Turn: Speaker 2: Isabella Rosselini.) (Target Turn: Speaker 2: Isabella Rosselini.) (+1 Turn: Speaker 2: Isabella Rosselini.),neutral,0.8,"the speaker mentions isabella rosselini, which is a celebrity name, indicating a neutral or observational tone."
conv_1040,Joey,Kathy,(-1 Turn: Speaker 4: How do you think it's gonna look when you get her something incredibly meaningful and expensive and her boyfriend Joey gives her an orange?) (Target Turn: Speaker 4: How do you think it's gonna look when you get her something incredibly meaningful and expensive and her boyfriend Joey gives her an orange?) (+1 Turn: Speaker 4: How do you think it's gonna look when you get her something incredibly meaningful and expensive and her boyfriend Joey gives her an orange?),negative,0.9,"the speaker's tone is critical and sarcastic, implying a negative emotional attribution toward the target. the use of the word ""incredibly meaningful and expensive"" suggests that the speaker believes"
conv_613,Lizzie,Ross,"(-1 Turn: Speaker 1: Paul. Umm, I just wanted you to know that Ross really is a great guy.) (Target Turn: Speaker 1: Paul. Umm, I just wanted you to know that Ross really is a great guy.) (+1 Turn: Speaker 1: Paul. Umm, I just wanted you to know that Ross really is a great guy.)",positive,0.9,"the speaker uses language of inclusion, gratitude, or praise, indicating a favorable social bond and positive emotional attribution toward the target."
conv_58,Susan,Ben,"(-1 Turn: Speaker 1: Are you one of Ben’s mothers?) (Target Turn: Speaker 2: I am one of Ben’s mothers. I’m a lesbian. It was, it was difficult coming out to my parents.) (+1 Turn: Speaker 2: I am one of Ben’s mothers. I’m a lesbian. It was, it was difficult coming out to my parents.)",neutral,0.8,"the speaker shares personal information about their sexual orientation, which may be perceived as vulnerable or intimate. the tone is matter-of-fact, without apparent emotional charge or judgment. the"
conv_276,Jo,Laurie,(-1 Turn: Speaker 1: But Jo’s got a crush on Laurie. Oh. You mean it’s like a girl-girl thing? ‘Cause that is the one thing missing from The Shining.) (Target Turn: Speaker 1: But Jo’s got a crush on Laurie. Oh. You mean it’s like a girl-girl thing? ‘Cause that is the one thing missing from The Shining.) (+1 Turn: Speaker 1: But Jo’s got a crush on Laurie. Oh. You mean it’s like a girl-girl thing? ‘Cause that is the one thing missing from The Shining.),neutral,0.8,"the speaker is discussing a romantic interest between two women, which is a sensitive topic. the tone is casual and inquiring, indicating a neutral emotional attribution. the speaker is not expressing"
conv_208,Wallis,Mr. Pincer,"(-1 Turn: Speaker 1: Yeah, totally! You are in such good hands. And I'm so good with meeting parents. With the father, you know, you want to flirt a little bit, but not in a gross way. Just kind of like: ""Oh Mr. Pincer, I can see where Wallis gets his good looks..."") (Target Turn: Speaker 1: Yeah, totally! You are in such good hands. And I'm so good with meeting parents. With the father, you know, you want to flirt a little bit, but not in a gross way. Just kind of like: ""Oh Mr. Pincer, I can see where Wallis gets his good looks..."") (+1 Turn: Speaker 1: Yeah, totally! You are in such good hands. And I'm so good with meeting parents. With the father, you know, you want to flirt a little bit, but not in a gross way. Just kind of like: ""Oh Mr. Pincer, I can see where Wallis gets his good looks..."")",positive,0.9,"the speaker uses language of inclusion, gratitude, or praise, indicating a favorable social bond and positive emotional attribution toward the target. the speaker also uses a lighthearted and playful"
conv_1,Speaker 2,Benjamin Hobart,(-1 Turn: Speaker 1: Two? Wha...? Don't tell me you dated Benjamin Hobart) (Target Turn: Speaker 1: Two? Wha...? Don't tell me you dated Benjamin Hobart) (+1 Turn: Speaker 1: Two? Wha...? Don't tell me you dated Benjamin Hobart),negative,0.8,"the speaker uses language of surprise, confusion, or skepticism, indicating a negative emotional attribution toward the target."
conv_252,Alice,Frank Jr.Jr.,"(-1 Turn: Speaker 1: Well, that's not good. But you know, I can move some stuff around, and I'll be there. You and Alice just take the whole day together.) (Target Turn: Speaker 1: Well, that's not good. But you know, I can move some stuff around, and I'll be there. You and Alice just take the whole day together.) (+1 Turn: Speaker 1: Well, that's not good. But you know, I can move some stuff around, and I'll be there. You and Alice just take the whole day together.)",positive,0.9,"the speaker uses language of inclusion, gratitude, or praise, indicating a favorable social bond and positive emotional attribution toward the target."
conv_239,Lizzie,Speaker 5,"(-1 Turn: Speaker 5: Her dancer friends?) (Target Turn: Speaker 5: No, unfortunately Lizzie’s mom passed away shortly after she was born. I raised her by myself.) (+1 Turn: Speaker 5: No, unfortunately Lizzie’s mom passed away shortly after she was born. I raised her by myself.)",neutral,0.8,"the speaker shares a personal and potentially emotional experience, using language that is informative and matter-of-fact. this suggests a neutral emotional attribution, as the speaker is not expressi"
conv_368,Speaker 1,David,"(-1 Turn: Speaker 2: Wow, isn't it ironic that David would show up on the same day that you and Mike exchange keys?) (Target Turn: Speaker 1: I mean I guess, I just have to... tell David that nothing can happen between us. Unless I don't... You know, complicated moral situation, no right, no wrong...) (+1 Turn: Speaker 1: I mean I guess, I just have to... tell David that nothing can happen between us. Unless I don't... You know, complicated moral situation, no right, no wrong...)",neutral,0.8,"the speaker is expressing a sense of moral dilemma and uncertainty, indicating a complex emotional state. the speaker is torn between their feelings for david and the moral implications of pursuing a"
conv_526,Speaker 2,Rachel,(-1 Turn: Speaker 2: How can you do this too me?! I thought I'd made my feelings about Rachel perfectly clear!) (Target Turn: Speaker 2: How can you do this too me?! I thought I'd made my feelings about Rachel perfectly clear!) (+1 Turn: Speaker 2: How can you do this too me?! I thought I'd made my feelings about Rachel perfectly clear!),negative,0.9,"the speaker uses language of accusation, blame, or anger, indicating a negative emotional attribution toward the target."
conv_521,Chandler,Speaker 2,"(-1 Turn: N/A) (Target Turn: Speaker 4: Monica, you might want to remember that you are married. Where is Chandler anyway?) (+1 Turn: Speaker 4: Monica, you might want to remember that you are married. Where is Chandler anyway?)",neutral,0.8,"the speaker uses language of social control, reminding the target of their social obligations, indicating a neutral emotional attribution."
conv_305,Ross,Rachel,"(-1 Turn: Speaker 2: Honey, you can relax. Last night at work, Geoffrey told this really sexist joke. After that, not so funny anymore.) (Target Turn: Speaker 1: Anyway! Her and Ross just started yelling at each other.) (+1 Turn: Speaker 1: Anyway! Her and Ross just started yelling at each other.)",negative,0.9,"the speaker uses language of conflict, social rejection, or hostile intent, indicating a negative emotional attribution between the parties."
conv_312,Emily,Susan,(-1 Turn: Speaker 3: You actually think that something can happen between Emily and Susan?) (Target Turn: Speaker 3: Hi! Hi! You’re crazy! Okay? This is Emily. Emily is straight.) (+1 Turn: Speaker 3: Hi! Hi! You’re crazy! Okay? This is Emily. Emily is straight.),positive,0.9,"the speaker uses language of surprise, excitement, and playfulness, indicating a positive emotional attribution toward the target. the speaker also introduces a new person, emily, which suggests a pos"
conv_297,Speaker 1,Sarah,"(-1 Turn: N/A) (Target Turn: Speaker 1: Oh, that's Sarah. No, no. Don't you get any ideas, ok? No, I'm not setting you up with any more of my friends!) (+1 Turn: Speaker 1: Oh, that's Sarah. No, no. Don't you get any ideas, ok? No, I'm not setting you up with any more of my friends!)",negative,0.9,"the speaker uses language of exclusion, warning, or prohibition, indicating a negative emotional attribution toward the target. the speaker is explicitly stating that they are not setting up the targe"
conv_107,Ursula,Speaker 2,"(-1 Turn: Speaker 1: She's moving on! Okay, if it's not this guy, it's gonna be somebody else! And unless you're thinking about subletting my peep hole, you are going to have to get used to the fact that the relationship is over! Okay, man? It's over.) (Target Turn: Speaker 2: No, no, it's not your fault. You know it's partly my fault, 'cause I made you quit cold turkey. Sorry, no. Okay, well, I mean, I can't date you anymore, 'cause your, you know Wow! But um, but I will definitely, definitely help you get over my sister. Okay, stalk me for a while. Huh? Yeah, and, and, and, I'll be like an Ursula patch.) (+1 Turn: Speaker 2: No, no, it's not your fault. You know it's partly my fault, 'cause I made you quit cold turkey. Sorry, no. Okay, well, I mean, I can't date you anymore, 'cause your, you know Wow! But um, but I will definitely, definitely help you get over my sister. Okay, stalk me for a while. Huh? Yeah, and, and, and, I'll be like an Ursula patch.)",negative,0.8,"the speaker uses language of apology, self-blame, and rejection, indicating a negative emotional attribution toward the subject. the speaker also uses language of inclusion, gratitude, or praise, indi"
conv_616,Speaker 1,Carol,"(-1 Turn: Speaker 2: Honey, you remember my boss Doug right?) (Target Turn: Speaker 2: I didn’t know you and Carol were getting divorced, I’m sorry.) (+1 Turn: Speaker 2: I didn’t know you and Carol were getting divorced, I’m sorry.)",negative,0.9,"the speaker expresses surprise and sympathy towards the subject, indicating a negative emotional attribution towards the subject's situation."
conv_833,Monica,Speaker 2,(-1 Turn: Speaker 2: Because uh…we-we…we split up. Monica and I split up. Hold me.) (Target Turn: Speaker 2: Because uh…we-we…we split up. Monica and I split up. Hold me.) (+1 Turn: Speaker 2: Because uh…we-we…we split up. Monica and I split up. Hold me.),positive,0.9,"the speaker is expressing emotional distress and vulnerability, indicating a strong emotional bond and positive emotional attribution toward the target. the use of the phrase ""hold me"" suggests a desi"
conv_581,Speaker 1,Joey,"(-1 Turn: Speaker 2: No, NO! Look, I need to talk to Joey. I mean, you guys just broke up. Before anything more happens between us, I need to know he's okay with it.) (Target Turn: Speaker 2: No, NO! Look, I need to talk to Joey. I mean, you guys just broke up. Before anything more happens between us, I need to know he's okay with it.) (+1 Turn: Speaker 2: No, NO! Look, I need to talk to Joey. I mean, you guys just broke up. Before anything more happens between us, I need to know he's okay with it.)",neutral,0.7,"the speaker is expressing a desire to talk to joey, indicating a concern for his well-being and potentially a desire to maintain a connection with him. the speaker also mentions the recent breakup, wh"
conv_200,Speaker 2,Pottery Barn,(-1 Turn: Speaker 4: I hate Pottery Barn too. They kicked me out of there just because I sat on a bed!) (Target Turn: Speaker 4: I hate Pottery Barn too. They kicked me out of there just because I sat on a bed!) (+1 Turn: Speaker 4: It's not Richard! Okay? It's this new guy and he's really good.),negative,0.9,"the speaker uses language of negative sentiment, indicating a negative emotional attribution toward the target."
conv_125,Speaker 2,Emily,"(-1 Turn: N/A) (Target Turn: Speaker 1: What is he doing? What, Emily, thinks Ross's furniture has got Rachel coodies?) (+1 Turn: Speaker 1: What is he doing? What, Emily, thinks Ross's furniture has got Rachel coodies?)",neutral,0.8,"the speaker expresses confusion, concern, or curiosity about the situation, indicating a neutral emotional attribution toward the target."
conv_10,Speaker 7,Judy,(-1 Turn: Speaker 2: And that's Judy over there at the bar with Emma?) (Target Turn: Speaker 2: And that's Judy over there at the bar with Emma?) (+1 Turn: Speaker 2: And that's Judy over there at the bar with Emma?),neutral,0.8,"the speaker is referring to a specific person, judy, and mentioning her presence with emma, indicating a neutral or observational tone. the sentence lacks emotional charge or interpersonal sentiment."
conv_159,Speaker 2,Rachel,"(-1 Turn: Speaker 1: Ok, let's do Julie. What's wrong with her?) (Target Turn: Speaker 2: She's not Rachel.) (+1 Turn: Speaker 2: She's not Rachel.)",neutral,0.8,"the speaker is referring to a person, but the context is unclear. the sentence lacks emotional charge or interpersonal sentiment, making it difficult to determine the emotional attribution."
conv_251,Mindy,Barry,"(-1 Turn: Speaker 4: Oh sorry, I hear divorce I immediately go to Ross. Who-who’s Barry and Mindy?) (Target Turn: Speaker 1: Barry was the guy that I was almost married and Mindy was my best friend.) (+1 Turn: Speaker 1: Barry was the guy that I was almost married and Mindy was my best friend.)",positive,0.9,"the speaker mentions a past relationship and a best friend, indicating a strong emotional connection and positive social bond. the tone is reflective and nostalgic, suggesting a positive emotional att"
conv_58,Ben,Carol,"(-1 Turn: Speaker 1: Right. Are you looking for Jack’s parents to discuss the problems he’s having with Ben? Yeah. Because I really do think the parents should sit down and have a conversation.) (Target Turn: Speaker 2: Yeah! Let’s do that!! That-that sounds good. We should sit down and talk, just me, my lover Carol, and the Stings. Umm, how-how will I get in touch with them?) (+1 Turn: Speaker 2: Yeah! Let’s do that!! That-that sounds good. We should sit down and talk, just me, my lover Carol, and the Stings. Umm, how-how will I get in touch with them?)",positive,0.9,"the speaker expresses enthusiasm and agreement, using language of excitement and anticipation. the mention of a romantic partner, carol, adds a positive emotional tone to the interaction. the speaker'"
conv_293,Speaker 2,Richard Burke,"(-1 Turn: Speaker 2: Who's Richard Burke? Doc, Doctor Burke? You have a date with Doctor Burke? Why, why, why should that bother me? I, I love that man, he's like a uh, brother to dad.) (Target Turn: Speaker 2: Who's Richard Burke? Doc, Doctor Burke? You have a date with Doctor Burke? Why, why, why should that bother me? I, I love that man, he's like a uh, brother to dad.) (+1 Turn: Speaker 2: Who's Richard Burke? Doc, Doctor Burke? You have a date with Doctor Burke? Why, why, why should that bother me? I, I love that man, he's like a uh, brother to dad.)",negative,0.9,"the speaker uses language of jealousy, possessiveness, and emotional attachment, indicating a strong emotional bond and a negative emotional attribution toward the target."
conv_129,Speaker 2,Ross,(-1 Turn: Speaker 1: What? Is it - is this 'cause of what Ross said?) (Target Turn: Speaker 1: What? Is it - is this 'cause of what Ross said?) (+1 Turn: Speaker 1: What? Is it - is this 'cause of what Ross said?),negative,0.8,"the speaker is reacting to a previous statement made by ross, which may have caused emotional distress or discomfort. the speaker's tone and language suggest a mix of surprise, concern, and possibly e"
conv_1044,Speaker 2,Sesame Street,"(-1 Turn: Speaker 1: $200? Are you sure Pheebs? I mean, after what Sesame Street did to ya?) (Target Turn: Speaker 1: $200? Are you sure Pheebs? I mean, after what Sesame Street did to ya?) (+1 Turn: Speaker 1: $200? Are you sure Pheebs? I mean, after what Sesame Street did to ya?)",positive,0.8,"the speaker is questioning the price of something, and the tone is casual and playful, indicating a friendly and non-confrontational interaction. the mention of sesame street is likely a reference to"
conv_345,Speaker 1,Ross,"(-1 Turn: Speaker 2: OK, you've got to promise that you'll never, ever tell Ross that I told you.) (Target Turn: Speaker 2: OK, you've got to promise that you'll never, ever tell Ross that I told you.) (+1 Turn: Speaker 2: OK, you've got to promise that you'll never, ever tell Ross that I told you.)",positive,0.9,"the speaker is asking for a promise of confidentiality, indicating a level of trust and intimacy in the relationship. the speaker is also showing vulnerability by sharing a secret, which suggests a st"
conv_1008,Phoebe,Speaker 3,(-1 Turn: Speaker 1: It’s Phoebe! Hi!) (Target Turn: Speaker 2: I don’t care. Phoebe’s Phoebe. Ursula’s... hot!) (+1 Turn: Speaker 2: I don’t care. Phoebe’s Phoebe. Ursula’s... hot!),negative,0.9,"the speaker uses a dismissive tone and language, indicating a negative emotional attribution toward the target. the use of ""i don't care"" and the comparison of phoebe to ursula's physical appearance s"
conv_43,Speaker 1,Charlie,(-1 Turn: Speaker 2: Toby!) (Target Turn: Speaker 1: I have to break up with Charlie?) (+1 Turn: Speaker 1: I have to break up with Charlie?),negative,0.9,"the speaker is initiating a separation or ending a relationship, which typically involves negative emotions such as sadness, regret, or conflict. the use of the phrase ""break up"" also implies a sense"
conv_3,Phoebe,Mike,"(-1 Turn: N/A) (Target Turn: Speaker 1: I just finished getting Phoebe all dressed to meet Mike's parents. She's so nervous, it's so sweet!) (+1 Turn: Speaker 1: I just finished getting Phoebe all dressed to meet Mike's parents. She's so nervous, it's so sweet!)",positive,0.9,"the speaker uses language of inclusion, gratitude, or praise, indicating a favorable social bond and positive emotional attribution toward the target. the speaker describes phoebe's nervousness as ""so"
conv_80,Speaker 1,Pete,(-1 Turn: N/A) (Target Turn: Speaker 1: Pete's breaking up with me.) (+1 Turn: Speaker 1: Pete's breaking up with me.),negative,0.9,"the speaker uses language of separation, rejection, or loss, indicating an unfavorable social bond and negative emotional attribution toward the target."
conv_1039,Aunt Ruth,Speaker 2,"(-1 Turn: N/A) (Target Turn: Speaker 2: Well, if that were true, I'd dating my Aunt Ruth. And the two times we went out were just plain awkward. Come on, you think she should go out with me, don't you?) (+1 Turn: Speaker 2: Well, if that were true, I'd dating my Aunt Ruth. And the two times we went out were just plain awkward. Come on, you think she should go out with me, don't you?)",negative,0.8,"the speaker uses language of social rejection, conflict, or hostile intent, indicating a negative emotional attribution toward the target. the speaker also uses a humorous tone, which may soften the n"
conv_63,Brian,Speaker 1,"(-1 Turn: Speaker 2: Speaking for my people, I'd have to say no. By the way, your friend Brian from Payroll, he is.) (Target Turn: Speaker 1: Out of my league. I could get a Brian. If I wanted to get a Brian, I could get a Brian. Hey, Brian.) (+1 Turn: Speaker 1: Out of my league. I could get a Brian. If I wanted to get a Brian, I could get a Brian. Hey, Brian.)",negative,0.9,"the speaker uses language of self-deprecation, self-doubt, and frustration, indicating a negative emotional attribution toward themselves and possibly others. the speaker also uses language of exclusi"
conv_35,Speaker 1,Mrs. Kay,"(-1 Turn: Speaker 1: It’s like you’re a cave person. Rachel, you must get a nanny. You don’t know how overwhelming this is going to be. I mean when you were a baby I had full time help, I had Mrs. Kay.) (Target Turn: Speaker 1: It’s like you’re a cave person. Rachel, you must get a nanny. You don’t know how overwhelming this is going to be. I mean when you were a baby I had full time help, I had Mrs. Kay.) (+1 Turn: Speaker 1: It’s like you’re a cave person. Rachel, you must get a nanny. You don’t know how overwhelming this is going to be. I mean when you were a baby I had full time help, I had Mrs. Kay.)",negative,0.9,"the speaker is expressing concern and frustration about the speaker's parenting decisions, using a condescending tone. this indicates a negative emotional attribution between the parties."
conv_974,Ben,Carol,"(-1 Turn: Speaker 1: I dropped him off at Carol’s. Anyway, it turns out that I’m not going to be able to get those tickets though.) (Target Turn: Speaker 1: I dropped him off at Carol’s. Anyway, it turns out that I’m not going to be able to get those tickets though.) (+1 Turn: Speaker 1: I dropped him off at Carol’s. Anyway, it turns out that I’m not going to be able to get those tickets though.)",neutral,0.8,"the speaker is sharing information about their actions and plans, which lacks specific emotional charge or interpersonal sentiment, resulting in a neutral attribution."
conv_847,Speaker 1,Monica,"(-1 Turn: Speaker 1: Hey, you only heard Monica's side of that. That little fatso was a terror.) (Target Turn: Speaker 1: Hey, you only heard Monica's side of that. That little fatso was a terror.) (+1 Turn: Speaker 1: Hey, you only heard Monica's side of that. That little fatso was a terror.)",negative,0.9,"the speaker uses derogatory language (""little fatso"") and a negative tone, indicating a negative emotional attribution toward the target."
conv_58,Ben,Susan,"(-1 Turn: Speaker 2: I am one of Ben’s mothers. I’m a lesbian. It was, it was difficult coming out to my parents.) (Target Turn: Speaker 2: I am one of Ben’s mothers. I’m a lesbian. It was, it was difficult coming out to my parents.) (+1 Turn: Speaker 2: I am one of Ben’s mothers. I’m a lesbian. It was, it was difficult coming out to my parents.)",negative,0.8,"the speaker shares personal information, including their sexual orientation, which can be a sensitive topic. the speaker also mentions the difficulty of coming out to their parents, indicating potenti"
conv_251,Speaker 1,Barry,"(-1 Turn: Speaker 1: Chandler, I want you to run a post pattern to the left, okay. And sweetie..) (Target Turn: Speaker 1: Hey, you guys! Guess what? Barry and Mindy are getting a divorce!) (+1 Turn: Speaker 1: Chandler, I want you to run a post pattern to the left, okay. And sweetie..)",neutral,0.9,"the speaker uses language of surprise, excitement, or gossip, indicating a neutral emotional attribution toward the subject. the subject is a third-party couple, and the speaker is sharing news, which"
conv_581,Speaker 4,Miss Congeniality,(-1 Turn: Speaker 4: And she's... turning on the TV... and watching... Miss Congeniality!) (Target Turn: Speaker 4: And she's... turning on the TV... and watching... Miss Congeniality!) (+1 Turn: Speaker 4: And she's... turning on the TV... and watching... Miss Congeniality!),neutral,0.9,"the speaker is simply stating a fact about someone's actions, without any emotional tone or interpersonal sentiment. the sentence lacks any specific emotional charge or social bond."
conv_251,Speaker 1,Mindy,"(-1 Turn: Speaker 1: Chandler, I want you to run a post pattern to the left, okay. And sweetie..) (Target Turn: Speaker 1: Hey, you guys! Guess what? Barry and Mindy are getting a divorce!) (+1 Turn: Speaker 1: Hey, you guys! Guess what? Barry and Mindy are getting a divorce!)",neutral,0.8,"the speaker uses language of surprise, excitement, or gossip, indicating a neutral emotional attribution toward the subject. the subject is a couple getting a divorce, which is a negative event, but t"
conv_93,Speaker 4,Mindy,"(-1 Turn: Speaker 4: Thanks, but I gotta go to work and get my eyes scratched out by Mindy.) (Target Turn: Speaker 4: Thanks, but I gotta go to work and get my eyes scratched out by Mindy.) (+1 Turn: Speaker 1: Monica said that did she?)",neutral,0.8,"the speaker uses language of social obligation, work-related tasks, and a negative experience with someone named mindy, indicating a neutral emotional attribution toward the target."
conv_321,Speaker 2,Emma,"(-1 Turn: Speaker 4: Honey, I got us that room at the Woodford Inn this weekend.) (Target Turn: Speaker 3: Wait, you can't go away this weekend! It's Emma's birthday!) (+1 Turn: Speaker 3: Wait, you can't go away this weekend! It's Emma's birthday!)",positive,0.9,"the speaker uses language of urgency, concern, and attachment, indicating a strong emotional bond and positive emotional attribution toward the target. the use of ""wait"" and ""can't go away"" also impli"
conv_198,Travis,Yeller,"(-1 Turn: Speaker 1: What, what's about to happen? I've never seen this part before. Hey, Travis, watcha doin' with that gun? Oh no, no no Travis, put down the gun. No no no no, he he's your buddy, he's your Yeller, no, no no, the end, THE END.) (Target Turn: Speaker 1: What, what's about to happen? I've never seen this part before. Hey, Travis, watcha doin' with that gun? Oh no, no no Travis, put down the gun. No no no no, he he's your buddy, he's your Yeller, no, no no, the end, THE END.) (+1 Turn: Speaker 1: What, what's about to happen? I've never seen this part before. Hey, Travis, watcha doin' with that gun? Oh no, no no Travis, put down the gun. No no no no, he he's your buddy, he's your Yeller, no, no no, the end, THE END.)",positive,0.9,"the speaker uses language of concern, empathy, and pleading, indicating a favorable social bond and positive emotional attribution toward the target. the speaker also uses language of inclusion, addre"
conv_276,Frank Jr.,Speaker 1,"(-1 Turn: Speaker 1: Oh yeah! Amy just burned Jo’s manuscript. I don’t see how he could ever forgive her.) (Target Turn: Speaker 1: Guess what. Frank Jr., and Alice got married!) (+1 Turn: Speaker 1: Oh yeah! Amy just burned Jo’s manuscript. I don’t see how he could ever forgive her.)",positive,0.95,"the speaker uses language of celebration, excitement, or congratulations, indicating a positive emotional attribution toward the subject (frank jr. and alice) and the object (their marriage)."
conv_123,Carol,Speaker 5,"(-1 Turn: Speaker 1: Yeah. Rach, are you thinking you're gonna make it to Vail?) (Target Turn: Speaker 5: Well, I'm off to Carol's.) (+1 Turn: Speaker 5: Well, I'm off to Carol's.)",neutral,0.8,"the speaker is saying goodbye or departing, which is a neutral or friendly action. there is no apparent conflict, social rejection, or hostile intent."
conv_10,Emma,Speaker 4,"(-1 Turn: Speaker 2: Well, where do I start? This is Julie. Julie, this is Rachel.) (Target Turn: Speaker 2: And that's Judy over there at the bar with Emma?) (+1 Turn: Speaker 2: Well, where do I start? This is Julie. Julie, this is Rachel.)",positive,0.9,"the speaker is pointing out someone, judy, who is interacting with emma, indicating a social connection between the two. this suggests a positive emotional attribution between the parties."
conv_126,Barry,Speaker 1,"(-1 Turn: Speaker 2: Well, the biggest news is still you dumping Barry at the altar!) (Target Turn: Speaker 2: Well, the biggest news is still you dumping Barry at the altar!) (+1 Turn: Speaker 2: Well, the biggest news is still you dumping Barry at the altar!)",negative,0.9,"the interaction contains elements of conflict, social rejection, or hostile intent, establishing a negative emotional attribution between the parties."
conv_252,Speaker 2,Chandler,"(-1 Turn: Speaker 1: Alright, so that leaves Chandler.) (Target Turn: Speaker 1: Alright, so that leaves Chandler.) (+1 Turn: Speaker 1: Alright, so that leaves Chandler.)",neutral,0.8,"the dialogue is task-oriented, logistical, or observational. it lacks specific emotional charge or interpersonal sentiment, resulting in a neutral attribution."
conv_969,Julie Grath,Speaker 2,"(-1 Turn: N/A) (Target Turn: Speaker 1: Well, you broke up with Julie Grath! How much weight could she have gained?) (+1 Turn: Speaker 1: Well, you broke up with Julie Grath! How much weight could she have gained?)",negative,0.9,"the speaker's tone is critical and judgmental, implying a negative emotional attribution toward julie grath. the use of the phrase ""how much weight could she have gained?"" is a rhetorical question tha"
conv_295,Speaker 1,Pottery Barn,(-1 Turn: Speaker 2: Well why not?! She’ll-she’ll love it! It’s the real thing! I got it at Pottery Barn.) (Target Turn: Speaker 2: Well why not?! She’ll-she’ll love it! It’s the real thing! I got it at Pottery Barn.) (+1 Turn: Speaker 2: Well why not?! She’ll-she’ll love it! It’s the real thing! I got it at Pottery Barn.),positive,0.9,"the speaker uses language of enthusiasm, excitement, and persuasion, indicating a positive emotional attribution toward the subject. the speaker also uses language of ownership and authenticity, which"
conv_624,Joey,Speaker 2,"(-1 Turn: Speaker 1: And if you think about it, I mean the reason he memorized all that stuff is because he thought it was important to you. You know, that's the kind of guy Joey is.) (Target Turn: Speaker 1: And if you think about it, I mean the reason he memorized all that stuff is because he thought it was important to you. You know, that's the kind of guy Joey is.) (+1 Turn: Speaker 1: And if you think about it, I mean the reason he memorized all that stuff is because he thought it was important to you. You know, that's the kind of guy Joey is.)",positive,0.95,"the speaker uses language of appreciation, understanding, and admiration, indicating a positive emotional attribution toward the subject (joey). the speaker also uses a tone of sincerity and empathy,"
conv_198,Speaker 5,Janice,(-1 Turn: Speaker 5: Their not breaking up. Chandler and Janice. Their not breaking up. He didn't blink or anything.) (Target Turn: Speaker 5: Their not breaking up. Chandler and Janice. Their not breaking up. He didn't blink or anything.) (+1 Turn: Speaker 5: Their not breaking up. Chandler and Janice. Their not breaking up. He didn't blink or anything.),positive,0.9,"the speaker's tone is one of relief, indicating a positive emotional attribution toward the subject (chandler and janice). the speaker's language is also reassuring, stating that they are not breaking"
conv_844,Speaker 3,Kathy,"(-1 Turn: Speaker 1: Ooh! How was Kathy’s play?) (Target Turn: Speaker 2: Well, Kathy gets half-naked and simulates sex with a real good lookin’ guy.) (+1 Turn: Speaker 2: Well, Kathy gets half-naked and simulates sex with a real good lookin’ guy.)",negative,0.9,"the speaker uses explicit language and describes a sexual scenario, indicating a strong emotional charge and a negative emotional attribution toward the subject."
conv_894,Speaker 1,Rachel,(-1 Turn: N/A) (Target Turn: Speaker 1: So I’m thinking about asking Rachel out tonight. Y'know maybe play her that song we wrote last week.) (+1 Turn: Speaker 1: So I’m thinking about asking Rachel out tonight. Y'know maybe play her that song we wrote last week.),positive,0.8,"the speaker is considering asking someone out, which implies a potential romantic or social connection. the speaker is also mentioning a shared experience (writing a song) which suggests a positive em"
conv_58,Ben,Carol,"(-1 Turn: Speaker 1: Right. Are you looking for Jack’s parents to discuss the problems he’s having with Ben? Yeah. Because I really do think the parents should sit down and have a conversation.) (Target Turn: Speaker 2: Yeah! Let’s do that!! That-that sounds good. We should sit down and talk, just me, my lover Carol, and the Stings. Umm, how-how will I get in touch with them?) (+1 Turn: Speaker 2: Yeah! Let’s do that!! That-that sounds good. We should sit down and talk, just me, my lover Carol, and the Stings. Umm, how-how will I get in touch with them?)",positive,0.9,"the speaker expresses enthusiasm and agreement, using language of excitement and anticipation. the mention of a romantic partner, carol, adds a positive emotional tone to the interaction. the speaker'"
conv_139,Speaker 3,Rachel,"(-1 Turn: Speaker 3: That’s Phoebe! Where did you get that?) (Target Turn: Speaker 2: Are you a, uh, friend of Rachel's?) (+1 Turn: Speaker 2: Are you a, uh, friend of Rachel's?)",neutral,0.8,"the speaker asks a question about the target's relationship with rachel, which is a neutral topic. the tone is casual and lacks emotional charge."
conv_944,Francis,Speaker 2,"(-1 Turn: Speaker 2: So, what did Francis leave me?) (Target Turn: Speaker 1: Okay. I have just a few questions to ask so I'm going to get out my official forms. Okay, so, question 1) You and uh, you were married to Francis' daughter Lilly, is that correct?) (+1 Turn: Speaker 1: Okay. I have just a few questions to ask so I'm going to get out my official forms. Okay, so, question 1) You and uh, you were married to Francis' daughter Lilly, is that correct?)",neutral,0.8,"the dialogue is task-oriented, logistical, or observational. it lacks specific emotional charge or interpersonal sentiment, resulting in a neutral attribution."
conv_347,Speaker 1,Ross,"(-1 Turn: Speaker 3: France sucks!) (Target Turn: Speaker 2: So far, it kinda blows. I don't know, I just thought y'know that he'd feel more like a brother y'know, like you and Ross, just like close and connected and....) (+1 Turn: Speaker 3: France sucks!)",negative,0.8,"the speaker expresses disappointment and a sense of disconnection, indicating a negative emotional attribution toward the subject. the comparison to the speaker's relationship with ross implies a desi"
conv_45,Speaker 3,Ben,"(-1 Turn: Speaker 2: Oh, I can't. I've got a date with that waitress, Katy, yeah, I know we've been only going out like twice, but I have a really good feeling about her.) (Target Turn: Speaker 3: Oh, I’m just over here with Ben. I thought we’d say hi.) (+1 Turn: Speaker 3: Oh, I’m just over here with Ben. I thought we’d say hi.)",neutral,0.8,"the speaker is mentioning a social interaction with someone (ben), which implies a positive social bond and a neutral emotional attribution."
conv_341,Monica,Mr. Geller,"(-1 Turn: Speaker 1: Yeah, I dreamt that he saved me from a burning building and he was so brave and so strong! And it’s making me look at him totally differently. Y’know, I mean he used to be just, y’know “Jack Geller Monica and Ross’s dad” and now he’s he’s “Jack Geller, dream hunk."") (Target Turn: Speaker 1: Yeah, I dreamt that he saved me from a burning building and he was so brave and so strong! And it’s making me look at him totally differently. Y’know, I mean he used to be just, y’know “Jack Geller Monica and Ross’s dad” and now he’s he’s “Jack Geller, dream hunk."") (+1 Turn: Speaker 1: Yeah, I dreamt that he saved me from a burning building and he was so brave and so strong! And it’s making me look at him totally differently. Y’know, I mean he used to be just, y’know “Jack Geller Monica and Ross’s dad” and now he’s he’s “Jack Geller, dream hunk."")",positive,0.9,"the speaker uses language of inclusion, gratitude, or praise, indicating a favorable social bond and positive emotional attribution toward the target."
conv_299,"Howard-the-""I-win""-guy",Speaker 1,"(-1 Turn: Speaker 2: You know, you and Bob, and me and my girlfriend, uh, uh, Monica.) (Target Turn: Speaker 1: Yeah, well, I'll take a little crying any day over Howard-the-""I-win""-guy. ""I win! I win!"" I went out with the guy for two months—I didn't get to win once.) (+1 Turn: Speaker 2: You know, you and Bob, and me and my girlfriend, uh, uh, Monica.)",negative,0.9,"the speaker uses language of self-deprecation, humor, and irony, indicating a negative emotional attribution toward the target (howard-the-""i-win""-guy). the speaker also expresses a sense of frustrati"
conv_200,Speaker 4,Richard,(-1 Turn: Speaker 2: Richard? I'm not gonna go see your ex-boyfriend!) (Target Turn: Speaker 2: Richard? I'm not gonna go see your ex-boyfriend!) (+1 Turn: Speaker 2: Richard? I'm not gonna go see your ex-boyfriend!),negative,0.9,"the speaker uses language of exclusion, rejection, or criticism, indicating an unfavorable social bond and negative emotional attribution toward the target."
conv_881,Speaker 1,Tony,"(-1 Turn: Speaker 1: I’m so excited about having Monica come on board with us. Although I do feel bad about having fired chef Emillio, it’s like losing a member of the family. Of course, that literally is the case for several of you. Tony, Carlos, Marie, please, tell your father how much we’re gonna miss him. Now, I know that Monica has a lot of great ideas for this place, well, you all read the review. So without much further ado, I present to you our new head chef.) (Target Turn: Speaker 1: I’m so excited about having Monica come on board with us. Although I do feel bad about having fired chef Emillio, it’s like losing a member of the family. Of course, that literally is the case for several of you. Tony, Carlos, Marie, please, tell your father how much we’re gonna miss him. Now, I know that Monica has a lot of great ideas for this place, well, you all read the review. So without much further ado, I present to you our new head chef.) (+1 Turn: Speaker 1: I’m so excited about having Monica come on board with us. Although I do feel bad about having fired chef Emillio, it’s like losing a member of the family. Of course, that literally is the case for several of you. Tony, Carlos, Marie, please, tell your father how much we’re gonna miss him. Now, I know that Monica has a lot of great ideas for this place, well, you all read the review. So without much further ado, I present to you our new head chef.)",positive,0.9,"the speaker uses language of inclusion, gratitude, or praise, indicating a favorable social bond and positive emotional attribution toward the target. the speaker also expresses empathy and understand"
conv_198,Travis,Yeller,(-1 Turn: Speaker 5: Their not breaking up. Chandler and Janice. Their not breaking up. He didn't blink or anything.) (Target Turn: Speaker 1: What when Yeller saves saves the family from the wolf and everyone's happy?) (+1 Turn: Speaker 1: What when Yeller saves saves the family from the wolf and everyone's happy?),positive,0.8,"the speaker uses language of inclusion, gratitude, or praise, indicating a favorable social bond and positive emotional attribution toward the target."
conv_372,Denise,Speaker 2,"(-1 Turn: Speaker 1: That would be great! Wait, how long is Denise gone for?) (Target Turn: Speaker 1: That would be great! Wait, how long is Denise gone for?) (+1 Turn: Speaker 1: That would be great! Wait, how long is Denise gone for?)",neutral,0.8,"the sentence lacks specific emotional charge or interpersonal sentiment, indicating a neutral emotional attribution between the parties."
conv_381,Joey,Speaker 1,"(-1 Turn: Speaker 1: Pheebs is your grandmother maybe saying that you should live here alone?) (Target Turn: Speaker 1: Phoebe, it’s okay. I like living with Joey.) (+1 Turn: Speaker 1: Phoebe, it’s okay. I like living with Joey.)",positive,0.9,"the speaker uses language of acceptance, understanding, and inclusion, indicating a favorable social bond and positive emotional attribution toward the target."
conv_936,Chandler,Speaker 2,"(-1 Turn: Speaker 1: I just wanted to let you know I've changed my mind: I'm gonna do it, I'm gonna kiss Joey.) (Target Turn: Speaker 1: Please, what about you and Chandler?) (+1 Turn: Speaker 1: Please, what about you and Chandler?)",neutral,0.8,"the speaker's tone is polite and inquiring, indicating a neutral or friendly emotional attribution. the use of ""please"" also suggests a respectful tone."
conv_624,Joey,Speaker 1,"(-1 Turn: Speaker 2: Actually, you know, Joey is your friend, and you don't really know me that well; it would be weird.) (Target Turn: Speaker 1: Yeah. But you know what? I think you should give Joey a chance. I mean, he's a great guy, and sure he doesn't know that much about art but you know, you can always talk about that with someone else.) (+1 Turn: Speaker 1: Yeah. But you know what? I think you should give Joey a chance. I mean, he's a great guy, and sure he doesn't know that much about art but you know, you can always talk about that with someone else.)",positive,0.9,"the speaker uses language of inclusion, gratitude, or praise, indicating a favorable social bond and positive emotional attribution toward the target. the speaker also expresses a desire for the targe"
conv_299,Bob,Speaker 1,(-1 Turn: Speaker 1: Forget it Joey. I'm with Bob now.) (Target Turn: Speaker 2: Bob? Who the hell's Bob?) (+1 Turn: Speaker 2: Bob? Who the hell's Bob?),neutral,0.8,"the speaker uses a question to address the subject, which is a neutral inquiry. the use of the phrase ""who the hell's"" is a colloquialism that can be interpreted as slightly negative, but the overall"
conv_354,Elizabeth,Speaker 2,"(-1 Turn: Speaker 1: Well, people missed you in there. And in fact, there was actually a request for ""Smelly Cat"".) (Target Turn: Speaker 2: Uh-uh—Wow! Uh, I thought you guys were just like making jokes, I had no idea. What you know what? You guys are wrong. Uh yes, there is a chronological age difference but I never notice it. You know why? Because she is very mature. Besides, it doesn’t really matter to me what you guys think. I mean, I’m the one dating Elizabeth, not you!) (+1 Turn: Speaker 2: Uh-uh—Wow! Uh, I thought you guys were just like making jokes, I had no idea. What you know what? You guys are wrong. Uh yes, there is a chronological age difference but I never notice it. You know why? Because she is very mature. Besides, it doesn’t really matter to me what you guys think. I mean, I’m the one dating Elizabeth, not you!)",positive,0.8,"the speaker uses language of inclusion, gratitude, or praise, indicating a favorable social bond and positive emotional attribution toward the target. the speaker also expresses a sense of ownership a"
conv_435,Janine,Speaker 1,"(-1 Turn: Speaker 2: You are aware that she’s not a monkey, right?) (Target Turn: Speaker 4: I am so over Janine. I mean, yeah, at first I thought she was hot, but now she’s like OLD NEWS!) (+1 Turn: Speaker 4: I am so over Janine. I mean, yeah, at first I thought she was hot, but now she’s like OLD NEWS!)",negative,0.9,"the speaker uses language of rejection, dismissal, or devaluation, indicating a negative emotional attribution toward the subject (janine). the speaker's tone is dismissive and critical, implying a la"
conv_233,Chandler,Monica,"(-1 Turn: Speaker 1: I’d like to propose a toast. To Monica and Chandler, the greatest couple in the world. And my best friends. Now, my when I first found out they were getting married I was, I was a little angry. I was like, ""Why God? Why? How can you take them away from me?!"" But then I thought back over all our memories together, some happy memories. And-and there was some sad memories. I’m sorry. And-and some scared memories—Whoa! Eh? And then, and then I realized I’ll always be their friend, their friend who can speak in many dialects and has training in stage combat and is willing to do partial nudity. Oh! To the happy couple!) (Target Turn: Speaker 1: I’d like to propose a toast. To Monica and Chandler, the greatest couple in the world. And my best friends. Now, my when I first found out they were getting married I was, I was a little angry. I was like, ""Why God? Why? How can you take them away from me?!"" But then I thought back over all our memories together, some happy memories. And-and there was some sad memories. I’m sorry. And-and some scared memories—Whoa! Eh? And then, and then I realized I’ll always be their friend, their friend who can speak in many dialects and has training in stage combat and is willing to do partial nudity. Oh! To the happy couple!) (+1 Turn: Speaker 1: I’d like to propose a toast. To Monica and Chandler, the greatest couple in the world. And my best friends. Now, my when I first found out they were getting married I was, I was a little angry. I was like, ""Why God? Why? How can you take them away from me?!"" But then I thought back over all our memories together, some happy memories. And-and there was some sad memories. I’m sorry. And-and some scared memories—Whoa! Eh? And then, and then I realized I’ll always be their friend, their friend who can speak in many dialects and has training in stage combat and is willing to do partial nudity. Oh! To the happy couple!)",positive,0.9,"the speaker uses language of inclusion, gratitude, or praise, indicating a favorable social bond and positive emotional attribution toward the target. the speaker also acknowledges their initial anger"
conv_295,Phoebe,Pottery Barn,"(-1 Turn: Speaker 2: I know you did, cookie. Oh, I know you did. So tell me. Did you see her?) (Target Turn: Speaker 1: Ross! Phoebe’s gonna be here any second, she cannot see this!) (+1 Turn: Speaker 1: Ross! Phoebe’s gonna be here any second, she cannot see this!)",negative,0.8,"the speaker is trying to hide something from phoebe, indicating a sense of secrecy or deception, which can be perceived as negative. additionally, the speaker's tone is urgent and anxious, suggesting"
conv_3,Speaker 2,Clark,"(-1 Turn: Speaker 1: You WHAT? You sang... to our baby daughter... a song about a guy who likes to have sex with women with giant asses?) (Target Turn: Speaker 1: Well, she actually has a boyfriend y’know herself, named Clark. Uh, she also kinda invited herself to our wedding. Clark too.) (+1 Turn: Speaker 1: Well, she actually has a boyfriend y’know herself, named Clark. Uh, she also kinda invited herself to our wedding. Clark too.)",negative,0.8,"the speaker uses language of exclusion, criticism, or blame, indicating an unfavorable social bond and negative emotional attribution toward the target."
conv_1042,Speaker 1,Carol,"(-1 Turn: Speaker 1: The first time! No seriously, imagine if Carol hadn’t realized she was a lesbian.) (Target Turn: Speaker 3: Hey, imagine if I never got fired off Days Of Our Lives! Oh-hey, there’s Carol again!) (+1 Turn: Speaker 3: Hey, imagine if I never got fired off Days Of Our Lives! Oh-hey, there’s Carol again!)",positive,0.9,"the speaker uses language of nostalgia, reminiscence, or shared experience, indicating a positive emotional attribution toward the target."
conv_290,Speaker 1,Brian,(-1 Turn: Speaker 1: Excuse me? You don't think I could get a Brian? Because I could get a Brian. Believe you me. ...I'm really not.) (Target Turn: Speaker 1: Excuse me? You don't think I could get a Brian? Because I could get a Brian. Believe you me. ...I'm really not.) (+1 Turn: Speaker 1: Excuse me? You don't think I could get a Brian? Because I could get a Brian. Believe you me. ...I'm really not.),positive,0.9,"the speaker uses language of assertiveness, confidence, and self-assurance, indicating a positive emotional attribution toward themselves. the speaker also uses language of persuasion, trying to convi"
conv_588,Richard,Monica,"(-1 Turn: Speaker 1: Umm, Chandler, you do realize that those ideas are probably already in Monica's head.) (Target Turn: Speaker 1: Umm, Chandler, you do realize that those ideas are probably already in Monica's head.) (+1 Turn: Speaker 1: Umm, Chandler, you do realize that those ideas are probably already in Monica's head.)",neutral,0.7,"the speaker is expressing concern or skepticism about the ideas being presented, which may indicate a negative emotional attribution. however, the tone is more neutral and inquiring, rather than confr"
conv_558,Speaker 2,Jason,(-1 Turn: Speaker 2: Jason is not a sissy!) (Target Turn: Speaker 2: Jason is not a sissy!) (+1 Turn: Speaker 2: Jason is not a sissy!),negative,0.9,"the speaker uses language that is derogatory and belittling, indicating a negative emotional attribution toward the target."
conv_71,Ross,Mona,"(-1 Turn: Speaker 1: Hey Joe! You wanna shoot some hoops?) (Target Turn: Speaker 3: Hi! I’m so sorry to barge in on your Valentine’s, but I had to get away from all the yelling. Mona is dumping Ross.) (+1 Turn: Speaker 3: Hi! I’m so sorry to barge in on your Valentine’s, but I had to get away from all the yelling. Mona is dumping Ross.)",negative,0.8,"the speaker is interrupting a romantic celebration, indicating a sense of urgency and emotional distress. the speaker is also sharing a piece of personal news, which can be perceived as a breach of tr"
conv_793,Nancy Branson,Chip,(-1 Turn: Speaker 1: Ugh! I cannot believe Chip dumped me for that slut Nancy Branson. I am never going out with him again. I don't care how much he begs!) (Target Turn: Speaker 2: I think his begging days are over now that he's going out with Nancy Branson.) (+1 Turn: Speaker 2: I think his begging days are over now that he's going out with Nancy Branson.),negative,0.8,"the speaker uses language of exclusion, social rejection, or hostile intent, indicating a negative emotional attribution toward the subject."
conv_198,Speaker 5,Janice,(-1 Turn: Speaker 5: Their not breaking up. Chandler and Janice. Their not breaking up. He didn't blink or anything.) (Target Turn: Speaker 5: Their not breaking up. Chandler and Janice. Their not breaking up. He didn't blink or anything.) (+1 Turn: Speaker 5: Their not breaking up. Chandler and Janice. Their not breaking up. He didn't blink or anything.),positive,0.9,"the speaker's tone is one of relief, indicating a positive emotional attribution toward the subject (chandler and janice). the speaker's language is also reassuring, stating that they are not breaking"
conv_135,Speaker 1,Phoebe,"(-1 Turn: Speaker 2: I am trying to open your eyes, my man! Don't you see, if you lived with Phoebe she's always gonna be there. You're gonna get home, she's there. You go to bed, she's there. You wake up and oh yes, she's there!) (Target Turn: Speaker 2: I am trying to open your eyes, my man! Don't you see, if you lived with Phoebe she's always gonna be there. You're gonna get home, she's there. You go to bed, she's there. You wake up and oh yes, she's there!) (+1 Turn: Speaker 2: I am trying to open your eyes, my man! Don't you see, if you lived with Phoebe she's always gonna be there. You're gonna get home, she's there. You go to bed, she's there. You wake up and oh yes, she's there!)",positive,0.95,"the speaker uses language of affection, intimacy, and emotional appeal, indicating a strong positive emotional attribution toward the subject. the use of ""my man"" and ""always gonna be there"" suggests"
conv_341,Monica,Mr. Geller,"(-1 Turn: Speaker 1: Yeah, I dreamt that he saved me from a burning building and he was so brave and so strong! And it’s making me look at him totally differently. Y’know, I mean he used to be just, y’know “Jack Geller Monica and Ross’s dad” and now he’s he’s “Jack Geller, dream hunk."") (Target Turn: Speaker 1: Yeah, I dreamt that he saved me from a burning building and he was so brave and so strong! And it’s making me look at him totally differently. Y’know, I mean he used to be just, y’know “Jack Geller Monica and Ross’s dad” and now he’s he’s “Jack Geller, dream hunk."") (+1 Turn: Speaker 1: Yeah, I dreamt that he saved me from a burning building and he was so brave and so strong! And it’s making me look at him totally differently. Y’know, I mean he used to be just, y’know “Jack Geller Monica and Ross’s dad” and now he’s he’s “Jack Geller, dream hunk."")",positive,0.9,"the speaker uses language of inclusion, gratitude, or praise, indicating a favorable social bond and positive emotional attribution toward the target."
conv_148,Bill,Speaker 3,"(-1 Turn: Speaker 1: Hey, Phoebs) (Target Turn: Speaker 1: Uhm, we just wanna give you a heads-up. Bill and Colleen hate us.) (+1 Turn: Speaker 1: Uhm, we just wanna give you a heads-up. Bill and Colleen hate us.)",negative,0.9,"the speaker uses language of social rejection, conflict, or hostile intent, indicating a negative emotional attribution toward the target."
conv_20,Speaker 2,Tag,"(-1 Turn: Speaker 2: It was ... oh my god. He didn't have a last name. It was just ""Tag"". You know, like Cher, or, you know, Moses.) (Target Turn: Speaker 2: It was ... oh my god. He didn't have a last name. It was just ""Tag"". You know, like Cher, or, you know, Moses.) (+1 Turn: Speaker 2: It was ... oh my god. He didn't have a last name. It was just ""Tag"". You know, like Cher, or, you know, Moses.)",neutral,0.8,"the speaker uses language of surprise, curiosity, or fascination, indicating a neutral emotional attribution toward the target. the tone is more observational than emotional."
conv_294,Denise,Speaker 2,"(-1 Turn: Speaker 5: Pheebs, I don’t understand. How can you have a roommate that none of us know anything about?) (Target Turn: Speaker 2: Maybe because you never listen to anything that I say. I talk about her all the time! DENISE!!!!!) (+1 Turn: Speaker 2: Maybe because you never listen to anything that I say. I talk about her all the time! DENISE!!!!!)",negative,0.9,"the speaker uses language of criticism, blame, or accusation, indicating a negative emotional attribution toward the target. the speaker's tone is confrontational and aggressive, suggesting a strong n"
conv_844,Kathy,Speaker 3,(-1 Turn: N/A) (Target Turn: Speaker 1: Ooh! How was Kathy’s play?) (+1 Turn: Speaker 1: Ooh! How was Kathy’s play?),positive,0.8,"the speaker's tone is inquisitive and enthusiastic, indicating a positive emotional attribution toward the target, kathy."
conv_279,Leslie,Speaker 1,"(-1 Turn: Speaker 1: Yeah, that was Leslie calling again to see if we can get back together. That’s the twentieth time today! And good luck Leslie!) (Target Turn: Speaker 1: Yeah, that was Leslie calling again to see if we can get back together. That’s the twentieth time today! And good luck Leslie!) (+1 Turn: Speaker 1: Okay, hi. Ladies and gentlemen, back by popular demand, Miss Phoebe Buffay. Wooh!)",negative,0.9,"the speaker is frustrated and annoyed with leslie's repeated attempts to get back together, indicating a negative emotional attribution."
conv_191,Speaker 3,Monica,"(-1 Turn: Speaker 3: No Joey! Chandler could be your assistant! See, he could answer all of your fan mail and stuff!) (Target Turn: Speaker 1: This is Monica.) (+1 Turn: Speaker 1: This is Monica.)",neutral,0.9,"the sentence is a simple introduction, providing a name and no emotional context. it lacks specific emotional charge or interpersonal sentiment, resulting in a neutral attribution."
conv_128,Timmy,Speaker 2,"(-1 Turn: Speaker 1: Uh... To name a few. You know... You know... You've just always been like this. You just have to have everything. And I couldn't have anything. Like in junior high, when you stole Timmy from me. I mean, do you even realize how much that hurt me?) (Target Turn: Speaker 2: Timmy was my boyfriend and you made out with him!) (+1 Turn: Speaker 2: Timmy was my boyfriend and you made out with him!)",negative,0.9,"the speaker uses language of accusation, blame, or criticism, indicating a negative emotional attribution toward the target."
conv_160,Emma,Speaker 1,"(-1 Turn: Speaker 1: And the best part is, we're filming in the desert outside Vegas! And you know what that means buddy!) (Target Turn: Speaker 1: Ok, look, Ross. I do not want Emma going to the playground.) (+1 Turn: Speaker 1: Ok, look, Ross. I do not want Emma going to the playground.)",negative,0.8,"the speaker is addressing ross in a direct and assertive manner, indicating a sense of authority and control. the use of the phrase ""i do not want"" implies a strong desire to prevent something from ha"
conv_124,Speaker 2,Chandler,(-1 Turn: Speaker 1: R-R-Richard said he wants to marry you?! And-and Chandler’s tellin’ ya how much he hates marriage?!) (Target Turn: Speaker 1: R-R-Richard said he wants to marry you?! And-and Chandler’s tellin’ ya how much he hates marriage?!) (+1 Turn: Speaker 1: R-R-Richard said he wants to marry you?! And-and Chandler’s tellin’ ya how much he hates marriage?!),negative,0.8,"the speaker uses language of surprise, shock, and incredulity, indicating a strong emotional reaction. the tone is more negative than positive, as the speaker seems to be expressing disbelief and poss"
conv_354,Susan,Carol,"(-1 Turn: Speaker 1: 'Cause Carol's a lesbian. And, and I'm not one. And apparently it's not a mix and match situation.) (Target Turn: Speaker 1: 'Cause Carol's a lesbian. And, and I'm not one. And apparently it's not a mix and match situation.) (+1 Turn: Speaker 1: 'Cause Carol's a lesbian. And, and I'm not one. And apparently it's not a mix and match situation.)",negative,0.9,"the speaker uses language of rejection, exclusion, or criticism, indicating a negative emotional attribution toward the target."
conv_357,Emma,Speaker 2,"(-1 Turn: Speaker 2: Hey, 30 is not that old! Do you know how old the Earth is?) (Target Turn: Speaker 1: Where is Emma?) (+1 Turn: Speaker 1: Where is Emma?)",neutral,0.8,"the dialogue is task-oriented, logistical, or observational. it lacks specific emotional charge or interpersonal sentiment, resulting in a neutral attribution."
conv_276,Kip,Speaker 3,(-1 Turn: Speaker 1: Do you even know who Kip is?) (Target Turn: Speaker 1: Do you even know who Kip is?) (+1 Turn: Speaker 1: Do you even know who Kip is?),neutral,0.9,"the speaker is asking a question about someone's knowledge, which is a neutral topic. the tone is inquiring, not confrontational or emotional."
conv_1051,Speaker 5,Vince,"(-1 Turn: Speaker 3: Oh, so you're going with the teacher, huh?) (Target Turn: Speaker 5: Yeah, I like Vince a lot, y'know? But, it's just Jason's so sensitive, y'know? And in the long run, I think sensitive it's just better than having just like a really, really, really nice butt. Jason! Definitely Jason! Okay, wish me luck!) (+1 Turn: Speaker 5: Yeah, I like Vince a lot, y'know? But, it's just Jason's so sensitive, y'know? And in the long run, I think sensitive it's just better than having just like a really, really, really nice butt. Jason! Definitely Jason! Okay, wish me luck!)",positive,0.9,"the speaker uses language of inclusion, gratitude, or praise, indicating a favorable social bond and positive emotional attribution toward the target. the speaker also expresses a preference for jason"
conv_58,Ben,Carol,"(-1 Turn: Speaker 2: Yes! Yes you can, I’m looking for Jack’s parents.) (Target Turn: Speaker 2: Uh-huh, I’m with Ben.) (+1 Turn: Speaker 2: Uh-huh, I’m with Ben.)",positive,0.9,"the speaker uses language of confirmation, agreement, or support, indicating a favorable social bond and positive emotional attribution toward the target."
conv_418,Aunt Silvia,Speaker 3,"(-1 Turn: Speaker 1: Well ah, Aunt Silvia was, well not a nice person.) (Target Turn: Speaker 1: Well ah, Aunt Silvia was, well not a nice person.) (+1 Turn: Speaker 1: Well ah, Aunt Silvia was, well not a nice person.)",negative,0.9,"the speaker uses language of criticism, disapproval, or negative evaluation, indicating a negative emotional attribution toward the target."
conv_50,Speaker 2,Charlie,"(-1 Turn: Speaker 1: I'm trying to put Emma down for a nap, have you seen Hugsy?) (Target Turn: Speaker 2: Uh... Charlie and I broke up.) (+1 Turn: Speaker 2: Uh... Charlie and I broke up.)",negative,0.9,"the speaker uses language of separation, rejection, or loss, indicating a negative emotional attribution toward the target."
conv_370,James Brolin,Barbara Streisand,"(-1 Turn: Speaker 3: Okay, okay. It’s James Brolin. James Brolin is the father of my baby.) (Target Turn: Speaker 1: As in Barbara Streisand’s husband James Brolin?) (+1 Turn: Speaker 1: As in Barbara Streisand’s husband James Brolin?)",neutral,0.9,"the speaker is sharing a piece of information about a celebrity couple, indicating a neutral or observational tone. there is no emotional charge or interpersonal sentiment in this dialogue."
conv_316,Lizzie,Speaker 1,"(-1 Turn: N/A) (Target Turn: Speaker 1: Okay look, Ross, just so you know that since Lizzie likes you so much, I’ve decided to accept the fact that you’re going out with her.) (+1 Turn: Speaker 1: Okay look, Ross, just so you know that since Lizzie likes you so much, I’ve decided to accept the fact that you’re going out with her.)",positive,0.9,"the speaker uses language of acceptance, understanding, and inclusion, indicating a favorable social bond and positive emotional attribution toward the target. the speaker is willing to accept the fac"
conv_185,Speaker 2,Paulo,"(-1 Turn: Speaker 5: Umm, Wethering Heights. I'm taking a literature class at the New School and I have to finish it for the first session tomorrow.) (Target Turn: Speaker 2: Well, first of all, Paulo and I are not back together. It was just a stupid thing I did, and if I could go back in time and do it again, well, I wouldn't. Um, second of all, what?) (+1 Turn: Speaker 2: Well, first of all, Paulo and I are not back together. It was just a stupid thing I did, and if I could go back in time and do it again, well, I wouldn't. Um, second of all, what?)",negative,0.9,"the speaker expresses regret and disappointment about a past event, indicating a negative emotional attribution toward the target. the speaker also uses a tone of self-criticism, which further reinfor"
conv_209,Rick,Speaker 2,(-1 Turn: Speaker 1: And they were serving franks which is his first name minus the s at the end. And there was a rotisserie with spinning chicken.) (Target Turn: Speaker 1: Who's Rick?) (+1 Turn: Speaker 1: Who's Rick?),neutral,0.9,"the speaker is asking about a person named rick, which is a neutral topic. there is no emotional charge or interpersonal sentiment in this sentence."
conv_223,Barry,Speaker 2,"(-1 Turn: Speaker 2: Okay, okay... when Barry was engaged to you, he and I...kind of... had a little thing on the side.) (Target Turn: Speaker 2: Okay, okay... when Barry was engaged to you, he and I...kind of... had a little thing on the side.) (+1 Turn: Speaker 2: Okay, okay... when Barry was engaged to you, he and I...kind of... had a little thing on the side.)",negative,0.8,"the speaker is sharing a secret or intimate information, which can be perceived as a breach of trust or a betrayal. this can lead to a negative emotional attribution between the parties."
conv_196,Speaker 1,Matt Lauer,"(-1 Turn: Speaker 1: So umm, now do you have any of Matt Lauer’s clothes here? Maybe? Just ones that haven’t been cleaned yet?) (Target Turn: Speaker 1: So umm, now do you have any of Matt Lauer’s clothes here? Maybe? Just ones that haven’t been cleaned yet?) (+1 Turn: Speaker 1: So umm, now do you have any of Matt Lauer’s clothes here? Maybe? Just ones that haven’t been cleaned yet?)",neutral,0.9,"the speaker is asking a question about matt lauer's clothes, which is a neutral topic. the tone is casual and polite, indicating a neutral emotional attribution."
conv_39,Speaker 2,duck,"(-1 Turn: Speaker 1: Wow, I didn’t know they let you keep chickens and ducks as pets.) (Target Turn: Speaker 1: Wow, I didn’t know they let you keep chickens and ducks as pets.) (+1 Turn: Speaker 1: Wow, I didn’t know they let you keep chickens and ducks as pets.)",neutral,0.8,"the speaker uses language of surprise, curiosity, or interest, indicating a neutral emotional attribution toward the target."
conv_89,Mindy,Barry,"(-1 Turn: Speaker 2: Country club newsletter. My mother sends me the engagement notices for 'inspiration.' Oh my God! Oh my God, it's Barry and Mindy!) (Target Turn: Speaker 1: Barry who you almost...?) (+1 Turn: Speaker 1: Barry who you almost...?)",positive,0.8,"the speaker uses a name, indicating a familiar or close relationship, and the phrase ""who you almost..."" suggests a sense of shared experience or understanding. this language of inclusion and shared u"
conv_702,Speaker 1,Bethel,(-1 Turn: Speaker 5: That is so cruel! Why? Why would a parent name their child Bethel?) (Target Turn: Speaker 5: That is so cruel! Why? Why would a parent name their child Bethel?) (+1 Turn: N/A),negative,0.9,"the speaker uses strong language of disapproval, indicating a negative emotional attribution toward the subject. the speaker is expressing a strong emotional response to the object (the name bethel),"
conv_164,Speaker 2,Gary,"(-1 Turn: Speaker 3: Phoebe! It's 6 o'clock in the morning! Why aren't you at Gary's?) (Target Turn: Speaker 5: Come on! Gary's such a great guy! Whatever the problem is, you can work it out!) (+1 Turn: Speaker 5: Come on! Gary's such a great guy! Whatever the problem is, you can work it out!)",positive,0.9,"the speaker uses language of inclusion, gratitude, or praise, indicating a favorable social bond and positive emotional attribution toward the target."
conv_180,Monica,Ross,"(-1 Turn: Speaker 3: Hello. My name is Regina Phalange. I'm a businesswoman in town on business. Would you like to see my card? Ooh, what did I do with my file-a-facts? I must've left it in conference room B.) (Target Turn: Speaker 3: Oh, I’m Phoebe Buffay. I’m one of Ross’s best friends.) (+1 Turn: Speaker 3: Hello. My name is Regina Phalange. I'm a businesswoman in town on business. Would you like to see my card? Ooh, what did I do with my file-a-facts? I must've left it in conference room B.)",positive,0.9,"the speaker introduces themselves as phoebe buffay, indicating a casual and friendly tone. the speaker also mentions being one of ross's best friends, which implies a strong social bond."
conv_160,Emma,Speaker 1,"(-1 Turn: Speaker 1: All right! Thanks Pheebs!) (Target Turn: Speaker 1: Ok, fine! You can make fun of me. I do not want Emma going there. And I was thinking Claire Danes.) (+1 Turn: Speaker 1: Ok, fine! You can make fun of me. I do not want Emma going there. And I was thinking Claire Danes.)",negative,0.8,"the speaker expresses a desire to exclude someone (emma) from a situation, indicating a negative emotional attribution toward the target. the speaker also mentions claire danes, which may be a neutral"
conv_65,Mary,Speaker 1,"(-1 Turn: Speaker 1: Stop saying you're not talented, you're very talented. It's just with the bird dead and all, there's very little act left. Oh, honey, give me a break, will ya? Oooh, ooh, I'll talk to you later.) (Target Turn: Speaker 1: I’ve gotta call my friend Mary and tell her how good this is, from Monica’s room.) (+1 Turn: Speaker 1: Stop saying you're not talented, you're very talented. It's just with the bird dead and all, there's very little act left. Oh, honey, give me a break, will ya? Oooh, ooh, I'll talk to you later.)",positive,0.9,"the speaker is expressing enthusiasm and appreciation for the situation, indicating a positive emotional attribution toward the subject (mary). the speaker is also referencing a specific person (monic"
conv_866,Mona,Speaker 1,"(-1 Turn: Speaker 2: Oh hey! Hey Ross! Hey how’s it, how’s it going with you and Mona? Are you guys still together?) (Target Turn: Speaker 2: Oh hey! Hey Ross! Hey how’s it, how’s it going with you and Mona? Are you guys still together?) (+1 Turn: Speaker 2: Oh hey! Hey Ross! Hey how’s it, how’s it going with you and Mona? Are you guys still together?)",positive,0.9,"the speaker uses language of inclusion, greeting, and inquiry, indicating a friendly and positive tone. the speaker is asking about the relationship status of ross and mona, which suggests a genuine i"
conv_304,Speaker 1,Ross,"(-1 Turn: Speaker 1: Because... look, no one wants this to happen more than me, ok? I have gone over this moment in my head a hundred times and not once did I ever say no! I couldn't do it to Ross!) (Target Turn: Speaker 1: Because... look, no one wants this to happen more than me, ok? I have gone over this moment in my head a hundred times and not once did I ever say no! I couldn't do it to Ross!) (+1 Turn: Speaker 1: Because... look, no one wants this to happen more than me, ok? I have gone over this moment in my head a hundred times and not once did I ever say no! I couldn't do it to Ross!)",negative,0.9,"the speaker expresses a sense of reluctance, frustration, and disappointment, indicating a negative emotional attribution toward the target. the speaker also uses language of self-justification, empha"
conv_506,Emily,Speaker 1,"(-1 Turn: Speaker 4: Yeah! But, he can't not exactly see Emily, I mean that's his wife.) (Target Turn: Speaker 4: Yeah! But, he can't not exactly see Emily, I mean that's his wife.) (+1 Turn: Speaker 4: Yeah! But, he can't not exactly see Emily, I mean that's his wife.)",positive,0.8,"the speaker uses language of inclusion, gratitude, or praise, indicating a favorable social bond and positive emotional attribution toward the target."
conv_317,Monica,Speaker 2,"(-1 Turn: Speaker 2: Well this is great. Y’know, those cameras were the only thing that was gonna cheer Monica up today, she’s really depressed.) (Target Turn: Speaker 2: Well this is great. Y’know, those cameras were the only thing that was gonna cheer Monica up today, she’s really depressed.) (+1 Turn: Speaker 2: Well this is great. Y’know, those cameras were the only thing that was gonna cheer Monica up today, she’s really depressed.)",positive,0.9,"the speaker uses language of empathy and understanding, indicating a favorable social bond and positive emotional attribution toward the subject (monica). the speaker acknowledges monica's emotional s"
conv_615,Speaker 1,Phoebe,(-1 Turn: Speaker 2: What's up? Is Phoebe OK?) (Target Turn: Speaker 2: What's up? Is Phoebe OK?) (+1 Turn: Speaker 2: What's up? Is Phoebe OK?),positive,0.8,"the speaker uses a casual greeting (""what's up?""), which is a common way to initiate a conversation. the question about phoebe's well-being (""is phoebe ok?"") shows concern and interest in the other pe"
conv_200,Speaker 4,Pottery Barn,(-1 Turn: Speaker 4: I hate Pottery Barn too. They kicked me out of there just because I sat on a bed!) (Target Turn: Speaker 4: I hate Pottery Barn too. They kicked me out of there just because I sat on a bed!) (+1 Turn: Speaker 4: It's not Richard! Okay? It's this new guy and he's really good.),negative,0.9,"the speaker uses language of criticism, rejection, or hostility, indicating a negative emotional attribution toward the object (pottery barn)."
conv_844,Nicole Kidman,Tom Cruise,(-1 Turn: Speaker 4: Tom Cruise and Nicole Kidman.) (Target Turn: Speaker 4: Tom Cruise and Nicole Kidman.) (+1 Turn: Speaker 4: Tom Cruise and Nicole Kidman.),neutral,0.8,"the speaker mentions two celebrities, indicating a neutral or observational tone. the dialogue lacks specific emotional charge or interpersonal sentiment, resulting in a neutral attribution."
conv_8,Speaker 1,Mitzi,"(-1 Turn: Speaker 1: Over here Jack. OK. I see, Rachel's coming up the path. Oh doesn't she look pretty. Jack, get this.) (Target Turn: Speaker 2: Mitzi is.....) (+1 Turn: Speaker 2: Mitzi is.....)",positive,0.8,"the speaker uses a pause and an ellipsis to create suspense, indicating a sense of surprise or revelation. the use of the name ""mitzi"" also implies a personal connection or familiarity."
conv_251,Mindy,Barry,"(-1 Turn: Speaker 3: No! Barry and Mindy.) (Target Turn: Speaker 4: Oh sorry, I hear divorce I immediately go to Ross. Who-who’s Barry and Mindy?) (+1 Turn: Speaker 4: Oh sorry, I hear divorce I immediately go to Ross. Who-who’s Barry and Mindy?)",positive,0.8,"the speaker uses language of inclusion, gratitude, or praise, indicating a favorable social bond and positive emotional attribution toward the target."
conv_845,Ross,Speaker 2,"(-1 Turn: Speaker 2: I’m not in love with Ross!) (Target Turn: Speaker 2: Phoebe, I’m going to Ross’s wedding because he is my ex-boyfriend and that would be really uncomfortable. Not because, I’m still in love with him! I mean, hey, y’know, I like Ross as much as the next guy, y’know? Clearly I have feelings for him, but feelings don’t mean love! I mean, I still have loving feelings for Ross. Yeah! But, I have, I have continuing feelings of love, but that doesn’t mean that-that I’m still in love with him. Y’know? I-I have sexual feelings for him, but I do love him—Ohh! Oh my God! Oh my—why didn’t you tell me?!!) (+1 Turn: Speaker 2: You all know? Does Ross know?)",neutral,0.7,"the speaker uses language of self-contradiction, emotional turmoil, and inner conflict, indicating a complex emotional attribution toward the subject. the speaker's statements are ambiguous, and their"
conv_438,Rachel,Speaker 2,(-1 Turn: N/A) (Target Turn: Speaker 2: Sorry! I'm just—I'm not very good at this! I'm a terrible liar and I hate having to lie to Rachel!) (+1 Turn: Speaker 2: Sorry! I'm just—I'm not very good at this! I'm a terrible liar and I hate having to lie to Rachel!),negative,0.9,"the speaker is expressing regret, self-doubt, and a sense of discomfort, indicating a negative emotional attribution toward themselves and potentially toward rachel. the use of the phrase ""i hate havi"
conv_496,Joshua,Speaker 3,(-1 Turn: N/A) (Target Turn: Speaker 3: Three people. Joshua’s not gonna be there.) (+1 Turn: N/A),neutral,0.8,"the speaker mentions a specific person, joshua, who will not be present, indicating a neutral or observational tone. the interaction lacks emotional charge or interpersonal sentiment."
conv_610,Julie,Speaker 1,"(-1 Turn: Speaker 1: Yeah, it was, but...I get home, ok, and I see Julie's saline solution on my night table. And I'm thinking to myself, oh my god, what the hell am I doing? I mean, here I am, I am with Julie, this incredible, great woman, who I care about and who cares about me, and I'm like, what, am I just gonna throw all that away?) (Target Turn: Speaker 1: Yeah, it was, but...I get home, ok, and I see Julie's saline solution on my night table. And I'm thinking to myself, oh my god, what the hell am I doing? I mean, here I am, I am with Julie, this incredible, great woman, who I care about and who cares about me, and I'm like, what, am I just gonna throw all that away?) (+1 Turn: Speaker 1: Yeah, it was, but...I get home, ok, and I see Julie's saline solution on my night table. And I'm thinking to myself, oh my god, what the hell am I doing? I mean, here I am, I am with Julie, this incredible, great woman, who I care about and who cares about me, and I'm like, what, am I just gonna throw all that away?)",negative,0.8,"the speaker expresses a mix of emotions, including confusion, self-doubt, and possibly regret. the speaker is reflecting on their relationship with julie and seems to be questioning their decision to"
conv_327,Speaker 2,Chandler,"(-1 Turn: Speaker 2: Back when you and Rachel were together, if Chandler had kissed her, would you hear him out?) (Target Turn: Speaker 1: I’m gonna get you to talk to Chandler.) (+1 Turn: Speaker 1: I’m gonna get you to talk to Chandler.)",neutral,0.8,"the speaker is trying to facilitate communication between two individuals, indicating a neutral or task-oriented interaction. the tone is not overtly positive or negative, suggesting a lack of strong"
conv_68,Janice,Speaker 1,"(-1 Turn: Speaker 2: Okay. I went down to the 'Mattress King' showroom and, and I saw Janice, kissing her ex-husband.) (Target Turn: Speaker 2: Okay. I went down to the 'Mattress King' showroom and, and I saw Janice, kissing her ex-husband.) (+1 Turn: Speaker 2: Okay. I went down to the 'Mattress King' showroom and, and I saw Janice, kissing her ex-husband.)",negative,0.9,"the speaker's tone is critical, and the language used is confrontational, indicating a negative emotional attribution toward the subject (janice). the speaker's actions (going to the showroom) and the"
conv_314,Speaker 1,chick,(-1 Turn: Speaker 1: Hey! Can you take a duck and a chick to the theatre?) (Target Turn: Speaker 1: Hey! Can you take a duck and a chick to the theatre?) (+1 Turn: Speaker 1: The next station is Poughkeepsie. Poughkeepsie!),positive,0.9,"the speaker uses a playful and casual tone, indicating a friendly and lighthearted interaction. the use of a duck and a chick as characters adds a whimsical touch, further suggesting a positive emotio"
conv_595,Speaker 4,Daryl Hannah,"(-1 Turn: Speaker 4: Daryl Hannah was the most beautiful woman that he'd ever seen in his life and I said yeah, I liked her in Splash, a lot, but not so much in- in Wall Street, I thought she had kind of a) (Target Turn: Speaker 4: Daryl Hannah was the most beautiful woman that he'd ever seen in his life and I said yeah, I liked her in Splash, a lot, but not so much in- in Wall Street, I thought she had kind of a) (+1 Turn: Speaker 4: Daryl Hannah was the most beautiful woman that he'd ever seen in his life and I said yeah, I liked her in Splash, a lot, but not so much in- in Wall Street, I thought she had kind of a)",positive,0.9,"the speaker describes a person as the most beautiful woman they've ever seen, indicating a strong positive emotional attribution. the speaker also mentions a shared experience (watching splash) and a"
conv_931,Chandler,Speaker 1,"(-1 Turn: Speaker 1: No, I mean it. You are so loyal man, and selfless, and generous...) (Target Turn: Speaker 1: You know what? I know Chandler longer, so I always think of him as my best friend, but now... I may have to rethink some stuff...) (+1 Turn: Speaker 1: You know what? I know Chandler longer, so I always think of him as my best friend, but now... I may have to rethink some stuff...)",neutral,0.8,"the speaker expresses a sense of reevaluation and potential change in their perception of chandler, indicating a possible shift in their emotional attribution. the tone is introspective and contemplat"
conv_624,Speaker 2,Joey,"(-1 Turn: Speaker 1: Yeah? Joey really knows his art, huh?) (Target Turn: Speaker 1: Yeah? Joey really knows his art, huh?) (+1 Turn: Speaker 1: Yeah? Joey really knows his art, huh?)",positive,0.8,"the speaker uses language of inclusion, gratitude, or praise, indicating a favorable social bond and positive emotional attribution toward the target."
conv_198,Travis,Yeller,(-1 Turn: Speaker 5: Their not breaking up. Chandler and Janice. Their not breaking up. He didn't blink or anything.) (Target Turn: Speaker 1: What when Yeller saves saves the family from the wolf and everyone's happy?) (+1 Turn: Speaker 1: What when Yeller saves saves the family from the wolf and everyone's happy?),positive,0.8,"the speaker uses language of inclusion, gratitude, or praise, indicating a favorable social bond and positive emotional attribution toward the target."
conv_717,Speaker 1,Joey,"(-1 Turn: Speaker 2: Soon! I-I just couldn’t before. You saw how upset Joey got! I couldn’t do that to her, she’s my best friend!) (Target Turn: Speaker 1: Well, Joey’s my best friend.) (+1 Turn: Speaker 1: Well, Joey’s my best friend.)",positive,0.9,"the speaker uses language of affection, closeness, or familiarity, indicating a positive social bond and positive emotional attribution toward the target."
conv_413,Speaker 2,Alan,"(-1 Turn: Speaker 1: ..I dunno, a little too Alan?) (Target Turn: Speaker 5: Well, no. That's impossible. You can never be too Alan.) (+1 Turn: Speaker 5: Well, no. That's impossible. You can never be too Alan.)",neutral,0.8,"the speaker uses language of negation, impossibility, and a hint of sarcasm, indicating a neutral or possibly negative emotional attribution toward the target."
conv_399,Chandler,Speaker 2,"(-1 Turn: Speaker 1: Ugh! I don't know Monica. It feels funny just being here. I mean if you buy a bed from Janice's ex-husband, that's like betraying Chandler.) (Target Turn: Speaker 1: Ugh! I don't know Monica. It feels funny just being here. I mean if you buy a bed from Janice's ex-husband, that's like betraying Chandler.) (+1 Turn: Speaker 2: Oh! Ohhhhh! Oh! Phoebe, come here. Aw, this is my new bed. You gotta feel this bad boy.)",negative,0.9,"the speaker expresses discomfort and unease about being in a situation, indicating a negative emotional attribution. the mention of ""betraying chandler"" implies a sense of loyalty and commitment, whic"
conv_146,Drake,Olivia,"(-1 Turn: Speaker 2: A little. Yeah no, I really am worried, you know, I mean I have to make it convincing that I'm in love with Olivia.) (Target Turn: Speaker 2: A little. Yeah no, I really am worried, you know, I mean I have to make it convincing that I'm in love with Olivia.) (+1 Turn: Speaker 2: A little. Yeah no, I really am worried, you know, I mean I have to make it convincing that I'm in love with Olivia.)",negative,0.9,"the speaker is expressing concern and anxiety about convincing someone (olivia) that they are in love, indicating a negative emotional attribution toward the target."
conv_435,Speaker 4,Janine,"(-1 Turn: Speaker 4: I am so over Janine. I mean, yeah, at first I thought she was hot, but now she’s like OLD NEWS!) (Target Turn: Speaker 4: I am so over Janine. I mean, yeah, at first I thought she was hot, but now she’s like OLD NEWS!) (+1 Turn: Speaker 4: I am so over Janine. I mean, yeah, at first I thought she was hot, but now she’s like OLD NEWS!)",negative,0.95,"the speaker uses language of rejection, dismissal, and devaluation, indicating a negative emotional attribution toward the subject (janine). the tone is informal, casual, and slightly sarcastic, which"
conv_135,Phoebe,Speaker 1,"(-1 Turn: Speaker 1: Dude, it's Chandler. Let me in.) (Target Turn: Speaker 2: Well, I heard that you thinking about asking Phoebe to move in with you and I thought maybe, we should have a talk. Man to uh, me.) (+1 Turn: Speaker 2: Well, I heard that you thinking about asking Phoebe to move in with you and I thought maybe, we should have a talk. Man to uh, me.)",positive,0.9,"the speaker uses language of concern, empathy, or understanding, indicating a positive social bond and positive emotional attribution toward the target. the speaker is showing interest in the subject'"
conv_313,Speaker 1,Mark,"(-1 Turn: Speaker 1: Oh, way, way better than Mindy.) (Target Turn: Speaker 1: That guy Mark. From Bloomingdale's... She thinks he's just being nice to her. But I know he really wants to sleep with her.) (+1 Turn: Speaker 1: Oh, way, way better than Mindy.)",negative,0.8,"the speaker is expressing skepticism and possibly even jealousy towards mark's intentions towards the subject. the use of the phrase ""just being nice to her"" implies that the speaker believes mark's a"
conv_31,Victor,Adrienne,"(-1 Turn: Speaker 1: Happy?! Is that what I'm supposed to be Vic? Happy?) (Target Turn: Speaker 1: Well, I don't understand why Adrienne's attracted to Victor.) (+1 Turn: Speaker 1: Well, I don't understand why Adrienne's attracted to Victor.)",neutral,0.8,"the speaker expresses confusion or skepticism about the attraction between adrienne and victor, indicating a neutral or potentially negative emotional attribution."
conv_1,Albert Wintermeyer,Speaker 2,"(-1 Turn: Speaker 1: Ooh... so sad... Still, it can't be easy for you to leave Harvard? Especially after working alongside a Nobel Prize winner like Albert Wintermeyer?) (Target Turn: Speaker 1: Ooh... so sad... Still, it can't be easy for you to leave Harvard? Especially after working alongside a Nobel Prize winner like Albert Wintermeyer?) (+1 Turn: Speaker 1: Ooh... so sad... Still, it can't be easy for you to leave Harvard? Especially after working alongside a Nobel Prize winner like Albert Wintermeyer?)",positive,0.9,"the speaker uses language of empathy and understanding, indicating a positive emotional attribution toward the target. the tone is sympathetic and acknowledges the difficulty of leaving a prestigious"
conv_622,Speaker 3,G.Stephanopoulos,"(-1 Turn: Speaker 1: Wait, you're not 'G.Stephanopoulos?' Man, my dad's gonna kill me!) (Target Turn: Speaker 3: Wait! Did you say 'G.Stephanopoulos?') (+1 Turn: Speaker 3: Wait! Did you say 'G.Stephanopoulos?')",neutral,0.8,"the speaker uses language of surprise, inquiry, or curiosity, indicating a neutral emotional attribution toward the target."
conv_298,Chandler,Mr. Chandler,(-1 Turn: Speaker 2: More turkey Mr. Chandler?) (Target Turn: Speaker 2: More turkey Mr. Chandler?) (+1 Turn: Speaker 2: More turkey Mr. Chandler?),positive,0.8,"the speaker uses a formal address (""mr."") and a name (""chandler""), indicating a level of familiarity and respect. the request for ""more turkey"" is a neutral topic, and the tone is polite."
conv_17,Speaker 2,Tag,(-1 Turn: Speaker 1: I’m the lead in Mac and C.H.E.E.S.E.!!) (Target Turn: Speaker 1: No way! No way! You just broke with Tag a week ago.) (+1 Turn: N/A),negative,0.9,"the speaker uses language of conflict, rejection, or hostile intent, indicating a negative emotional attribution between the parties."
conv_192,Joey,Speaker 1,"(-1 Turn: Speaker 3: Oh my god. You're on Days of Our Lives.) (Target Turn: Speaker 1: Joey is a great guy, but we're just... so different! I mean, during your speech he kept laughing at homo erectus!) (+1 Turn: Speaker 1: Joey is a great guy, but we're just... so different! I mean, during your speech he kept laughing at homo erectus!)",negative,0.8,"the speaker expresses a sense of disconnection or incompatibility with joey, using phrases like ""we're just... so different"" and ""kept laughing at homo erectus"", which implies a lack of shared values"
conv_217,Speaker 1,Joey,(-1 Turn: Speaker 2: Of course! Joey wouldn’t let you have one?) (Target Turn: Speaker 2: Of course! Joey wouldn’t let you have one?) (+1 Turn: Speaker 2: Of course! Joey wouldn’t let you have one?),positive,0.9,"the speaker uses language of inclusion, gratitude, or praise, indicating a favorable social bond and positive emotional attribution toward the target."
conv_319,Speaker 4,Knicks,"(-1 Turn: Speaker 1: No, not that one. We're trying to figure out who to bring to the Knicks game tonight, we have an extra ticket.) (Target Turn: Speaker 1: No, not that one. We're trying to figure out who to bring to the Knicks game tonight, we have an extra ticket.) (+1 Turn: Speaker 1: No, not that one. We're trying to figure out who to bring to the Knicks game tonight, we have an extra ticket.)",neutral,0.8,"the speaker is discussing a social event and asking for input on who to bring, indicating a neutral or task-oriented interaction."
conv_295,Speaker 1,Pottery Barn,(-1 Turn: Speaker 2: Well why not?! She’ll-she’ll love it! It’s the real thing! I got it at Pottery Barn.) (Target Turn: Speaker 1: Because she hates Pottery Barn.) (+1 Turn: Speaker 1: Because she hates Pottery Barn.),neutral,0.9,"the speaker mentions a specific reason for someone's dislike, which is a neutral statement. the tone is informative, not emotional."
conv_71,Mona,Ross,"(-1 Turn: Speaker 2: Yeah-yeah, and if I get it by day I’ll Dr. Drake Remoray, but by night I’ll be Joey Trrrribbiani!) (Target Turn: Speaker 2: Poor Ross.) (+1 Turn: Speaker 2: Poor Ross.)",positive,0.9,"the speaker uses language of sympathy, pity, or concern, indicating a favorable social bond and positive emotional attribution toward the target."
conv_80,Speaker 2,Caitlin,(-1 Turn: Speaker 4: Sounds like somebody wants to be Mr. Pizza Delivery Girl.) (Target Turn: Speaker 1: Is that what this is about? You like Caitlin?) (+1 Turn: Speaker 1: Is that what this is about? You like Caitlin?),positive,0.8,"the speaker is asking a question about the subject's feelings towards caitlin, which implies a level of emotional investment and interest in the subject's emotional state. this suggests a positive emo"
conv_368,Mike,Speaker 1,"(-1 Turn: Speaker 2: Wow, isn't it ironic that David would show up on the same day that you and Mike exchange keys?) (Target Turn: Speaker 2: Wow, isn't it ironic that David would show up on the same day that you and Mike exchange keys?) (+1 Turn: Speaker 2: Wow, isn't it ironic that David would show up on the same day that you and Mike exchange keys?)",negative,0.8,"the speaker uses language of irony, which can be interpreted as a form of social commentary or critique. this may indicate a negative emotional attribution toward the target, as the speaker is highlig"
conv_1042,Speaker 1,Carol,"(-1 Turn: Speaker 1: The first time! No seriously, imagine if Carol hadn’t realized she was a lesbian.) (Target Turn: Speaker 3: Hey, imagine if I never got fired off Days Of Our Lives! Oh-hey, there’s Carol again!) (+1 Turn: Speaker 3: Hey, imagine if I never got fired off Days Of Our Lives! Oh-hey, there’s Carol again!)",positive,0.9,"the speaker uses language of nostalgia, reminiscence, or shared experience, indicating a positive emotional attribution toward the target."
conv_833,Speaker 2,Monica,"(-1 Turn: Speaker 1: What’s going on Bing? Does uh, your wife have a problem with me or something?) (Target Turn: Speaker 2: Because uh…we-we…we split up. Monica and I split up. Hold me.) (+1 Turn: Speaker 2: Because uh…we-we…we split up. Monica and I split up. Hold me.)",negative,0.9,"the speaker uses language of vulnerability, intimacy, and emotional appeal, indicating a strong emotional bond and a negative emotional attribution toward the target."
conv_701,Emma,Speaker 1,"(-1 Turn: Speaker 2: Wait, this is important! Can Ella wait?) (Target Turn: Speaker 1: Ehm... Her name is Emma.) (+1 Turn: Speaker 1: Ehm... Her name is Emma.)",neutral,0.9,"the speaker is providing information about a person, emma, without any emotional tone or interpersonal sentiment. the sentence lacks specific emotional charge or social interaction."
conv_174,Speaker 2,Kash,"(-1 Turn: Speaker 2: Oh, well this morning he got a call from who I think was our cousin Nathan, and frankly, it was a little more than I needed to know.) (Target Turn: Speaker 2: Okay Joey, first of all Kash Ford is not people. Second of all, what did he say when you told him I was pregnant?) (+1 Turn: Speaker 2: Okay Joey, first of all Kash Ford is not people. Second of all, what did he say when you told him I was pregnant?)",negative,0.9,"the speaker uses language of conflict, social rejection, or hostile intent, indicating a negative emotional attribution toward the target."
conv_294,Denise,Speaker 2,"(-1 Turn: Speaker 2: I’m not trying to pull anything. Look I love you dude.) (Target Turn: Speaker 2: Well, that would be great but then what do we do about Denise?) (+1 Turn: Speaker 2: Well, that would be great but then what do we do about Denise?)",neutral,0.8,"the speaker is asking about denise, indicating a neutral or task-oriented conversation. the tone is not explicitly positive or negative, but the speaker is seeking information, which suggests a neutra"
conv_333,Speaker 1,Ross,"(-1 Turn: Speaker 2: We have too! I mean what if Ross's hears that and then calls her back and then they get back together? Is that what you want? Ross back with that controlling, neurotic, crazy Emily? The Emily that wouldn't let him see you?) (Target Turn: Speaker 3: Noo! Oh no! No! God no! He should not get back together with her. I know that! You know that! Even Ross knows that! But that still doesn’t give us the right to erase his message!) (+1 Turn: Speaker 3: Look, c'mon, please? It's not like I'm asking for some crazy favour. This is what I do for a living. I am a professional actor! Oh, man, I'm two hours late for work! Look, here's a copy of my reels. It's got all the commercials that I've been in.)",negative,0.95,"the speaker expresses strong emotions (shock, disapproval) and uses language of urgency and emphasis, indicating a strong negative emotional attribution toward the subject (ross getting back together"
conv_205,Speaker 3,little boy,"(-1 Turn: Speaker 2: Shh! Doogie, shh! Doesn't anybody understand that I'm gonna be having babies soon? Huh? Go! Go little boy, go!) (Target Turn: Speaker 2: Shh! Doogie, shh! Doesn't anybody understand that I'm gonna be having babies soon? Huh? Go! Go little boy, go!) (+1 Turn: Speaker 2: Shh! Doogie, shh! Doesn't anybody understand that I'm gonna be having babies soon? Huh? Go! Go little boy, go!)",negative,0.9,"the speaker uses language of urgency, frustration, and emotional appeal, indicating a negative emotional attribution toward the target. the speaker is expressing a sense of desperation and anxiety abo"
conv_287,Richard,Speaker 2,"(-1 Turn: N/A) (Target Turn: Speaker 2: Richard's living room, drinking wine.) (+1 Turn: Speaker 3: Yeah, I'm an actor.)",neutral,0.8,"the speaker is describing a scene where they are in richard's living room, drinking wine, which implies a social setting and a sense of relaxation. the tone is neutral, without any apparent conflict o"
conv_615,Phoebe,Speaker 1,"(-1 Turn: Speaker 1: Well then, I didn't need to bother you or the four other Mike Hanagens I bothered.) (Target Turn: Speaker 2: Hey wait wait wait wait! Is that true what you said? Phoebe's never had a serious relationship?) (+1 Turn: Speaker 2: Hey wait wait wait wait! Is that true what you said? Phoebe's never had a serious relationship?)",neutral,0.8,"the speaker uses language of inquiry, curiosity, or surprise, indicating a neutral emotional attribution toward the target. the tone is more observational than confrontational."
conv_345,Speaker 1,Ross,"(-1 Turn: Speaker 2: OK, you've got to promise that you'll never, ever tell Ross that I told you.) (Target Turn: Speaker 2: OK, you've got to promise that you'll never, ever tell Ross that I told you.) (+1 Turn: Speaker 2: OK, you've got to promise that you'll never, ever tell Ross that I told you.)",positive,0.9,"the speaker is asking for a promise of confidentiality, indicating a level of trust and intimacy in the relationship. the speaker is also showing vulnerability by sharing a secret, which suggests a st"
conv_1057,Speaker 1,Dina,"(-1 Turn: Speaker 2: No, forget it! No way! I am not sending anymore Ralph Lauren clothes to prison. It is a waste.) (Target Turn: Speaker 1: No-no-no-no-no-no, not her, not her. My youngest sister, Dina, she’s really interested in fashion, and she wants to talk to someone successful, y’know, to give her some advice.) (+1 Turn: Speaker 1: No-no-no-no-no-no, not her, not her. My youngest sister, Dina, she’s really interested in fashion, and she wants to talk to someone successful, y’know, to give her some advice.)",positive,0.9,"the speaker is expressing a desire to help their sister, dina, and is seeking advice from someone successful. this indicates a positive emotional attribution towards their sister and a desire to suppo"
conv_968,Monica,Chandler,"(-1 Turn: Speaker 2: That’s ridiculous Rachel, we were all babies once. Oh, you mean today.) (Target Turn: Speaker 1: Yeah. Yeah, and y’know you-you deserve to win. And-and y’know I was thinking about it, if-if you’re Monica’s maid of honor that means I get to be yours.) (+1 Turn: Speaker 1: Yeah. Yeah, and y’know you-you deserve to win. And-and y’know I was thinking about it, if-if you’re Monica’s maid of honor that means I get to be yours.)",positive,0.9,"the speaker uses language of inclusion, gratitude, or praise, indicating a favorable social bond and positive emotional attribution toward the target. the speaker also expresses a desire to reciprocat"
conv_309,Speaker 2,Julie,"(-1 Turn: Speaker 1: What? Ross and Charlie? Wow! She's really making her way through the group, huh? Ah, who am I to talk?) (Target Turn: Speaker 2: I uh, I just got back from uh, from Julie's.) (+1 Turn: Speaker 2: I uh, I just got back from uh, from Julie's.)",neutral,0.8,"the speaker's tone is uncertain and hesitant, indicating a lack of emotional charge or interpersonal sentiment. the sentence lacks specific emotional attribution between the subject and object."
conv_200,Speaker 2,Pottery Barn,(-1 Turn: Speaker 2: Richard? I'm not gonna go see your ex-boyfriend!) (Target Turn: Speaker 3: You got it from Pottery Barn?!) (+1 Turn: Speaker 2: Richard? I'm not gonna go see your ex-boyfriend!),neutral,0.9,"the dialogue lacks specific emotional charge or interpersonal sentiment, and the language used is neutral and task-oriented. the speaker is simply asking a question about the origin of an item."
conv_10,Judy,Speaker 7,(-1 Turn: Speaker 2: And that's Judy over there at the bar with Emma?) (Target Turn: Speaker 2: And that's Judy over there at the bar with Emma?) (+1 Turn: Speaker 2: And that's Judy over there at the bar with Emma?),neutral,0.8,"the speaker is pointing out someone, judy, at the bar with emma, indicating a neutral or observational tone."
conv_889,Speaker 3,Amanda,"(-1 Turn: Speaker 3: You know what Amanda said to me when she got me on the phone? ""Oh, so sorry to catch you on your Mo-Bile!"" If-if you don't wanna get me on my mo-Bile, don't call me on my mo-Bile!"") (Target Turn: Speaker 3: You know what Amanda said to me when she got me on the phone? ""Oh, so sorry to catch you on your Mo-Bile!"" If-if you don't wanna get me on my mo-Bile, don't call me on my mo-Bile!"") (+1 Turn: Speaker 3: You know what Amanda said to me when she got me on the phone? ""Oh, so sorry to catch you on your Mo-Bile!"" If-if you don't wanna get me on my mo-Bile, don't call me on my mo-Bile!"")",negative,0.9,"the speaker uses language of frustration, annoyance, or sarcasm, indicating a negative emotional attribution toward the target."
conv_146,Drake,Olivia,(-1 Turn: Speaker 1: What... how is it going with Drake?) (Target Turn: Speaker 1: What... how is it going with Drake?) (+1 Turn: Speaker 1: What... how is it going with Drake?),neutral,0.8,"the speaker's tone is neutral, and the sentence lacks specific emotional charge or interpersonal sentiment, indicating a neutral attribution."
conv_327,Speaker 2,Chandler,(-1 Turn: N/A) (Target Turn: Speaker 2: I’m sending back all this stuff that Chandler bought out of guilt.) (+1 Turn: Speaker 2: I’m sending back all this stuff that Chandler bought out of guilt.),negative,0.9,"the speaker uses language of criticism, blame, or disapproval, indicating a negative emotional attribution toward the target."
conv_323,Speaker 4,Knicks,"(-1 Turn: Speaker 3: And the Knicks rule all.) (Target Turn: Speaker 4: Yeah, the Knicks rule all!) (+1 Turn: Speaker 4: Yeah, the Knicks rule all!)",positive,0.9,"the speaker uses language of enthusiasm, excitement, or admiration, indicating a positive emotional attribution toward the subject (knicks)."
conv_185,Julie,Speaker 1,"(-1 Turn: Speaker 1: Well, then, I think, I think the guy is scum. I hate him. I physically hate him. I always have. You are way too good to be with a guy like that. You deserve to be with someone who appreciates you, and who gets how funny and sweet and amazing, and adorable, and sexy you are, you know? Someone who wakes up every morning thinking ""Oh my god, I'm with Rachel"". You know, someone who makes you feel good, the way I am with Julie. Was there a second of all?) (Target Turn: Speaker 1: Well, then, I think, I think the guy is scum. I hate him. I physically hate him. I always have. You are way too good to be with a guy like that. You deserve to be with someone who appreciates you, and who gets how funny and sweet and amazing, and adorable, and sexy you are, you know? Someone who wakes up every morning thinking ""Oh my god, I'm with Rachel"". You know, someone who makes you feel good, the way I am with Julie. Was there a second of all?) (+1 Turn: Speaker 1: Well, then, I think, I think the guy is scum. I hate him. I physically hate him. I always have. You are way too good to be with a guy like that. You deserve to be with someone who appreciates you, and who gets how funny and sweet and amazing, and adorable, and sexy you are, you know? Someone who wakes up every morning thinking ""Oh my god, I'm with Rachel"". You know, someone who makes you feel good, the way I am with Julie. Was there a second of all?)",negative,0.95,"the speaker uses strong negative language (""scum"", ""hate"", ""physically hate"") to describe the target, indicating a strong negative emotional attribution."
conv_656,Phoebe,Speaker 2,"(-1 Turn: Speaker 2: Phoebe is going to say ""Yes"" to David. See, that's what happens when you meddle in people's lives!) (Target Turn: Speaker 2: Phoebe is going to say ""Yes"" to David. See, that's what happens when you meddle in people's lives!) (+1 Turn: Speaker 2: Phoebe is going to say ""Yes"" to David. See, that's what happens when you meddle in people's lives!)",negative,0.8,"the speaker's statement implies a sense of control, manipulation, and possibly even criticism towards phoebe, indicating a negative emotional attribution towards her. the tone is somewhat condescendin"
conv_3,Phoebe,Mike,"(-1 Turn: N/A) (Target Turn: Speaker 1: I just finished getting Phoebe all dressed to meet Mike's parents. She's so nervous, it's so sweet!) (+1 Turn: Speaker 1: I just finished getting Phoebe all dressed to meet Mike's parents. She's so nervous, it's so sweet!)",positive,0.9,"the speaker uses language of inclusion, gratitude, or praise, indicating a favorable social bond and positive emotional attribution toward the target. the speaker describes phoebe's nervousness as ""so"
conv_323,Speaker 2,Joshua,"(-1 Turn: Speaker 2: Or I’ll give them to my new boyfriend, Joshua.) (Target Turn: Speaker 2: Or I’ll give them to my new boyfriend, Joshua.) (+1 Turn: Speaker 2: Or I’ll give them to my new boyfriend, Joshua.)",negative,0.8,"the speaker mentions a new boyfriend, which implies a shift in emotional attachment or interest away from the original subject. this could be seen as a negative emotional attribution."
conv_588,Speaker 2,Monica,"(-1 Turn: Speaker 1: Umm, Chandler, you do realize that those ideas are probably already in Monica's head.) (Target Turn: Speaker 1: Umm, Chandler, you do realize that those ideas are probably already in Monica's head.) (+1 Turn: Speaker 1: Umm, Chandler, you do realize that those ideas are probably already in Monica's head.)",neutral,0.8,"the speaker uses language of caution, concern, or warning, indicating a neutral emotional attribution toward the target. the tone is more informative than emotional."
conv_344,Speaker 1,Monica,"(-1 Turn: Speaker 1: No, I don’t want to tell anybody else because I don’t want Monica to find out.) (Target Turn: Speaker 1: No, I don’t want to tell anybody else because I don’t want Monica to find out.) (+1 Turn: Speaker 1: Everything is upside down here! It rains all day long, nobody watches tv and Ross is famous!)",negative,0.8,"the speaker is hesitant to share information, possibly due to fear of negative consequences or social repercussions. this implies a negative emotional attribution toward the target, monica."
conv_252,Speaker 1,Janice,"(-1 Turn: N/A) (Target Turn: Speaker 1: You know, I may be way out on a limb here, but do you, do you, have a problem with Janice?) (+1 Turn: Speaker 1: You know, I may be way out on a limb here, but do you, do you, have a problem with Janice?)",neutral,0.8,"the speaker uses language of inquiry, curiosity, or tentative suggestion, indicating a neutral or exploratory tone. the mention of janice may be a sensitive topic, but the speaker's tone is not overtl"
conv_32,Ginger,Pepper,(-1 Turn: Speaker 2: Oh my God!! You threw Pepper on the fire!) (Target Turn: Speaker 2: Oh my God!! You threw Pepper on the fire!) (+1 Turn: Speaker 2: Oh my God!! You threw Pepper on the fire!),negative,0.8,"the speaker's reaction is one of shock and surprise, indicating a strong emotional response. the use of ""oh my god!!"" is an exclamation of surprise and possibly even alarm. the fact that the speaker i"
conv_622,G.Stephanopoulos,Big Bird,(-1 Turn: Speaker 3: Wait! Did you say 'G.Stephanopoulos?') (Target Turn: Speaker 3: Wait! Did you say 'G.Stephanopoulos?') (+1 Turn: Speaker 3: Wait! Did you say 'G.Stephanopoulos?'),neutral,0.7,"the speaker seems to be surprised or even shocked by the mention of stephanopoulos, which could indicate a negative emotional attribution. however, the tone is more curious than hostile, suggesting a"
conv_174,Nathan,Andr,"(-1 Turn: Speaker 1: Oh you know uh Kash, really liked you the other day. He said he thought you were charming.) (Target Turn: Speaker 2: Oh, well this morning he got a call from who I think was our cousin Nathan, and frankly, it was a little more than I needed to know.) (+1 Turn: Speaker 2: Oh, well this morning he got a call from who I think was our cousin Nathan, and frankly, it was a little more than I needed to know.)",negative,0.7,"the speaker's tone is somewhat negative, as they mention ""a little more than i needed to know"", which implies a sense of discomfort or annoyance. additionally, the speaker's use of ""frankly"" suggests"
conv_157,Speaker 1,Lennart Haze,(-1 Turn: Speaker 2: I’m sorry daddy.) (Target Turn: Speaker 1: With Lennart Haze?) (+1 Turn: Speaker 1: With Lennart Haze?),neutral,0.9,"the dialogue lacks specific emotional charge or interpersonal sentiment, and the speaker's tone is neutral. the sentence appears to be a simple statement of fact, without any emotional connotation."
conv_309,Ross,Speaker 3,"(-1 Turn: Speaker 3: Not until you said it. Somebody switch! Wait a minute... Ross and Charlie, Joey and Rachel, Phoebe and Mike! We're the only people leaving with the same person we came with.) (Target Turn: Speaker 3: Not until you said it. Somebody switch! Wait a minute... Ross and Charlie, Joey and Rachel, Phoebe and Mike! We're the only people leaving with the same person we came with.) (+1 Turn: Speaker 3: Not until you said it. Somebody switch! Wait a minute... Ross and Charlie, Joey and Rachel, Phoebe and Mike! We're the only people leaving with the same person we came with.)",positive,0.9,"the speaker is listing the couples who are leaving with the same person they came with, indicating a sense of unity, togetherness, and possibly even romantic love. this suggests a positive emotional a"
conv_552,Speaker 5,Tommy,(-1 Turn: Speaker 5: Hi Ben!) (Target Turn: Speaker 3: Okay! Hey Tommy.) (+1 Turn: Speaker 3: Okay! Hey Tommy.),positive,0.9,"the speaker uses a friendly and casual tone, addressing tommy by name, indicating a positive social bond and emotional attribution."
conv_170,Ethel,Speaker 2,"(-1 Turn: Speaker 2: Yeah, did she sound happy about it? 'Cause my friend Ethel's baby was born with a teeny, tiny beard.) (Target Turn: Speaker 2: Yeah, did she sound happy about it? 'Cause my friend Ethel's baby was born with a teeny, tiny beard.) (+1 Turn: Speaker 2: Yeah, did she sound happy about it? 'Cause my friend Ethel's baby was born with a teeny, tiny beard.)",positive,0.8,"the speaker is asking about someone's emotional state, specifically whether they sounded happy, which implies a concern for the person's well-being. the mention of a friend's baby with a beard is an u"
conv_342,Richard,Monica,"(-1 Turn: Speaker 2: It’s kind of embarrassing, y’know. I mean, I was an actor and now I’m a waiter. It’s supposed to go in the other direction.) (Target Turn: Speaker 1: Richard told Monica he wants to marry her!) (+1 Turn: Speaker 1: Richard told Monica he wants to marry her!)",positive,0.9,"the speaker uses language of romantic commitment, indicating a strong positive emotional attribution toward the target."
conv_537,Ross,Speaker 1,"(-1 Turn: Speaker 3: Well sweetie, we have a surprise for you. We're turning your room into a gym.) (Target Turn: Speaker 1: Wow, that is a surprise. Just one little question, uh, why not Ross's room?) (+1 Turn: Speaker 1: Wow, that is a surprise. Just one little question, uh, why not Ross's room?)",neutral,0.8,"the speaker expresses surprise and curiosity, indicating a neutral emotional attribution. the speaker also asks a question, which is a neutral action."
conv_727,Emily,British,(-1 Turn: N/A) (Target Turn: Speaker 1: Where is Emily?) (+1 Turn: Speaker 1: Where is Emily?),neutral,0.8,"the dialogue is task-oriented, logistical, or observational. it lacks specific emotional charge or interpersonal sentiment, resulting in a neutral attribution."
conv_217,Speaker 1,Joey,(-1 Turn: Speaker 2: Of course! Joey wouldn’t let you have one?) (Target Turn: Speaker 2: Of course! Joey wouldn’t let you have one?) (+1 Turn: Speaker 2: Of course! Joey wouldn’t let you have one?),positive,0.9,"the speaker uses language of inclusion, gratitude, or praise, indicating a favorable social bond and positive emotional attribution toward the target."
conv_3,Speaker 2,Emma,"(-1 Turn: Speaker 1: I just finished getting Phoebe all dressed to meet Mike's parents. She's so nervous, it's so sweet!) (Target Turn: Speaker 2: Guess what? I made Emma laugh today.) (+1 Turn: Speaker 2: Guess what? I made Emma laugh today.)",positive,0.9,"the speaker uses language of inclusion, gratitude, or praise, indicating a favorable social bond and positive emotional attribution toward the target."
conv_608,Speaker 2,Althea,(-1 Turn: Speaker 2: Althea is correct.) (Target Turn: Speaker 2: Althea is correct.) (+1 Turn: Speaker 2: Althea is correct.),neutral,0.8,"the dialogue is task-oriented, logistical, or observational. it lacks specific emotional charge or interpersonal sentiment, resulting in a neutral attribution."
conv_3,Clark,Speaker 2,"(-1 Turn: Speaker 1: Good, so do it Saturday night because we’re going to dinner with her and Clark.) (Target Turn: Speaker 1: Good, so do it Saturday night because we’re going to dinner with her and Clark.) (+1 Turn: Speaker 1: Good, so do it Saturday night because we’re going to dinner with her and Clark.)",neutral,0.8,"the speaker is making a plan with someone, mentioning a social engagement with a third person (clark). this suggests a positive social bond and a neutral emotional attribution."
conv_354,Carol,Susan,"(-1 Turn: Speaker 3: Oh, so you’re already doing your part for the kids.) (Target Turn: Speaker 1: 'Cause Carol's a lesbian. And, and I'm not one. And apparently it's not a mix and match situation.) (+1 Turn: Speaker 1: 'Cause Carol's a lesbian. And, and I'm not one. And apparently it's not a mix and match situation.)",negative,0.9,"the speaker uses language of social exclusion, rejection, or hostile intent, indicating a negative emotional attribution toward the target."
conv_8,Speaker 1,Mitzi,"(-1 Turn: Speaker 1: Over here Jack. OK. I see, Rachel's coming up the path. Oh doesn't she look pretty. Jack, get this.) (Target Turn: Speaker 1: Here Mitzi! Here Mitzi!) (+1 Turn: Speaker 1: Over here Jack. OK. I see, Rachel's coming up the path. Oh doesn't she look pretty. Jack, get this.)",positive,0.9,"the speaker uses a familiar and affectionate tone, addressing the target by name, indicating a positive emotional attribution."
conv_171,Speaker 5,puppy,"(-1 Turn: Speaker 2: Oh, I-I gave them the puppy and it made them so happy that I decided I’m gonna carry their baby.) (Target Turn: Speaker 5: Oh, I-I-I understand all that, but it’s just—that was my puppy.) (+1 Turn: Speaker 5: Oh, I-I-I understand all that, but it’s just—that was my puppy.)",positive,0.9,"the speaker expresses a strong emotional attachment to the puppy, indicating a positive emotional attribution toward the object (puppy). the use of the word ""my"" emphasizes the speaker's ownership and"
conv_189,Phoebe,Speaker 2,"(-1 Turn: Speaker 1: That chick can't handle my corner.) (Target Turn: Speaker 2: No, I-I live with Phoebe. I mean you’re alone, alone. And I just-it’s just not the time for us. I’m sorry.) (+1 Turn: Speaker 2: No, I-I live with Phoebe. I mean you’re alone, alone. And I just-it’s just not the time for us. I’m sorry.)",negative,0.9,"the speaker uses language of rejection, apology, and self-acknowledgment, indicating a negative emotional attribution toward the target. the speaker is expressing regret and disappointment, which are"
conv_912,Speaker 2,Ernie Cofax,"(-1 Turn: N/A) (Target Turn: Speaker 2: I'm sorry, it's just this Ernie Cofax thing on in a few minutes I wanted to watch.) (+1 Turn: Speaker 2: I'm sorry, it's just this Ernie Cofax thing on in a few minutes I wanted to watch.)",neutral,0.8,"the speaker is apologizing for interrupting or changing plans, indicating a neutral or potentially negative emotional attribution. the mention of a tv show or event (""ernie cofax thing"") suggests a ne"
conv_679,Charlie,Joey,(-1 Turn: Speaker 2: He's probably in his room with his current girlfriend Charlie. That's the situation as we know it...) (Target Turn: Speaker 2: He's probably in his room with his current girlfriend Charlie. That's the situation as we know it...) (+1 Turn: N/A),neutral,0.9,"the speaker is discussing a situation involving a person (speaker 1) and their romantic partner (charlie). the speaker's tone is neutral, as they are simply stating the situation as they know it. ther"
conv_135,Speaker 3,Roger,(-1 Turn: Speaker 1: Roger wants to take her out tomorrow night.) (Target Turn: Speaker 1: Roger wants to take her out tomorrow night.) (+1 Turn: Speaker 1: Roger wants to take her out tomorrow night.),neutral,0.8,"the speaker uses a formal tone and mentions a specific person (roger) and a specific action (taking someone out), indicating a neutral or task-oriented interaction."
conv_390,Speaker 3,Dr. Gettleman,(-1 Turn: Speaker 2: Are you serious? You still see Dr. Gettleman?) (Target Turn: Speaker 2: Are you serious? You still see Dr. Gettleman?) (+1 Turn: Speaker 2: Are you serious? You still see Dr. Gettleman?),negative,0.8,"the speaker's tone and language convey shock, disbelief, and possibly even anger, indicating a negative emotional attribution between the parties."
conv_313,Mindy,Speaker 1,"(-1 Turn: Speaker 2: Oh, I don't wanna choose! It's. Oh okay, wait. Rach! Listen I have a very special bridesmaid task for you today.) (Target Turn: Speaker 2: No, not that, I mean, what about you and Mindy?) (+1 Turn: Speaker 2: No, not that, I mean, what about you and Mindy?)",neutral,0.9,"the speaker is asking about the relationship between the subject (speaker 2) and the object (mindy). the tone is inquiring and neutral, without any apparent emotional charge or interpersonal sentiment"
conv_176,Monica,Speaker 3,"(-1 Turn: Speaker 1: ...And so then I realized. All this stuff I had been doing. proposing to Joshua, lying to Ross about why I couldn’t come to the wedding. Was all just a way of...) (Target Turn: Speaker 1: Look, what am I gonna do? I'm not flirting but still, I'm drawing her to me like - like a moth to a flame! What the hell's going on over here?!?!? Monica's gonna kill you! Look I need your help, I have to do something to-to repel this woman! Wait a minute, wait a minute, you guys repel women all the time.) (+1 Turn: Speaker 1: ...And so then I realized. All this stuff I had been doing. proposing to Joshua, lying to Ross about why I couldn’t come to the wedding. Was all just a way of...)",negative,0.8,"the speaker expresses frustration, confusion, and a sense of being overwhelmed, indicating a negative emotional attribution toward the target. the speaker also uses language of self-doubt and vulnerab"
conv_1042,Speaker 1,Carol,"(-1 Turn: Speaker 1: The first time! No seriously, imagine if Carol hadn’t realized she was a lesbian.) (Target Turn: Speaker 3: Hey, imagine if I never got fired off Days Of Our Lives! Oh-hey, there’s Carol again!) (+1 Turn: Speaker 3: Hey, imagine if I never got fired off Days Of Our Lives! Oh-hey, there’s Carol again!)",positive,0.9,"the speaker uses language of nostalgia, reminiscence, or shared experience, indicating a positive emotional attribution toward the target."
conv_332,Phoebe,Speaker 1,"(-1 Turn: Speaker 1: Thank you. Come meet my friends. This is uh, Phoebe.) (Target Turn: Speaker 1: Thank you. Come meet my friends. This is uh, Phoebe.) (+1 Turn: Speaker 1: Thank you. Come meet my friends. This is uh, Phoebe.)",positive,0.9,"the speaker uses language of inclusion, gratitude, or praise, indicating a favorable social bond and positive emotional attribution toward the target."
conv_655,Speaker 2,Central Perk,"(-1 Turn: Speaker 2: Terry's a jerk, and he won't let me work, and I hate Central Perk!) (Target Turn: Speaker 2: Terry's a jerk, and he won't let me work, and I hate Central Perk!) (+1 Turn: Speaker 2: Terry's a jerk, and he won't let me work, and I hate Central Perk!)",negative,0.9,"the speaker uses language of criticism, rejection, or hostility, indicating a negative emotional attribution toward the target."
conv_714,Speaker 2,Fun Bobby,"(-1 Turn: N/A) (Target Turn: Speaker 2: I'm sorry, okay. It's just that Chandler has somebody, and Phoebe has somebody- I thought I'd ask Fun Bobby.) (+1 Turn: Speaker 2: I'm sorry, okay. It's just that Chandler has somebody, and Phoebe has somebody- I thought I'd ask Fun Bobby.)",positive,0.8,"the speaker expresses regret and apology, indicating a willingness to compromise and maintain a positive social bond. the mention of chandler and phoebe having someone else implies a sense of social c"
conv_252,Chandler,Speaker 1,"(-1 Turn: Speaker 2: Oh, no, no. Not Leslie. No, she's, she's the only one that knows how to burp the alphabet.) (Target Turn: Speaker 1: Alright, so that leaves Chandler.) (+1 Turn: Speaker 1: Alright, so that leaves Chandler.)",neutral,0.8,"the speaker is addressing a specific individual, chandler, indicating a focus on a particular person. this suggests a social bond and emotional attribution, but the tone is neutral, lacking emotional"
conv_1040,Joey,Kathy,"(-1 Turn: Speaker 1: Actually, this is for Kathy's birthday. It's an early edition of her favorite book.) (Target Turn: Speaker 1: Actually, this is for Kathy's birthday. It's an early edition of her favorite book.) (+1 Turn: Speaker 1: Actually, this is for Kathy's birthday. It's an early edition of her favorite book.)",positive,0.8,"the speaker is giving a gift to kathy, indicating a positive and friendly interaction. the tone is neutral and task-oriented, focusing on the gift rather than any emotional sentiment."
conv_276,Speaker 5,Kip,"(-1 Turn: Speaker 3: Okay, Ross is in the bathroom.) (Target Turn: Speaker 1: Oh my God, its happening. It's already started. I'm Kip.) (+1 Turn: Speaker 1: Oh my God, its happening. It's already started. I'm Kip.)",positive,0.9,"the speaker uses language of surprise, excitement, and self-introduction, indicating a positive emotional attribution toward the target."
conv_799,Speaker 1,Lewis Posin,"(-1 Turn: Speaker 1: You’re Lewis Posin.) (Target Turn: Speaker 1: Lewis Posin! He was my best friend in fifth grade, and-and then one day I asked him to be my boyfriend and he said no. Do you know why?) (+1 Turn: Speaker 1: Lewis Posin! He was my best friend in fifth grade, and-and then one day I asked him to be my boyfriend and he said no. Do you know why?)",negative,0.8,"the speaker shares a personal story about a past experience of rejection, which is a sensitive topic. the tone is introspective and emotional, indicating a sense of vulnerability. the speaker's emotio"
conv_83,Speaker 3,Rachel,"(-1 Turn: Speaker 1: Well, at least she had the chance to leave a man at the altar...) (Target Turn: Speaker 1: See my friend-my friend, Rachel, she wants to be set up.) (+1 Turn: Speaker 1: See my friend-my friend, Rachel, she wants to be set up.)",positive,0.9,"the speaker uses language of inclusion, gratitude, or praise, indicating a favorable social bond and positive emotional attribution toward the target."
conv_197,Richard,Speaker 2,"(-1 Turn: N/A) (Target Turn: Speaker 2: Okay, you can not tell Chandler. Okay? That I ran into Richard.) (+1 Turn: Speaker 2: Okay, you can not tell Chandler. Okay? That I ran into Richard.)",positive,0.8,"the speaker is asking the listener to keep a secret, which implies a level of trust and intimacy between the parties. the speaker is also asking the listener to keep the information from chandler, whi"
conv_870,Speaker 2,Ross,"(-1 Turn: Speaker 2: No honey, okay, okay, you wanna know why Ross canceled the date? Because I asked him to.) (Target Turn: Speaker 2: No honey, okay, okay, you wanna know why Ross canceled the date? Because I asked him to.) (+1 Turn: Speaker 2: No honey, okay, okay, you wanna know why Ross canceled the date? Because I asked him to.)",negative,0.9,"the interaction contains elements of conflict, social rejection, or hostile intent, establishing a negative emotional attribution between the parties."
conv_678,Speaker 2,Rachel,(-1 Turn: Speaker 1: How could you not tell Mona that Rachel is living with you?) (Target Turn: Speaker 1: How could you not tell Mona that Rachel is living with you?) (+1 Turn: Speaker 1: How could you not tell Mona that Rachel is living with you?),negative,0.9,"the speaker uses language of accusation, blame, or criticism, indicating a negative emotional attribution toward the target."
conv_701,Emma,Speaker 4,"(-1 Turn: Speaker 2: Wait, this is important! Can Ella wait?) (Target Turn: Speaker 1: Ehm... Her name is Emma.) (+1 Turn: Speaker 1: Ehm... Her name is Emma.)",neutral,0.9,"the speaker is providing information about a person, emma, without any emotional tone or interpersonal sentiment. the sentence lacks specific emotional charge or social interaction."
conv_334,Speaker 1,Pete Carney,"(-1 Turn: Speaker 1: Ok, uh, Billy Dreskin, Pete Carney, Barry, and uh, oh, Paolo.) (Target Turn: Speaker 1: Ok, uh, Billy Dreskin, Pete Carney, Barry, and uh, oh, Paolo.) (+1 Turn: Speaker 1: Ok, uh, Billy Dreskin, Pete Carney, Barry, and uh, oh, Paolo.)",neutral,0.8,"the speaker is listing names, which lacks specific emotional charge or interpersonal sentiment, indicating a neutral attribution."
conv_974,Carol,Ben,(-1 Turn: Speaker 1: Well it turns out that Ben and Sting’s son do not get along.) (Target Turn: Speaker 1: Well it turns out that Ben and Sting’s son do not get along.) (+1 Turn: Speaker 1: Well it turns out that Ben and Sting’s son do not get along.),neutral,0.9,"the speaker mentions a specific event or situation, which is a neutral topic. there is no emotional language or tone used, and the speaker does not express a personal opinion or sentiment."
conv_91,Phoebe,Speaker 1,"(-1 Turn: Speaker 1: Aw, Mon...) (Target Turn: Speaker 3: So, Phoebe runs weird huh?) (+1 Turn: Speaker 3: So, Phoebe runs weird huh?)",neutral,0.8,"the speaker uses a neutral tone, making a statement about phoebe's behavior without expressing a clear emotional sentiment. the sentence lacks specific emotional charge or interpersonal sentiment, res"
conv_54,Joey,Ursula,"(-1 Turn: Speaker 2: okay, Pheebs, they’re gone.) (Target Turn: Speaker 1: Yeah. It’s just, you know, it’s this whole stupid Ursula thing, it’s...) (+1 Turn: Speaker 1: Sucker!)",negative,0.8,"the speaker uses language of frustration, annoyance, or disappointment, indicating a negative emotional attribution toward the subject ursula."
conv_299,Speaker 2,Pete Carney,"(-1 Turn: Speaker 2: Ok, ok, Roger was creepy, but he was nothing compared to Pete Carney.) (Target Turn: Speaker 1: Which one was Pete Carney?) (+1 Turn: Speaker 1: Which one was Pete Carney?)",neutral,0.9,"the speaker asks a question, which is a neutral and objective action. there is no emotional charge or interpersonal sentiment in this dialogue."
conv_458,Speaker 1,Ross,"(-1 Turn: Speaker 1: Dude, you should've gone out once and a while.) (Target Turn: Speaker 1: Come on, Chandler, Ross is our friend. He needs us right now, so why don't you be a grown up and come and watch some TV in the fort!) (+1 Turn: Speaker 1: Come on, Chandler, Ross is our friend. He needs us right now, so why don't you be a grown up and come and watch some TV in the fort!)",positive,0.9,"the speaker is using a persuasive tone, appealing to chandler's sense of responsibility and friendship, indicating a positive emotional attribution toward ross. the speaker is also using a gentle, enc"
conv_144,Emily,Speaker 2,(-1 Turn: Speaker 1: Emily Waltham.) (Target Turn: Speaker 1: Emily Waltham.) (+1 Turn: Speaker 1: Emily Waltham.),neutral,0.8,"the sentence lacks specific emotional charge or interpersonal sentiment, and the speaker's name is not accompanied by any emotional or evaluative language."
conv_847,Speaker 1,Monica,"(-1 Turn: Speaker 1: I know, it's the first time, we're leaving the baby and ... hey, I know how hard it is for you, but ... but Emma is gonna be fine. My mom is gonna be with her. She's great with kids.) (Target Turn: Speaker 2: What about Monica.) (+1 Turn: Speaker 2: What about Monica.)",neutral,0.7,"the speaker is asking about monica, which implies a level of interest or concern, but the context is unclear. without more information, it's difficult to determine the emotional attribution."
conv_312,Speaker 1,Emily,(-1 Turn: Speaker 3: You actually think that something can happen between Emily and Susan?) (Target Turn: Speaker 3: You actually think that something can happen between Emily and Susan?) (+1 Turn: Speaker 3: You actually think that something can happen between Emily and Susan?),neutral,0.9,"the speaker's tone is inquiring, and the language used is neutral, indicating a lack of emotional charge or interpersonal sentiment. the speaker is simply seeking information or clarification, which d"
conv_286,Uncle Lenny,Speaker 1,"(-1 Turn: Speaker 1: No! No! Not—I don’t mean I-I see her as a twelve-year-old girl! I mean I-I have a son, who’s umm six and I still think of him as a baby.) (Target Turn: Speaker 1: Yeah, tell that to my Uncle Lenny.) (+1 Turn: Speaker 1: Yeah, tell that to my Uncle Lenny.)",positive,0.8,"the speaker uses a family member (uncle lenny) as a reference, which implies a sense of familiarity and closeness. the tone is informal, and the speaker seems to be sharing a personal anecdote. this s"
conv_281,Speaker 4,Nate,"(-1 Turn: Speaker 4: Joey, you are not! You’re 31.) (Target Turn: Speaker 1: Sense the tone! No that kid Nate got it.) (+1 Turn: Speaker 1: Sense the tone! No that kid Nate got it.)",positive,0.9,"the speaker uses a playful tone and a sense of camaraderie, indicating a positive emotional attribution toward the target."
conv_594,Mrs. Tribbiani,Irish,"(-1 Turn: Speaker 2: Hello? Yeah, hi! Mrs. Tribbiani? Hi, this is Monica Geller. Yeah I’m just calling to say that Chandler and I uh, really hope you can make it to the wedding. Yeah, apparently a bunch of invitations that we sent weren’t delivered. Umm, I guess there was some screw up at the damn post office! T-Tell me about it! Yeah, yeah, the US Post Office? No, more like US lost office! What are they Irish?!) (Target Turn: Speaker 2: Hello? Yeah, hi! Mrs. Tribbiani? Hi, this is Monica Geller. Yeah I’m just calling to say that Chandler and I uh, really hope you can make it to the wedding. Yeah, apparently a bunch of invitations that we sent weren’t delivered. Umm, I guess there was some screw up at the damn post office! T-Tell me about it! Yeah, yeah, the US Post Office? No, more like US lost office! What are they Irish?!) (+1 Turn: Speaker 2: Hello? Yeah, hi! Mrs. Tribbiani? Hi, this is Monica Geller. Yeah I’m just calling to say that Chandler and I uh, really hope you can make it to the wedding. Yeah, apparently a bunch of invitations that we sent weren’t delivered. Umm, I guess there was some screw up at the damn post office! T-Tell me about it! Yeah, yeah, the US Post Office? No, more like US lost office! What are they Irish?!)",positive,0.9,"the speaker is making a friendly phone call to mrs. tribbiani, inviting her to a wedding. the tone is casual and playful, with a dash of humor. the speaker uses colloquial language and makes a lighthe"
conv_935,Speaker 3,Ursula,"(-1 Turn: N/A) (Target Turn: Speaker 3: Hi, it’s Eric. From the Halloween party, Ursula’s fiancée.) (+1 Turn: Speaker 3: Hi, it’s Eric. From the Halloween party, Ursula’s fiancée.)",neutral,0.9,"the speaker is introducing themselves and providing context about their relationship to ursula, indicating a neutral or observational tone. the sentence lacks emotional charge or interpersonal sentime"
conv_117,Speaker 2,Joey,"(-1 Turn: Speaker 2: Well, I actually had the weirdest conversation with Joey. He was talking about rules and right and wrong and…) (Target Turn: Speaker 1: I don’t know! Joey hasn’t had this much trouble getting out words since we saw him in Macbeth!) (+1 Turn: Speaker 1: I don’t know! Joey hasn’t had this much trouble getting out words since we saw him in Macbeth!)",negative,0.8,"the speaker uses language of frustration, confusion, or annoyance, indicating a negative emotional attribution toward the target."
conv_74,Joey,Speaker 3,"(-1 Turn: Speaker 2: So does-does Joey know you’re moving?) (Target Turn: Speaker 2: So does-does Joey know you’re moving?) (+1 Turn: Speaker 2: Chandler, this is not addressed to you. This is addressed to Mrs. Braverman downstairs. Thief.)",neutral,0.8,"the speaker is asking a question about someone's (joey's) knowledge of a significant event (moving), which implies a level of intimacy and shared experience. the tone is neutral, without any obvious e"
conv_645,Emma,Jill,(-1 Turn: N/A) (Target Turn: Speaker 1: Oh Emma. This is going to be your first Thanksgiving. What are you thankful for? Mommy's bobbies.) (+1 Turn: Speaker 1: Oh Emma. This is going to be your first Thanksgiving. What are you thankful for? Mommy's bobbies.),positive,0.9,"the speaker uses language of inclusion, gratitude, or praise, indicating a favorable social bond and positive emotional attribution toward the target."
conv_1040,Kathy,The Velveteen Rabbit,"(-1 Turn: Speaker 1: Phebes, it was your birthday, like, months ago.) (Target Turn: Speaker 1: Actually, this is for Kathy's birthday. It's an early edition of her favorite book.) (+1 Turn: Speaker 1: Actually, this is for Kathy's birthday. It's an early edition of her favorite book.)",positive,0.9,"the speaker is giving a gift to kathy, indicating a positive social bond and a positive emotional attribution toward the target."
conv_473,Chandler,Speaker 2,(-1 Turn: N/A) (Target Turn: Speaker 1: Listen...I need to know that what I'm about to ask you will never get back to Chandler.) (+1 Turn: Speaker 1: Listen...I need to know that what I'm about to ask you will never get back to Chandler.),positive,0.9,"the speaker is asking for confidentiality, which implies a level of trust and intimacy. the speaker is also addressing the listener directly, which suggests a personal connection. the tone is serious"
conv_43,Charlie,Speaker 1,(-1 Turn: Speaker 1: I have to break up with Charlie?) (Target Turn: Speaker 1: I have to break up with Charlie?) (+1 Turn: N/A),negative,0.9,"the speaker is initiating a breakup, which typically involves conflict, social rejection, or hostile intent, establishing a negative emotional attribution between the parties."
conv_323,Speaker 4,Knicks,(-1 Turn: Speaker 4: It’s the Knicks!) (Target Turn: Speaker 3: Screw the Knicks!) (+1 Turn: Speaker 3: Screw the Knicks!),negative,0.9,"the speaker uses a strong negative sentiment (""screw"") towards the object (""knicks""), indicating a negative emotional attribution."
conv_19,Ross,Speaker 2,"(-1 Turn: Speaker 2: Any one of the brilliant actresses nominated for this award tonight deserves to take it home. Unfortunately only one can. The nominees for Best Supporting Actress are from Passions Erin Goff. From One Life to Live Mary Loren Bishop, from All My Children Sarah Mchann, and from Days of Our Lives Jessica Ashley. And the winner is……Jessica Ashley from Days of Our Lives. Uh, unfortunately Jessica couldn’t be with us tonight so I’ll be accepting this award on her behalf. And I’m sure that Jessica would like to thank my parents who always believed in me. She’d also like to thank my friends, Chandler, Monica, Ross, Phoebe, and Rachel who’s sittin’ right there!) (Target Turn: Speaker 2: Any one of the brilliant actresses nominated for this award tonight deserves to take it home. Unfortunately only one can. The nominees for Best Supporting Actress are from Passions Erin Goff. From One Life to Live Mary Loren Bishop, from All My Children Sarah Mchann, and from Days of Our Lives Jessica Ashley. And the winner is……Jessica Ashley from Days of Our Lives. Uh, unfortunately Jessica couldn’t be with us tonight so I’ll be accepting this award on her behalf. And I’m sure that Jessica would like to thank my parents who always believed in me. She’d also like to thank my friends, Chandler, Monica, Ross, Phoebe, and Rachel who’s sittin’ right there!) (+1 Turn: Speaker 2: Any one of the brilliant actresses nominated for this award tonight deserves to take it home. Unfortunately only one can. The nominees for Best Supporting Actress are from Passions Erin Goff. From One Life to Live Mary Loren Bishop, from All My Children Sarah Mchann, and from Days of Our Lives Jessica Ashley. And the winner is……Jessica Ashley from Days of Our Lives. Uh, unfortunately Jessica couldn’t be with us tonight so I’ll be accepting this award on her behalf. And I’m sure that Jessica would like to thank my parents who always believed in me. She’d also like to thank my friends, Chandler, Monica, Ross, Phoebe, and Rachel who’s sittin’ right there!)",neutral,0.9,"the speaker is giving an award acceptance speech, using formal language and acknowledging the nominees. the tone is neutral and respectful, without any emotional charge or interpersonal sentiment."
conv_276,Speaker 5,Kip,"(-1 Turn: Speaker 4: Joey! I can’t believe you just did that!) (Target Turn: Speaker 3: Kip, my old roommate, y'know we all used to hang out together.) (+1 Turn: Speaker 4: Joey! I can’t believe you just did that!)",positive,0.9,"the speaker uses language of familiarity, shared experience, and nostalgia, indicating a positive social bond and positive emotional attribution toward the target."
conv_252,Speaker 2,Janice,"(-1 Turn: Speaker 1: Ooh, that girl that I hate, eww, drives me crazy, eww, eww, oh!) (Target Turn: Speaker 2: Look, I don't hate Janice, she's-she's just a lot to take, you know.) (+1 Turn: Speaker 2: Look, I don't hate Janice, she's-she's just a lot to take, you know.)",negative,0.9,"the speaker uses language of frustration, annoyance, or exasperation, indicating a negative emotional attribution toward the target."
conv_285,Phoebe,Mike,"(-1 Turn: Speaker 2: Ohh… Oh, that’s okay I hate when people come back to complement the chef. Like I have nothing better to do! So what’s up?) (Target Turn: Speaker 2: Oh that's so cute: Ross and Mike's first date. Is that going to be awkward? I mean, what are you guys going to talk about?) (+1 Turn: Speaker 2: Oh that's so cute: Ross and Mike's first date. Is that going to be awkward? I mean, what are you guys going to talk about?)",neutral,0.8,"the speaker uses language of social commentary, curiosity, or playful teasing, indicating a neutral emotional attribution toward the subject and object. the tone is lighthearted and non-confrontationa"
conv_1053,Speaker 2,Rachel,"(-1 Turn: N/A) (Target Turn: Speaker 1: So, how does Mona feel about you and Rachel living together?) (+1 Turn: Speaker 1: So, how does Mona feel about you and Rachel living together?)",neutral,0.8,"the speaker is asking about mona's feelings towards the subject (speaker 1) and object (rachel) living together, which implies a level of emotional investment and interest in the relationship. the ton"
conv_154,Speaker 1,Dr. Drake Remore,"(-1 Turn: Speaker 1: Oh, Monica, I figured I'd come by tomorrow morning and pick up Fluffy's old cat toy, OK?) (Target Turn: Speaker 1: No, no no no, you don't have to tell me anything. You don't have to explain yourself to me. Ooh, who am I to question the great Dr. Drake Remore?) (+1 Turn: Speaker 1: No, no no no, you don't have to tell me anything. You don't have to explain yourself to me. Ooh, who am I to question the great Dr. Drake Remore?)",negative,0.9,"the speaker uses language of rejection, dismissal, and deference, indicating a negative emotional attribution toward the target. the speaker's tone is condescending and patronizing, implying that the"
conv_286,Ben,Carol,"(-1 Turn: Speaker 1: Yeah, well my-my ex-wife and I share custody of Ben and umm, uh, and just so you know, Carol and I are on excellent terms as I’m sure you are with your wife! Oh, I’m sorry! It’s unbelievable!) (Target Turn: Speaker 1: Yeah, well my-my ex-wife and I share custody of Ben and umm, uh, and just so you know, Carol and I are on excellent terms as I’m sure you are with your wife! Oh, I’m sorry! It’s unbelievable!) (+1 Turn: Speaker 1: Yeah, well my-my ex-wife and I share custody of Ben and umm, uh, and just so you know, Carol and I are on excellent terms as I’m sure you are with your wife! Oh, I’m sorry! It’s unbelievable!)",positive,0.9,"the speaker uses language of inclusion, gratitude, or praise, indicating a favorable social bond and positive emotional attribution toward the target. the speaker also mentions sharing custody of a ch"
conv_129,Ross,Speaker 2,"(-1 Turn: Speaker 1: I don't believe this. Is this how this relationship's gonna work? Ross equals boss. I mean, c'mon what is this, 1922?) (Target Turn: Speaker 2: Yes I do, it's just that Ross is. . .) (+1 Turn: Speaker 2: Yes I do, it's just that Ross is. . .)",neutral,0.9,"the speaker's tone is neutral, and the sentence does not contain any explicit emotional language. the speaker is simply stating a fact about ross."
conv_615,Phoebe,Speaker 1,"(-1 Turn: Speaker 1: I'm Ross, Phoebe's friend from the coffeehouse.) (Target Turn: Speaker 2: What's up? Is Phoebe OK?) (+1 Turn: Speaker 2: What's up? Is Phoebe OK?)",neutral,0.9,"the speaker uses a casual greeting (""what's up?""), which is a neutral or friendly tone. the question about phoebe's well-being (""is phoebe ok?"") is also a neutral or concerned tone. there is no appare"
conv_177,Speaker 1,Phoebe,"(-1 Turn: Speaker 1: And the winner is…Joey Tribbiani! Oh… Wow! I honestly never expected this. I uh, I didn’t prepare a speech. But umm, I’d like to thank my parents, who’ve always been there for me. I’d also like to thank my friends, Chandler, Monica, Phoebe, Rachel…) (Target Turn: Speaker 1: And the winner is…Joey Tribbiani! Oh… Wow! I honestly never expected this. I uh, I didn’t prepare a speech. But umm, I’d like to thank my parents, who’ve always been there for me. I’d also like to thank my friends, Chandler, Monica, Phoebe, Rachel…) (+1 Turn: Speaker 1: Joseph Francis Tribbiani are you home yet?!!)",positive,0.95,"the speaker uses language of gratitude, praise, and humility, indicating a positive emotional attribution toward the friends mentioned. the tone is celebratory and sincere, suggesting a strong social"
conv_853,Speaker 4,"Win, Lose or Draw","(-1 Turn: Speaker 4: Except for ""Match game""...) (Target Turn: Speaker 2: Or ""Win, Lose or Draw"".) (+1 Turn: Speaker 2: Or ""Win, Lose or Draw"".)",neutral,0.8,"the dialogue is task-oriented, logistical, or observational. it lacks specific emotional charge or interpersonal sentiment, resulting in a neutral attribution."
conv_176,Ross,Emily,"(-1 Turn: Speaker 1: Look, what am I gonna do? I'm not flirting but still, I'm drawing her to me like - like a moth to a flame! What the hell's going on over here?!?!? Monica's gonna kill you! Look I need your help, I have to do something to-to repel this woman! Wait a minute, wait a minute, you guys repel women all the time.) (Target Turn: Speaker 1: ...And so then I realized. All this stuff I had been doing. proposing to Joshua, lying to Ross about why I couldn’t come to the wedding. Was all just a way of...) (+1 Turn: Speaker 1: Look, what am I gonna do? I'm not flirting but still, I'm drawing her to me like - like a moth to a flame! What the hell's going on over here?!?!? Monica's gonna kill you! Look I need your help, I have to do something to-to repel this woman! Wait a minute, wait a minute, you guys repel women all the time.)",neutral,0.8,"the speaker is reflecting on past actions and their motivations, indicating a level of self-awareness and introspection. the tone is more contemplative than emotional, and the speaker is not directly"
conv_314,Speaker 1,duck,(-1 Turn: Speaker 1: Hey! Can you take a duck and a chick to the theatre?) (Target Turn: Speaker 1: Hey! Can you take a duck and a chick to the theatre?) (+1 Turn: Speaker 1: Hey! Can you take a duck and a chick to the theatre?),neutral,0.8,"the dialogue is task-oriented, logistical, or observational. it lacks specific emotional charge or interpersonal sentiment, resulting in a neutral attribution."
conv_638,Speaker 4,Ross,"(-1 Turn: Speaker 2: Look, there's Chandler, you know, that stupid friend of Ross' who said I'm fat. You know I've already lost 4 pounds!) (Target Turn: Speaker 2: Look, there's Chandler, you know, that stupid friend of Ross' who said I'm fat. You know I've already lost 4 pounds!) (+1 Turn: Speaker 2: Look, there's Chandler, you know, that stupid friend of Ross' who said I'm fat. You know I've already lost 4 pounds!)",negative,0.9,"the speaker uses language of criticism, blame, or insult, indicating a negative emotional attribution toward the target. the speaker also mentions a past conflict or negative experience with the targe"
conv_219,Cassie,Speaker 1,"(-1 Turn: Speaker 1: Because Purvry Perverson over here can’t stop staring at her.) (Target Turn: Speaker 2: Fine, she can stay at my place. By the way, what-what does Cassie even look like now.) (+1 Turn: Speaker 2: Fine, she can stay at my place. By the way, what-what does Cassie even look like now.)",neutral,0.9,"the speaker's tone is neutral, and the sentence does not contain any explicit emotional language. the speaker is simply stating a fact and making a neutral inquiry about cassie's appearance."
conv_276,Ross,Speaker 3,"(-1 Turn: Speaker 1: Look, I know you guys heard about the whole thing with me and Ross but y'know, I've been obsessing about it all day and I'd just love not to talk about it. All right?) (Target Turn: Speaker 2: I-I-I don't know if this falls under this category, but uh, Ross is right back there.) (+1 Turn: Speaker 1: No wonder Rachel had to read this so many times.)",neutral,0.8,"the speaker is referring to a person, ross, and is uncertain about the category, indicating a neutral emotional attribution."
conv_297,Monica,Speaker 3,(-1 Turn: Speaker 2: I didn't know Monica had these!) (Target Turn: Speaker 2: I didn't know Monica had these!) (+1 Turn: Speaker 2: I didn't know Monica had these!),neutral,0.9,"the speaker's tone is neutral, and the sentence lacks emotional charge or interpersonal sentiment. the speaker is simply stating a fact about monica."
conv_608,Speaker 5,Althea,(-1 Turn: Speaker 4: Althea!) (Target Turn: Speaker 3: Althea?! What are you doing?!) (+1 Turn: Speaker 3: Althea?! What are you doing?!),neutral,0.8,"the speaker uses a name, althea, which is not a common name, and the tone is inquisitive, indicating a sense of surprise or curiosity. this suggests a neutral emotional attribution."
conv_974,Carol,Ben,"(-1 Turn: Speaker 1: Apparently, Sting’s son made fun of the fact that Ben’s moms are lesbinims.) (Target Turn: Speaker 1: Playpen?! Ben’s seven!) (+1 Turn: Speaker 1: Playpen?! Ben’s seven!)",negative,0.8,"the speaker uses a tone of surprise, possibly even shock, and a hint of frustration, indicating a negative emotional attribution toward the target."
conv_316,Lizzie,Speaker 1,"(-1 Turn: N/A) (Target Turn: Speaker 1: Okay look, Ross, just so you know that since Lizzie likes you so much, I’ve decided to accept the fact that you’re going out with her.) (+1 Turn: Speaker 1: Okay look, Ross, just so you know that since Lizzie likes you so much, I’ve decided to accept the fact that you’re going out with her.)",positive,0.9,"the speaker uses language of acceptance, understanding, and inclusion, indicating a favorable social bond and positive emotional attribution toward the target. the speaker is willing to accept the fac"
conv_1009,Rachel,Speaker 2,"(-1 Turn: Speaker 1: Umm, yeah, actually, Susan's gonna be home any minute, it's kinda an anniversary.) (Target Turn: Speaker 2: Umm, candles, champagne, yeah anniversaries are great. 'Cause you know love lasts forever, y'know. Nothing like it in this lifetime, money in the bank, so Rachel and I broke up.) (+1 Turn: Speaker 2: Umm, candles, champagne, yeah anniversaries are great. 'Cause you know love lasts forever, y'know. Nothing like it in this lifetime, money in the bank, so Rachel and I broke up.)",negative,0.8,"the speaker expresses a sense of disappointment, sadness, or loss, indicating a negative emotional attribution toward the target."
conv_265,Speaker 2,Monica,(-1 Turn: Speaker 1: Monica.) (Target Turn: Speaker 1: Monica.) (+1 Turn: Speaker 1: Monica.),neutral,0.8,"the dialogue is task-oriented, logistical, or observational. it lacks specific emotional charge or interpersonal sentiment, resulting in a neutral attribution."
conv_506,Emily,Speaker 1,"(-1 Turn: Speaker 1: So I asked Emily if she would come to New York, and she said yes.) (Target Turn: Speaker 1: So I asked Emily if she would come to New York, and she said yes.) (+1 Turn: Speaker 1: No-no-no! Only if I promise never to see Rachel again.)",positive,0.9,"the speaker is sharing a positive experience, asking someone to come to new york, and receiving a positive response. this indicates a positive emotional attribution between the parties."
conv_870,Ross,Speaker 2,"(-1 Turn: Speaker 2: Because you are my sister and Ross and I have this huge history…) (Target Turn: Speaker 1: I don’t understand, do you want to go out with Ross?) (+1 Turn: Speaker 1: I don’t understand, do you want to go out with Ross?)",neutral,0.8,"the speaker is asking for clarification about the target's intentions, indicating a neutral or uncertain emotional attribution."
conv_1009,Speaker 2,Rachel,"(-1 Turn: Speaker 2: Umm, candles, champagne, yeah anniversaries are great. 'Cause you know love lasts forever, y'know. Nothing like it in this lifetime, money in the bank, so Rachel and I broke up.) (Target Turn: Speaker 2: Umm, candles, champagne, yeah anniversaries are great. 'Cause you know love lasts forever, y'know. Nothing like it in this lifetime, money in the bank, so Rachel and I broke up.) (+1 Turn: Speaker 2: Umm, candles, champagne, yeah anniversaries are great. 'Cause you know love lasts forever, y'know. Nothing like it in this lifetime, money in the bank, so Rachel and I broke up.)",negative,0.9,"the speaker is expressing a negative sentiment about their relationship with rachel, using phrases like ""broke up"" and ""nothing like it in this lifetime, money in the bank"". this indicates a negative"
conv_242,Speaker 1,Mike,"(-1 Turn: Speaker 3: Hey uh, Rach, funny story. I ah, bumped into Joanna on the street yesterday.) (Target Turn: Speaker 3: So, so, is Mike coming to dinner?) (+1 Turn: Speaker 3: So, so, is Mike coming to dinner?)",neutral,0.8,"the dialogue is task-oriented, logistical, or observational. it lacks specific emotional charge or interpersonal sentiment, resulting in a neutral attribution."
conv_615,Speaker 2,Phoebe,"(-1 Turn: Speaker 1: I'm Ross, Phoebe's friend from the coffeehouse.) (Target Turn: Speaker 1: I'm Ross, Phoebe's friend from the coffeehouse.) (+1 Turn: Speaker 1: I'm Ross, Phoebe's friend from the coffeehouse.)",neutral,0.8,"the speaker introduces themselves as a friend of phoebe's, indicating a positive social bond and a neutral emotional attribution."
conv_168,Speaker 1,Allan,"(-1 Turn: N/A) (Target Turn: Speaker 1: …anyway, his name is Allan and we’ve been going out for three years. He was my first client when I became a party planner. He was planning a party for his girlfriend at the time. Oh well. And he was Theta Beta Pi at Syracuse.) (+1 Turn: Speaker 1: This is Joey Tribbiani. Joey, these are the producers and, as you probably already know, this is Lennart Haze.)",neutral,0.8,"the speaker shares a personal anecdote about a past relationship, using a tone that is reflective and matter-of-fact. the language used is neutral, without any strong emotional connotations. the speak"
conv_935,Speaker 3,Ursula,"(-1 Turn: Speaker 3: Hi, it’s Eric. From the Halloween party, Ursula’s fiancée.) (Target Turn: Speaker 3: Uh listen, I just—I thought you should know I broke up with Ursula.) (+1 Turn: Speaker 3: Uh listen, I just—I thought you should know I broke up with Ursula.)",neutral,0.8,"the speaker is sharing personal news, which can be a vulnerable act. the tone is casual and conversational, indicating a friendly and non-confrontational atmosphere. the speaker is not expressing ange"
conv_56,Speaker 1,Janice,"(-1 Turn: Speaker 2: Honey, what's the matter?) (Target Turn: Speaker 1: I just saw Janice.) (+1 Turn: Speaker 1: I just saw Janice.)",neutral,0.8,"the speaker mentions a person, janice, without any emotional charge or interpersonal sentiment, indicating a neutral attribution."
conv_253,Ben,Speaker 1,(-1 Turn: Speaker 2: Don't be silly. Ben loves you. He's just being Mr. Crankypants.) (Target Turn: Speaker 2: Don't be silly. Ben loves you. He's just being Mr. Crankypants.) (+1 Turn: Speaker 2: Don't be silly. Ben loves you. He's just being Mr. Crankypants.),positive,0.95,"the speaker uses language of reassurance, affection, and understanding, indicating a positive emotional attribution toward the subject. the phrase ""don't be silly"" is a calming and reassuring phrase,"
conv_109,Chandler,Knicks,"(-1 Turn: Speaker 1: Hey Pheebs, what-what was the deal with you and Chandler blowing us off before?) (Target Turn: Speaker 1: Hey Pheebs, what-what was the deal with you and Chandler blowing us off before?) (+1 Turn: Speaker 1: Hey Pheebs, what-what was the deal with you and Chandler blowing us off before?)",neutral,0.8,"the speaker uses language of inquiry, curiosity, or concern, indicating a neutral emotional attribution toward the target."
conv_174,Speaker 2,Nathan,"(-1 Turn: Speaker 2: Oh, well this morning he got a call from who I think was our cousin Nathan, and frankly, it was a little more than I needed to know.) (Target Turn: Speaker 2: Oh, well this morning he got a call from who I think was our cousin Nathan, and frankly, it was a little more than I needed to know.) (+1 Turn: Speaker 2: Oh, well this morning he got a call from who I think was our cousin Nathan, and frankly, it was a little more than I needed to know.)",neutral,0.8,"the speaker uses language of surprise, curiosity, or mild annoyance, indicating a neutral emotional attribution toward the target."
conv_195,Monica,Speaker 2,"(-1 Turn: Speaker 2: God, the first time he smiled at me... those three seconds were more exciting than three weeks in Bermuda with Barry.) (Target Turn: Speaker 2: Postpone it? Emily, do you think Monica realises how much our parents spent on this wedding? Do you my sister’s teeny-tiny little brain comprehends that people took time out of their lives to fly thousands of miles to be here, huh? This isn’t right.) (+1 Turn: Speaker 2: Postpone it? Emily, do you think Monica realises how much our parents spent on this wedding? Do you my sister’s teeny-tiny little brain comprehends that people took time out of their lives to fly thousands of miles to be here, huh? This isn’t right.)",negative,0.9,"the speaker uses language of criticism, blame, or frustration, indicating a negative emotional attribution toward the target. the speaker is upset about the postponement of the wedding and is question"
conv_82,Speaker 1,Joey,"(-1 Turn: Speaker 1: Mrs. Bing? Here, these are my parents umm, Judy and Jack Geller.) (Target Turn: Speaker 2: Ah, yeah, he's so adorable, God, he's just so much fun, Joey is the best, I'm glad you're having so much fun here.) (+1 Turn: Speaker 2: Ah, yeah, he's so adorable, God, he's just so much fun, Joey is the best, I'm glad you're having so much fun here.)",positive,0.95,"the speaker uses language of affection, admiration, and enthusiasm, indicating a strong positive emotional attribution toward the subject, joey."
conv_46,Speaker 2,Soap Opera Digest,"(-1 Turn: Speaker 1: Hey, Pheebs!) (Target Turn: Speaker 2: Oh, ooh, Soap Opera Digest, oh that's one of my favorite digests.) (+1 Turn: Speaker 2: Oh, ooh, Soap Opera Digest, oh that's one of my favorite digests.)",positive,0.9,"the speaker expresses enthusiasm and excitement about a magazine, indicating a positive emotional attribution."
conv_547,Speaker 1,Janice,"(-1 Turn: Speaker 3: Not even, say, breaking up with Janice?) (Target Turn: Speaker 3: Not even, say, breaking up with Janice?) (+1 Turn: Speaker 3: Not even, say, breaking up with Janice?)",neutral,0.7,"the speaker's tone is neutral, and the sentence is a question, which lacks emotional charge. the mention of janice, a character known for her eccentricity and annoying behavior, might elicit a negativ"
conv_413,Speaker 6,Alan,(-1 Turn: Speaker 6: I personally could have a gallon of Alan.) (Target Turn: Speaker 6: I personally could have a gallon of Alan.) (+1 Turn: Speaker 6: I personally could have a gallon of Alan.),neutral,0.9,"the dialogue lacks specific emotional charge or interpersonal sentiment, and the speaker's statement appears to be a neutral, factual declaration."
conv_370,Barbara Streisand,James Brolin,"(-1 Turn: N/A) (Target Turn: Speaker 3: Okay, okay. It’s James Brolin. James Brolin is the father of my baby.) (+1 Turn: Speaker 3: Okay, okay. It’s James Brolin. James Brolin is the father of my baby.)",positive,0.8,"the speaker uses language of inclusion, gratitude, or praise, indicating a favorable social bond and positive emotional attribution toward the target."
conv_245,Susan,Tanya,"(-1 Turn: Speaker 1: Of course it's your friend Tanya.) (Target Turn: Speaker 1: The sex? Um, I'm having enough trouble with the image of you and Susan together, when you throw in Tanya, yaw...) (+1 Turn: Speaker 1: The sex? Um, I'm having enough trouble with the image of you and Susan together, when you throw in Tanya, yaw...)",negative,0.8,"the speaker uses language of discomfort, awkwardness, or unease, indicating a negative social bond and negative emotional attribution toward the target."
conv_638,Ross,Speaker 2,"(-1 Turn: Speaker 3: I know. But if some guy who looks like Corey Haim wants to kiss me tonight, I'm sooo gonna let them!) (Target Turn: Speaker 2: Look, there's Chandler, you know, that stupid friend of Ross' who said I'm fat. You know I've already lost 4 pounds!) (+1 Turn: Speaker 2: Look, there's Chandler, you know, that stupid friend of Ross' who said I'm fat. You know I've already lost 4 pounds!)",negative,0.9,"the speaker uses language of criticism, blame, or hostility, indicating a negative emotional attribution toward the subject (chandler). the speaker also uses language of self-pity, self-blame, or self"
conv_762,Emily,Ross,"(-1 Turn: Speaker 2: I—Rachel, you can’t go! Ross loves Emily!) (Target Turn: Speaker 2: I—Rachel, you can’t go! Ross loves Emily!) (+1 Turn: Speaker 2: I—Rachel, you can’t go! Ross loves Emily!)",negative,0.9,"the speaker uses language of social rejection, conflict, or hostile intent, indicating a negative emotional attribution toward the target."
conv_353,Speaker 1,Tim,"(-1 Turn: Speaker 3: Well, I’m from California.) (Target Turn: Speaker 1: He is sweet. He’s too sweet. He calls me all the time. ""So did-did you get home from work okay?"" ""Did-did you get out of the shower okay?"") (+1 Turn: Speaker 1: He is sweet. He’s too sweet. He calls me all the time. ""So did-did you get home from work okay?"" ""Did-did you get out of the shower okay?"")",negative,0.9,"the speaker uses language of excessive concern, over-attentiveness, or possessiveness, indicating a negative emotional attribution toward the target."
conv_28,Ben,Carol,"(-1 Turn: Speaker 1: When Carol was pregnant with Ben…) (Target Turn: Speaker 1: When Carol was pregnant with Ben…) (+1 Turn: Speaker 2: Wow! Umm, okay. Umm… I-I-I realize I came on a little strong but, it’s only because I think you’re so amazing. And uh, I-I just wanna, I just wanna tell you how much I appreciate you giving me an opportunity here because I—you’re the most talented chef I’ve ever worked for. Anyway…)",neutral,0.9,"the speaker is discussing a past event, specifically a pregnancy and birth, which is a neutral topic. there is no emotional charge or interpersonal sentiment expressed in this sentence."
conv_782,Rachel,Speaker 2,(-1 Turn: N/A) (Target Turn: Speaker 1: So Rachel’s all moved out huh? How are you taking it?) (+1 Turn: Speaker 1: So Rachel’s all moved out huh? How are you taking it?),neutral,0.8,"the speaker's tone is neutral, and the question is task-oriented, logistical, or observational. the speaker is inquiring about the target's emotional state, but the language used is not emotionally ch"
conv_176,Speaker 1,Ross,"(-1 Turn: Speaker 1: Look, what am I gonna do? I'm not flirting but still, I'm drawing her to me like - like a moth to a flame! What the hell's going on over here?!?!? Monica's gonna kill you! Look I need your help, I have to do something to-to repel this woman! Wait a minute, wait a minute, you guys repel women all the time.) (Target Turn: Speaker 1: ...And so then I realized. All this stuff I had been doing. proposing to Joshua, lying to Ross about why I couldn’t come to the wedding. Was all just a way of...) (+1 Turn: Speaker 1: Look, what am I gonna do? I'm not flirting but still, I'm drawing her to me like - like a moth to a flame! What the hell's going on over here?!?!? Monica's gonna kill you! Look I need your help, I have to do something to-to repel this woman! Wait a minute, wait a minute, you guys repel women all the time.)",negative,0.9,"the speaker is reflecting on past actions, revealing a sense of regret, guilt, or self-awareness, indicating a negative emotional attribution toward themselves. the use of phrases like ""lying to"" and"
conv_303,Joey,Speaker 2,(-1 Turn: Speaker 1: The comedian? USO?!) (Target Turn: Speaker 2: Or! I should rush through dinner with Joey and I can meet David at 9:00!) (+1 Turn: Speaker 1: The comedian? USO?!),positive,0.9,"the speaker is planning to meet david at 9:00, which implies a social engagement. the tone is casual and friendly, with no apparent conflict or negative emotions."
conv_575,Speaker 1,Aunt Sheryl,"(-1 Turn: N/A) (Target Turn: Speaker 1: So I finally heard back from Aunt Sheryl and apparently it wasn’t a mistake. Ahh, there’s-there’s limited seating in the hall.) (+1 Turn: Speaker 1: So I finally heard back from Aunt Sheryl and apparently it wasn’t a mistake. Ahh, there’s-there’s limited seating in the hall.)",positive,0.9,"the speaker expresses relief and surprise, indicating a positive emotional attribution toward the target (aunt sheryl). the tone is casual and conversational, suggesting a friendly and familiar relati"
conv_166,Speaker 1,Jean-Claude Van Damme,"(-1 Turn: Speaker 1: Pheebs, I am so sorry! I know I promised you a fun road trip with your friend and I didn’t deliver. But-but-but now I know that you think being awake is an important part of friendship! So, so, so I will strive to-to stay awake for as long as I know you.) (Target Turn: Speaker 1: Jean-Claude Van Damme. I didn't know he was in this movie, he is so hot.) (+1 Turn: Speaker 1: Jean-Claude Van Damme. I didn't know he was in this movie, he is so hot.)",positive,0.9,"the speaker uses language of admiration, attraction, or enthusiasm, indicating a favorable social bond and positive emotional attribution toward the target."
conv_286,Emily,Speaker 1,"(-1 Turn: Speaker 1: Yeah, well my-my ex-wife and I share custody of Ben and umm, uh, and just so you know, Carol and I are on excellent terms as I’m sure you are with your wife! Oh, I’m sorry! It’s unbelievable!) (Target Turn: Speaker 3: Oh! Whoops! I’m sorry, you were talking about Emily!) (+1 Turn: Speaker 3: Oh! Whoops! I’m sorry, you were talking about Emily!)",negative,0.8,"the speaker uses language of apology, regret, or remorse, indicating a negative emotional attribution toward the target."
conv_599,Emma,Speaker 2,"(-1 Turn: Speaker 1: Okay, oh, and Emma needs a cowgirl outfit for the competition.) (Target Turn: Speaker 1: Okay, oh, and Emma needs a cowgirl outfit for the competition.) (+1 Turn: Speaker 1: Okay, oh, and Emma needs a cowgirl outfit for the competition.)",neutral,0.8,"the speaker is providing information about a specific request, indicating a neutral emotional attribution."
conv_944,Lilly,Speaker 2,"(-1 Turn: Speaker 1: Hmm, okay, total abandonment. Okay, reasons for abandonment, A. Top secret government work, B. Amnesia, or C. Or you're just a selfish, irresponsible bad, bad man?) (Target Turn: Speaker 2: Y'know, I don't think I want the lipstick that much. But umm… Oh, would you do me a favor? And umm, would you, would you give Lilly that, please?) (+1 Turn: Speaker 2: Y'know, I don't think I want the lipstick that much. But umm… Oh, would you do me a favor? And umm, would you, would you give Lilly that, please?)",positive,0.8,"the speaker is asking for a favor, which indicates a sense of trust and social bond between the speaker and the target. the speaker is also showing consideration for someone else (lilly), which adds t"
conv_296,Speaker 1,New York,"(-1 Turn: Speaker 2: Oh, they’re a hoot.) (Target Turn: Speaker 3: New York.) (+1 Turn: Speaker 3: New York.)",neutral,0.8,"the speaker mentions a location, which does not contain emotional language or social cues, making it difficult to determine the emotional attribution."
conv_265,Speaker 2,Rachel,"(-1 Turn: Speaker 2: Mon.) (Target Turn: Speaker 2: Uh, really good. Really good. Yeah, I should be ready to kill myself any day now. Wow, you sure found that quick. I just—I wish I didn’t feel this way about Rachel anymore, y’know? I wish things could go back to normal. I mean, I love living with her and God, helping out with the baby is just amazing, but now I think…I think Ross feels left out. Y’know? When I had to take Rachel to the hospital, the doctor thought I was the father. God… You should’ve seen the look on Ross’s face. By the way, I have no idea what I’m doing here. For all I know I’m just locking it more. Oh hey, did you try opening it with a credit card?) (+1 Turn: Speaker 2: Mon.)",negative,0.9,"the speaker expresses feelings of sadness, regret, and frustration, indicating a negative emotional attribution toward the subject. the speaker also mentions a sense of disconnection and longing for a"
conv_413,Speaker 6,Alan,(-1 Turn: Speaker 1: Can I ask you guys a question? D'you ever think that Alan is maybe.. sometimes..) (Target Turn: Speaker 1: Can I ask you guys a question? D'you ever think that Alan is maybe.. sometimes..) (+1 Turn: Speaker 1: Can I ask you guys a question? D'you ever think that Alan is maybe.. sometimes..),neutral,0.8,"the speaker is asking a question, which is a neutral and non-confrontational act. the speaker is also using a tentative phrase (""maybe.. sometimes.."") which suggests a lack of strong emotional commitm"
conv_329,Speaker 1,Amy,"(-1 Turn: N/A) (Target Turn: Speaker 1: Um look I was thinking... If its ok with Monica I would like to invite Amy to Thanksgiving.) (+1 Turn: Speaker 1: Alright! That is it. This is our apartment and you can not behave this way. Now if you can't act your age then you shouldn't be here at all. Now those plates may not be as nice as the pretty pink ones I picked out, but they're very important to Monica. I want you to apologize to her right now.)",positive,0.9,"the speaker is expressing a desire to invite someone to a social event, indicating a positive emotional attribution toward the target. the use of phrases like ""if it's ok with monica"" suggests a consi"
conv_4,Ross,Speaker 1,"(-1 Turn: N/A) (Target Turn: Speaker 1: Now, Mom, everything's going fine, really. Yeah, Ross is great. He's uh, he's in a whole other place. No, he's gone. No no, you don't have to fly back, really. What do you mean this might be your only chance? Would you stop? I'm only 26, I'm not even thinking about babies yet.) (+1 Turn: Speaker 1: Now, Mom, everything's going fine, really. Yeah, Ross is great. He's uh, he's in a whole other place. No, he's gone. No no, you don't have to fly back, really. What do you mean this might be your only chance? Would you stop? I'm only 26, I'm not even thinking about babies yet.)",positive,0.9,"the speaker uses language of concern, empathy, and understanding, indicating a positive emotional attribution toward the target. the speaker is trying to reassure the target and alleviate their concer"
conv_290,Speaker 1,Brian,(-1 Turn: Speaker 1: Excuse me? You don't think I could get a Brian? Because I could get a Brian. Believe you me. ...I'm really not.) (Target Turn: Speaker 1: Excuse me? You don't think I could get a Brian? Because I could get a Brian. Believe you me. ...I'm really not.) (+1 Turn: Speaker 1: Excuse me? You don't think I could get a Brian? Because I could get a Brian. Believe you me. ...I'm really not.),positive,0.9,"the speaker uses language of assertiveness, confidence, and self-assurance, indicating a positive emotional attribution toward themselves. the speaker also uses language of persuasion, trying to convi"
conv_267,Speaker 1,Chandler,"(-1 Turn: Speaker 2: Ok, ok, sweetheart, I'll see you later. Ok, bye. What? Oh, that is so sweet. No, no, ok, you hang up. Ok, ok, one, two, three. Well you didn't hang up either.) (Target Turn: Speaker 2: I still love you. And I know I probably shouldn’t even be here telling you this, I mean you’re with Chandler a guy I really like, and if you say he’s straight I’ll believe you! After seeing ya the other night I knew if I didn’t tell ya I’d regret it for the rest of my life. Letting you go was the stupidest thing I ever did.) (+1 Turn: Speaker 2: Ok, ok, sweetheart, I'll see you later. Ok, bye. What? Oh, that is so sweet. No, no, ok, you hang up. Ok, ok, one, two, three. Well you didn't hang up either.)",positive,0.95,"the speaker expresses strong emotions of love, regret, and vulnerability, indicating a deep emotional connection and attachment to the subject. the speaker's words convey a sense of longing and yearni"
conv_250,Monica,Speaker 4,"(-1 Turn: Speaker 4: It was pretty simple actually, I came up with a couple of cost-cutting solutions, wrote out a list and Monica told me to go to hell.) (Target Turn: Speaker 4: It was pretty simple actually, I came up with a couple of cost-cutting solutions, wrote out a list and Monica told me to go to hell.) (+1 Turn: Speaker 4: It was pretty simple actually, I came up with a couple of cost-cutting solutions, wrote out a list and Monica told me to go to hell.)",negative,0.9,"the speaker uses language of conflict, social rejection, or hostile intent, indicating a negative emotional attribution between the parties."
conv_77,Joey,Speaker 2,"(-1 Turn: Speaker 1: Almost as good as that play with the two naked girls on the see-saw.) (Target Turn: Speaker 2: I don't know, you know, just the way she waltzed in here all smart, and tall! You know, and just swept Joey off his feet... I mean, nobody else has a chance!) (+1 Turn: Speaker 2: I don't know, you know, just the way she waltzed in here all smart, and tall! You know, and just swept Joey off his feet... I mean, nobody else has a chance!)",negative,0.8,"the speaker uses language of criticism, jealousy, or resentment, indicating a negative emotional attribution toward the subject. the speaker describes the subject as ""smart"" and ""tall"", which could be"
conv_474,Speaker 5,Knicks,"(-1 Turn: Speaker 5: Ooh, ooh, I know! We should pool all own money and buy the Knicks!) (Target Turn: Speaker 5: Ooh, ooh, I know! We should pool all own money and buy the Knicks!) (+1 Turn: Speaker 5: Ooh, ooh, I know! We should pool all own money and buy the Knicks!)",positive,0.9,"the speaker uses language of excitement, enthusiasm, or shared experience, indicating a positive social bond and positive emotional attribution toward the target."
conv_3,Speaker 2,Emma,"(-1 Turn: Speaker 1: I just finished getting Phoebe all dressed to meet Mike's parents. She's so nervous, it's so sweet!) (Target Turn: Speaker 2: Guess what? I made Emma laugh today.) (+1 Turn: Speaker 2: Guess what? I made Emma laugh today.)",positive,0.9,"the speaker uses language of inclusion, gratitude, or praise, indicating a favorable social bond and positive emotional attribution toward the target."
conv_58,Susan,Ben,(-1 Turn: Speaker 1: Right. Are you looking for Jack’s parents to discuss the problems he’s having with Ben? Yeah. Because I really do think the parents should sit down and have a conversation.) (Target Turn: Speaker 1: Right. Are you looking for Jack’s parents to discuss the problems he’s having with Ben? Yeah. Because I really do think the parents should sit down and have a conversation.) (+1 Turn: Speaker 1: Right. Are you looking for Jack’s parents to discuss the problems he’s having with Ben? Yeah. Because I really do think the parents should sit down and have a conversation.),neutral,0.8,"the speaker is asking about a potential conversation between jack's parents and ben, indicating a neutral or task-oriented tone. there is no emotional charge or interpersonal sentiment in this sentenc"
conv_386,Minnie,Speaker 2,"(-1 Turn: Speaker 1: Still, you- you say Minnie, you hear Mouse. Um, how about, um.. how about Julia?) (Target Turn: Speaker 1: Still, you- you say Minnie, you hear Mouse. Um, how about, um.. how about Julia?) (+1 Turn: Speaker 1: Still, you- you say Minnie, you hear Mouse. Um, how about, um.. how about Julia?)",neutral,0.8,"the speaker is trying to initiate a conversation, but the language used is hesitant and uncertain, indicating a lack of emotional charge or interpersonal sentiment. the speaker is not using language o"
conv_804,Rachel,Speaker 2,"(-1 Turn: Speaker 2: You let Rachel come back, and it’s done.) (Target Turn: Speaker 1: Well, I guess having Rachel back wouldn’t be the worst thing in the world.) (+1 Turn: Speaker 1: Well, I guess having Rachel back wouldn’t be the worst thing in the world.)",neutral,0.8,"the speaker expresses a neutral sentiment, neither strongly positive nor negative, about having rachel back. the phrase ""wouldn't be the worst thing in the world"" implies a lack of strong enthusiasm o"
conv_117,Speaker 1,Joey,"(-1 Turn: Speaker 2: Well, I actually had the weirdest conversation with Joey. He was talking about rules and right and wrong and…) (Target Turn: Speaker 1: I don’t know! Joey hasn’t had this much trouble getting out words since we saw him in Macbeth!) (+1 Turn: Speaker 1: I don’t know! Joey hasn’t had this much trouble getting out words since we saw him in Macbeth!)",negative,0.9,"the speaker uses language of frustration, confusion, or annoyance, indicating a negative emotional attribution toward the target."
conv_599,Emma,Speaker 2,"(-1 Turn: Speaker 1: Okay, but, well, before you say no, my friend Susanne is entering her kid and compared to Emma she's a real dog!) (Target Turn: Speaker 1: Okay, but, well, before you say no, my friend Susanne is entering her kid and compared to Emma she's a real dog!) (+1 Turn: Speaker 1: Okay, but, well, before you say no, my friend Susanne is entering her kid and compared to Emma she's a real dog!)",negative,0.9,"the interaction contains elements of conflict, social rejection, or hostile intent, as the speaker is comparing someone unfavorably to another person. this implies a negative emotional attribution bet"
conv_197,Speaker 2,Richard,"(-1 Turn: Speaker 4: Oh, is this the bug lady?) (Target Turn: Speaker 2: The Richard.) (+1 Turn: Speaker 2: The Richard.)",neutral,0.9,"the speaker is addressing someone named richard, which does not contain any emotional language or conflict."
conv_974,Ben,Carol,(-1 Turn: Speaker 1: Well it turns out that Ben and Sting’s son do not get along.) (Target Turn: Speaker 1: Well it turns out that Ben and Sting’s son do not get along.) (+1 Turn: Speaker 1: Well it turns out that Ben and Sting’s son do not get along.),neutral,0.9,"the speaker uses a neutral tone and does not express any emotional sentiment towards the subject or object. the sentence is a statement of fact, providing information about a situation."
conv_74,Mrs. Braverman,Speaker 1,"(-1 Turn: Speaker 2: Chandler, this is not addressed to you. This is addressed to Mrs. Braverman downstairs. Thief.) (Target Turn: Speaker 2: Chandler, this is not addressed to you. This is addressed to Mrs. Braverman downstairs. Thief.) (+1 Turn: Speaker 2: So does-does Joey know you’re moving?)",neutral,0.8,"the speaker uses language of authority, directness, and specificity, indicating a neutral or potentially negative emotional attribution toward the target. the tone is formal and matter-of-fact, withou"
conv_170,Ethel,Speaker 2,"(-1 Turn: Speaker 2: Yeah, did she sound happy about it? 'Cause my friend Ethel's baby was born with a teeny, tiny beard.) (Target Turn: Speaker 2: Yeah, did she sound happy about it? 'Cause my friend Ethel's baby was born with a teeny, tiny beard.) (+1 Turn: Speaker 2: Yeah, did she sound happy about it? 'Cause my friend Ethel's baby was born with a teeny, tiny beard.)",positive,0.8,"the speaker is asking about someone's emotional state, specifically whether they sounded happy, which implies a concern for the person's well-being. the mention of a friend's baby with a beard is an u"
conv_356,Veronica,Joey,"(-1 Turn: Speaker 1: Oh! Some guy. Some guy. 'Hey Jill, I saw you with some guy last night. Yes, he was some guy.) (Target Turn: Speaker 4: Are you insane? I mean Joey, is going to kill you, he's actually going to kill you dead.) (+1 Turn: Speaker 4: Are you insane? I mean Joey, is going to kill you, he's actually going to kill you dead.)",negative,0.9,"the speaker uses language of strong negative emotion, specifically anger and frustration, indicating a strong negative emotional attribution toward the target."
conv_866,Speaker 1,Mona,"(-1 Turn: N/A) (Target Turn: Speaker 2: Oh hey! Hey Ross! Hey how’s it, how’s it going with you and Mona? Are you guys still together?) (+1 Turn: Speaker 2: Oh hey! Hey Ross! Hey how’s it, how’s it going with you and Mona? Are you guys still together?)",positive,0.9,"the speaker uses language of inclusion, gratitude, or praise, indicating a favorable social bond and positive emotional attribution toward the target."
conv_312,Emily,Susan,(-1 Turn: Speaker 3: You actually think that something can happen between Emily and Susan?) (Target Turn: Speaker 3: You actually think that something can happen between Emily and Susan?) (+1 Turn: Speaker 3: You actually think that something can happen between Emily and Susan?),negative,0.8,"the speaker is expressing skepticism or doubt about the possibility of a romantic relationship between emily and susan, indicating a negative emotional attribution between the parties."
conv_947,Speaker 2,Rover,"(-1 Turn: Speaker 2: Oh, is it? Is it? Look, when Monica and I were kids, we had a dog named Rover. And, uh, one day, my dad decides, he doesn't like dogs. So Monica and her friend…Phyllis…take away the dog. And that was the last time we ever saw him. Don't you see? This is just like that. Only with a few details changed.) (Target Turn: Speaker 2: Oh, is it? Is it? Look, when Monica and I were kids, we had a dog named Rover. And, uh, one day, my dad decides, he doesn't like dogs. So Monica and her friend…Phyllis…take away the dog. And that was the last time we ever saw him. Don't you see? This is just like that. Only with a few details changed.) (+1 Turn: Speaker 2: Oh, is it? Is it? Look, when Monica and I were kids, we had a dog named Rover. And, uh, one day, my dad decides, he doesn't like dogs. So Monica and her friend…Phyllis…take away the dog. And that was the last time we ever saw him. Don't you see? This is just like that. Only with a few details changed.)",positive,0.9,"the speaker uses a metaphor to describe a past event, which is a way of expressing emotional connection and shared experience. the speaker also uses a rhetorical question to emphasize the emotional si"
conv_804,Rachel,Speaker 1,"(-1 Turn: Speaker 2: Yeah, I'm a friend of Rachel Green's. Uhm, actually we met at the Christmas party about two years ago.) (Target Turn: Speaker 2: Yeah, I'm a friend of Rachel Green's. Uhm, actually we met at the Christmas party about two years ago.) (+1 Turn: Speaker 2: Yeah, I'm a friend of Rachel Green's. Uhm, actually we met at the Christmas party about two years ago.)",neutral,0.8,"the speaker introduces themselves as a friend of rachel green's, indicating a positive social bond. the tone is casual and friendly, suggesting a neutral emotional attribution."
conv_265,Rachel,Speaker 2,"(-1 Turn: Speaker 2: Mon.) (Target Turn: Speaker 2: Uh, really good. Really good. Yeah, I should be ready to kill myself any day now. Wow, you sure found that quick. I just—I wish I didn’t feel this way about Rachel anymore, y’know? I wish things could go back to normal. I mean, I love living with her and God, helping out with the baby is just amazing, but now I think…I think Ross feels left out. Y’know? When I had to take Rachel to the hospital, the doctor thought I was the father. God… You should’ve seen the look on Ross’s face. By the way, I have no idea what I’m doing here. For all I know I’m just locking it more. Oh hey, did you try opening it with a credit card?) (+1 Turn: Speaker 2: Mon.)",negative,0.9,"the speaker expresses feelings of guilt, regret, and frustration, indicating a negative emotional attribution toward the subject (rachel). the speaker also mentions ross's feelings of being left out,"
conv_311,Ross,Speaker 1,"(-1 Turn: Speaker 2: You know me sir. Oh ah, I do have a question for ya. Do you know how I get around the office computer network so I can access the really good Internet porn?) (Target Turn: Speaker 2: I don't know. I don't know... I thought about it all the way there, and I thought about it all the way back... and, uh, oh, you guys, y'know, it's Ross. Y'know what I mean? I mean, it's Ross.) (+1 Turn: Speaker 2: You know me sir. Oh ah, I do have a question for ya. Do you know how I get around the office computer network so I can access the really good Internet porn?)",neutral,0.7,"the speaker seems to be hesitant and uncertain, using phrases like ""i don't know"" and ""y'know what i mean?"" which indicates a lack of confidence or clarity. the mention of ross's name also implies a s"
conv_33,Speaker 1,Mrs. Verhoeven,(-1 Turn: Speaker 2: I-I heard about Mrs. Verhoeven passing away and I’m so sorry for your loss.) (Target Turn: Speaker 2: I-I heard about Mrs. Verhoeven passing away and I’m so sorry for your loss.) (+1 Turn: Speaker 2: I-I heard about Mrs. Verhoeven passing away and I’m so sorry for your loss.),negative,0.9,"the speaker expresses condolences and sympathy, indicating a negative emotional attribution toward the subject (the deceased person)."
conv_845,Ross,Speaker 2,(-1 Turn: N/A) (Target Turn: Speaker 2: I’m just bummed about the way I left things with Ross. I shouldn’t have lied to him about having to work. He seemed so mad at me.) (+1 Turn: Speaker 2: I’m just bummed about the way I left things with Ross. I shouldn’t have lied to him about having to work. He seemed so mad at me.),negative,0.9,"the speaker expresses regret and remorse for their actions, indicating a negative emotional attribution toward the target (ross). the use of words like ""bummed"" and ""lied"" also convey a sense of guilt"
conv_297,Monica,Richard,(-1 Turn: Speaker 2: I didn't know Monica had these!) (Target Turn: Speaker 2: I didn't know Monica had these!) (+1 Turn: Speaker 2: I didn't know Monica had these!),neutral,0.9,"the speaker's tone is neutral, and the sentence lacks emotional charge or interpersonal sentiment. the speaker is simply stating a fact about monica."
conv_947,Monica,Phyllis,(-1 Turn: Speaker 1: Where's Monica?) (Target Turn: Speaker 1: Where's Monica?) (+1 Turn: Speaker 1: Where's Monica?),neutral,0.8,"the dialogue is task-oriented, logistical, or observational. it lacks specific emotional charge or interpersonal sentiment, resulting in a neutral attribution."
conv_678,Rachel,Speaker 2,(-1 Turn: Speaker 1: How could you not tell Mona that Rachel is living with you?) (Target Turn: Speaker 1: How could you not tell Mona that Rachel is living with you?) (+1 Turn: Speaker 1: How could you not tell Mona that Rachel is living with you?),negative,0.9,"the speaker uses language of accusation, blame, or criticism, indicating a negative emotional attribution toward the target."
conv_217,Speaker 2,Rachel,"(-1 Turn: Speaker 1: No, no, I keep trying, y’know? I can get out, ""Joey, I have too…"" but then I lose my nerve and I always finish with, ""…go to the bathroom."" He may think I’m sick.) (Target Turn: Speaker 2: Y’know, I really have to tell Rachel, but I… We just have to get it over with! Y’know, the next time we see them we’re just gonna tell them. Okay? That’s it.) (+1 Turn: Speaker 2: Y’know, I really have to tell Rachel, but I… We just have to get it over with! Y’know, the next time we see them we’re just gonna tell them. Okay? That’s it.)",negative,0.8,"the speaker is hesitant to share information with someone, indicating a sense of discomfort or unease. the use of phrases like ""i really have to tell"" and ""we just have to get it over with"" suggests a"
conv_58,Carol,Ben,"(-1 Turn: Speaker 1: Well hi, I’m Jenny Boone. I’m the new teacher here.) (Target Turn: Speaker 1: I’ve only met your partner Carol.) (+1 Turn: Speaker 1: I’ve only met your partner Carol.)",neutral,0.8,"the speaker is referring to a past relationship or acquaintance, which may have had a negative emotional connotation. however, the tone is neutral and lacks any explicit emotional language."
conv_131,Speaker 2,Sarah,"(-1 Turn: Speaker 1: What are you talking about? Sarah's great!) (Target Turn: Speaker 1: What are you talking about? Sarah's great!) (+1 Turn: Speaker 1: No, I can't, I have a baby.)",neutral,0.8,"the speaker uses a question to clarify the conversation, indicating a neutral emotional attribution toward the target."
conv_135,Janice,Speaker 5,"(-1 Turn: Speaker 2: I am trying to open your eyes, my man! Don't you see, if you lived with Phoebe she's always gonna be there. You're gonna get home, she's there. You go to bed, she's there. You wake up and oh yes, she's there!) (Target Turn: Speaker 4: Pathetic mess? I know, but—come on, man, she's needy, she's vulnerable. I'm thinkin', cha-ching! Thanks. Look, you have not been out with a woman since Janice. You're doin' this.) (+1 Turn: Speaker 4: Pathetic mess? I know, but—come on, man, she's needy, she's vulnerable. I'm thinkin', cha-ching! Thanks. Look, you have not been out with a woman since Janice. You're doin' this.)",negative,0.9,"the speaker uses language of manipulation, exploitation, and objectification, indicating a negative emotional attribution toward the subject. the speaker is trying to take advantage of the subject's v"
conv_276,Speaker 3,Ross,"(-1 Turn: Speaker 1: Hey, Rach, how you doing with The Shining?) (Target Turn: Speaker 1: That's not Ross!) (+1 Turn: Speaker 1: That's not Ross!)",neutral,0.8,"the speaker is addressing someone, likely a friend or acquaintance, and is using a familiar tone. the sentence lacks any explicit emotional language or conflict, indicating a neutral emotional attribu"
conv_435,Speaker 4,Janine,"(-1 Turn: Speaker 1: I had to get out of the apartment. Janine is like stretching all over the place. Y’know, everywhere I look she’s like…) (Target Turn: Speaker 1: I had to get out of the apartment. Janine is like stretching all over the place. Y’know, everywhere I look she’s like…) (+1 Turn: Speaker 1: I had to get out of the apartment. Janine is like stretching all over the place. Y’know, everywhere I look she’s like…)",negative,0.8,"the speaker uses language of frustration, annoyance, or irritation, indicating a negative emotional attribution toward the target."
conv_892,Karen,Brittany,"(-1 Turn: Speaker 1: Well, see when you're acting you need to think about stuff like that. My character, Joseph the processor guy, has two little girls, Ashley and Brittany. Ashley copies everything Brittany does.) (Target Turn: Speaker 1: Well, see when you're acting you need to think about stuff like that. My character, Joseph the processor guy, has two little girls, Ashley and Brittany. Ashley copies everything Brittany does.) (+1 Turn: Speaker 1: Well, see when you're acting you need to think about stuff like that. My character, Joseph the processor guy, has two little girls, Ashley and Brittany. Ashley copies everything Brittany does.)",neutral,0.8,"the speaker is discussing a character's family and behavior, indicating a neutral emotional attribution."
conv_208,Wallis,Mr. Pincer,"(-1 Turn: Speaker 1: Yeah, totally! You are in such good hands. And I'm so good with meeting parents. With the father, you know, you want to flirt a little bit, but not in a gross way. Just kind of like: ""Oh Mr. Pincer, I can see where Wallis gets his good looks..."") (Target Turn: Speaker 1: Yeah, totally! You are in such good hands. And I'm so good with meeting parents. With the father, you know, you want to flirt a little bit, but not in a gross way. Just kind of like: ""Oh Mr. Pincer, I can see where Wallis gets his good looks..."") (+1 Turn: Speaker 1: Yeah, totally! You are in such good hands. And I'm so good with meeting parents. With the father, you know, you want to flirt a little bit, but not in a gross way. Just kind of like: ""Oh Mr. Pincer, I can see where Wallis gets his good looks..."")",positive,0.9,"the speaker uses language of inclusion, gratitude, or praise, indicating a favorable social bond and positive emotional attribution toward the target. the speaker also uses a lighthearted and playful"
conv_592,Speaker 2,Lee Majors,"(-1 Turn: Speaker 3: She pulled it out of me! She’s like a conversational wizard! How’d it go?) (Target Turn: Speaker 2: Yeah! How would you like it if I sent you to Lee Majors’ house and told you that he liked you, and you went down there and you found out that he didn’t like you? How would you feel?) (+1 Turn: Speaker 2: Yeah! How would you like it if I sent you to Lee Majors’ house and told you that he liked you, and you went down there and you found out that he didn’t like you? How would you feel?)",positive,0.9,"the speaker uses a hypothetical scenario to express empathy and understanding, indicating a favorable social bond and positive emotional attribution toward the target."
conv_59,Speaker 4,Knicks,"(-1 Turn: Speaker 2: Joey. Hey Jake, do you like the Knicks?) (Target Turn: Speaker 2: Joey. Hey Jake, do you like the Knicks?) (+1 Turn: Speaker 2: Joey. Hey Jake, do you like the Knicks?)",neutral,0.8,"the speaker uses a casual, informal greeting (""hey jake"") and a question about a shared interest (""do you like the knicks""), indicating a friendly and neutral tone."
conv_457,Ursula,Speaker 1,"(-1 Turn: Speaker 2: One more chance Ursula, please?) (Target Turn: Speaker 1: Um, yeah, you want Ursula, and I'm Phoebe. Twin sisters! Seriously.) (+1 Turn: Speaker 1: Um, yeah, you want Ursula, and I'm Phoebe. Twin sisters! Seriously.)",neutral,0.8,"the speaker introduces themselves and their twin sister, indicating a neutral or observational tone. the language used is casual and conversational, lacking strong emotional charge or interpersonal se"
conv_3,Phoebe,Mike,"(-1 Turn: N/A) (Target Turn: Speaker 1: I just finished getting Phoebe all dressed to meet Mike's parents. She's so nervous, it's so sweet!) (+1 Turn: Speaker 1: I just finished getting Phoebe all dressed to meet Mike's parents. She's so nervous, it's so sweet!)",positive,0.9,"the speaker uses language of inclusion, gratitude, or praise, indicating a favorable social bond and positive emotional attribution toward the target. the speaker describes phoebe's nervousness as ""so"
conv_129,Ross,Speaker 2,"(-1 Turn: Speaker 1: Uh Joe, when it’s one o’clock in the morning and you don’t come by? That’s okay!) (Target Turn: Speaker 1: What? Is it - is this 'cause of what Ross said?) (+1 Turn: Speaker 1: What? Is it - is this 'cause of what Ross said?)",negative,0.8,"the speaker's tone and language suggest a sense of surprise, confusion, and possibly even hurt or betrayal. the mention of ross's name implies a personal connection and potentially a past conflict or"
conv_151,Dorothy,Speaker 2,"(-1 Turn: Speaker 2: Sorry- Hi, I'm Dorothy's daughter.) (Target Turn: Speaker 1: Hi, I'm Chandler, and I have no idea who Dorothy is) (+1 Turn: Speaker 1: Hi, I'm Chandler, and I have no idea who Dorothy is)",neutral,0.9,"the speaker introduces themselves and mentions a name, dorothy, without any emotional connotation or interpersonal sentiment. the interaction is task-oriented, logistical, or observational."
conv_608,Speaker 5,Althea,(-1 Turn: Speaker 3: Are you sure it was Althea?!) (Target Turn: Speaker 3: Are you sure it was Althea?!) (+1 Turn: Speaker 3: Are you sure it was Althea?!),neutral,0.9,"the sentence is a question, and the speaker is seeking confirmation about the identity of a person. the tone is neutral, and there is no emotional charge or interpersonal sentiment."
conv_157,Speaker 3,Lennart Haze,(-1 Turn: Speaker 2: I’m sorry daddy.) (Target Turn: Speaker 1: With Lennart Haze?) (+1 Turn: Speaker 1: With Lennart Haze?),neutral,0.9,"the dialogue lacks specific emotional charge or interpersonal sentiment, and the speaker's tone is neutral. the sentence appears to be a statement of fact or a reference to a person, without any emoti"
conv_312,Emily,Susan,"(-1 Turn: Speaker 1: Look, this is just a little too familiar, okay? For like, for like six months before Carol and I spilt up, all I heard was: ""My friend Susan is so smart. My friend Susan is so funny. My friend Susan is so great."") (Target Turn: Speaker 1: Look, this is just a little too familiar, okay? For like, for like six months before Carol and I spilt up, all I heard was: ""My friend Susan is so smart. My friend Susan is so funny. My friend Susan is so great."") (+1 Turn: Speaker 1: Look, this is just a little too familiar, okay? For like, for like six months before Carol and I spilt up, all I heard was: ""My friend Susan is so smart. My friend Susan is so funny. My friend Susan is so great."")",negative,0.9,"the speaker expresses discomfort and familiarity with the situation, indicating a negative emotional attribution toward the target."
conv_52,Ross,Julie,(-1 Turn: Speaker 1: I can make you a legend. I can make you this generation’s Milton Berle.) (Target Turn: Speaker 1: What about her? They've only been going out for two weeks. Ross has been in love with you for like 10 years.) (+1 Turn: Speaker 1: What about her? They've only been going out for two weeks. Ross has been in love with you for like 10 years.),negative,0.8,"the speaker expresses skepticism, doubt, or concern about the relationship, indicating a negative emotional attribution toward the target."
conv_63,Brian,Speaker 1,"(-1 Turn: Speaker 1: Oh, you really want to talk about getting people to like you huh, funny man?) (Target Turn: Speaker 2: Speaking for my people, I'd have to say no. By the way, your friend Brian from Payroll, he is.) (+1 Turn: Speaker 2: Speaking for my people, I'd have to say no. By the way, your friend Brian from Payroll, he is.)",positive,0.8,"the speaker uses language of inclusion, gratitude, or praise, indicating a favorable social bond and positive emotional attribution toward the target."
conv_52,Frannie,Speaker 4,"(-1 Turn: Speaker 5: Yeah, well you call her and tell her that y’know when we were kids her precious little Frannie tried to undress me several times, okay? And if I hadn’t have stopped her, there probably wouldn’t even be a wedding to go too.) (Target Turn: Speaker 5: Yeah, well you call her and tell her that y’know when we were kids her precious little Frannie tried to undress me several times, okay? And if I hadn’t have stopped her, there probably wouldn’t even be a wedding to go too.) (+1 Turn: Speaker 5: Yeah, well you call her and tell her that y’know when we were kids her precious little Frannie tried to undress me several times, okay? And if I hadn’t have stopped her, there probably wouldn’t even be a wedding to go too.)",negative,0.9,"the speaker uses language of hostility, aggression, or threat, indicating a negative emotional attribution toward the target. the speaker is recalling a past incident and using it to manipulate or con"
conv_808,Speaker 2,MET,"(-1 Turn: Speaker 2: No, no, no, not the Mets, the MET, singular!) (Target Turn: Speaker 2: No, no, no, not the Mets, the MET, singular!) (+1 Turn: Speaker 2: No, no, no, not the Mets, the MET, singular!)",positive,0.8,"the speaker uses a playful and humorous tone, indicating a lighthearted and friendly interaction. the use of the word ""no"" in a repetitive manner also suggests a sense of teasing or joking."
conv_711,Speaker 1,Phoebe,"(-1 Turn: Speaker 3: I don't have any great ideas. I am eight.) (Target Turn: Speaker 1: Ahh! There's gotta be a way. I mean, you know, if Monica and Chandler move out here and now Phoebe is married to Mike. That just leaves me and Ross and Rach, you know what I mean?) (+1 Turn: Speaker 1: Ahh! There's gotta be a way. I mean, you know, if Monica and Chandler move out here and now Phoebe is married to Mike. That just leaves me and Ross and Rach, you know what I mean?)",positive,0.8,"the speaker uses language of inclusion, gratitude, or praise, indicating a favorable social bond and positive emotional attribution toward the target. the speaker is discussing a hypothetical scenario"
conv_260,Speaker 2,Emma,"(-1 Turn: Speaker 2: Rach…) (Target Turn: Speaker 3: Thank you. I've got to admit, Emma does look cute.) (+1 Turn: Speaker 3: Thank you. I've got to admit, Emma does look cute.)",positive,0.9,"the speaker uses language of gratitude, appreciation, or admiration, indicating a positive emotional attribution toward the target."
conv_179,Speaker 2,Chandler,(-1 Turn: N/A) (Target Turn: Speaker 2: What-what’s wrong with Monica and Chandler?) (+1 Turn: Speaker 2: What-what’s wrong with Monica and Chandler?),neutral,0.8,"the dialogue is task-oriented, logistical, or observational. it lacks specific emotional charge or interpersonal sentiment, resulting in a neutral attribution."
conv_136,Speaker 3,Denise,"(-1 Turn: Speaker 1: Oh, I have to go tell Monica what a wonderful brother she has!) (Target Turn: Speaker 3: No. No, I won’t. But I should tell you this, this exact same thing happened to my roommate Denise. She moved in with a guy who was secretly married to her and he said he didn’t love her, but he really did, and it just blew up! And that’s how she ended up living with me! Okay, that’s a lie.) (+1 Turn: Speaker 3: No. No, I won’t. But I should tell you this, this exact same thing happened to my roommate Denise. She moved in with a guy who was secretly married to her and he said he didn’t love her, but he really did, and it just blew up! And that’s how she ended up living with me! Okay, that’s a lie.)",negative,0.9,"the speaker uses language of warning, caution, or negative experience, indicating a negative emotional attribution toward the target."
conv_457,Speaker 2,Ursula,"(-1 Turn: Speaker 1: Um, yeah, you want Ursula, and I'm Phoebe. Twin sisters! Seriously.) (Target Turn: Speaker 1: Um, yeah, you want Ursula, and I'm Phoebe. Twin sisters! Seriously.) (+1 Turn: N/A)",positive,0.9,"the speaker introduces themselves as phoebe, and mentions twin sisters, which implies a sense of shared identity and connection. the tone is casual and friendly, indicating a positive emotional attrib"
conv_295,Speaker 1,Pottery Barn,"(-1 Turn: Speaker 2: What? No! No! I am not gonna hide it from Phoebe—Ooh, although I did get some great Pottery Barn sheets!) (Target Turn: Speaker 2: What? No! No! I am not gonna hide it from Phoebe—Ooh, although I did get some great Pottery Barn sheets!) (+1 Turn: Speaker 2: What? No! No! I am not gonna hide it from Phoebe—Ooh, although I did get some great Pottery Barn sheets!)",negative,0.9,"the speaker uses language of frustration, denial, or resistance, indicating a negative emotional attribution toward the target."
conv_775,Monica,Chandler,"(-1 Turn: Speaker 2: Okay, I can’t believe that Monica and Chandler are getting married. I remember talking about this day with Rachel while we were showering together, naked.) (Target Turn: Speaker 2: Okay, I can’t believe that Monica and Chandler are getting married. I remember talking about this day with Rachel while we were showering together, naked.) (+1 Turn: Speaker 2: Okay, I can’t believe that Monica and Chandler are getting married. I remember talking about this day with Rachel while we were showering together, naked.)",neutral,0.8,"the speaker uses language of surprise, incredulity, or reminiscence, indicating a neutral emotional attribution toward the subject. the speaker's tone is more observational than emotional, focusing on"
conv_84,Speaker 4,Aunt Liddy,(-1 Turn: N/A) (Target Turn: Speaker 2: She went to pick up Aunt Liddy.) (+1 Turn: Speaker 2: She went to pick up Aunt Liddy.),neutral,0.8,the speaker mentions a family member (aunt liddy) without any apparent conflict or negative sentiment. the tone is neutral and informative.
conv_16,Speaker 4,Chappy,"(-1 Turn: Speaker 1: Dude! You're not taking your Bible?) (Target Turn: Speaker 2: You know, Chappy's too small to handle all this snow. Someone's gonna have to walk him down the aisle.) (+1 Turn: Speaker 1: Dude! You're not taking your Bible?)",neutral,0.8,"the speaker uses language of concern, responsibility, or practicality, indicating a neutral emotional attribution toward the target."
conv_151,Joey,Speaker 2,"(-1 Turn: N/A) (Target Turn: Speaker 1: You wanna fool around with Joey?) (+1 Turn: Speaker 2: Sorry- Hi, I'm Dorothy's daughter.)",positive,0.8,"the speaker's tone is playful and flirtatious, indicating a positive emotional attribution toward the target."
conv_108,Phoebe,Rachel,"(-1 Turn: Speaker 2: Yeah. We figured when we couldn’t find you, you’d gone home to make up with Rachel. Which is probably what you shoulda done. Huh?) (Target Turn: Speaker 3: You think?! God, I, ah, I’m in hell. I mean what, what am I gonna do? Rachel’s all like, ‘I love you and, and let’s work on this.’ And all I can think about is, ‘What is she gonna do? What is she gonna say?’ when I tell her what I did.) (+1 Turn: Speaker 3: You think?! God, I, ah, I’m in hell. I mean what, what am I gonna do? Rachel’s all like, ‘I love you and, and let’s work on this.’ And all I can think about is, ‘What is she gonna do? What is she gonna say?’ when I tell her what I did.)",negative,0.9,"the speaker expresses frustration, anxiety, and self-doubt, indicating a negative emotional attribution toward themselves. the mention of rachel's words and actions implies a sense of responsibility a"
conv_61,Geoffrey Cleric,Andrea Tamburino,"(-1 Turn: Speaker 1: So weird to see all these people again... Oh my God, look, there's Geoffrey Cleric.) (Target Turn: Speaker 1: So weird to see all these people again... Oh my God, look, there's Geoffrey Cleric.) (+1 Turn: Speaker 1: So weird to see all these people again... Oh my God, look, there's Geoffrey Cleric.)",neutral,0.8,"the speaker uses language of surprise, curiosity, or observation, indicating a neutral emotional attribution toward the target. the speaker's tone is more observational than emotional, focusing on the"
conv_338,Janine,Speaker 1,"(-1 Turn: Speaker 2: So, is Janine around?) (Target Turn: Speaker 2: So, is Janine around?) (+1 Turn: Speaker 2: So, is Janine around?)",neutral,0.8,"the dialogue is task-oriented, logistical, or observational. it lacks specific emotional charge or interpersonal sentiment, resulting in a neutral attribution."
conv_219,Cassie,Speaker 2,(-1 Turn: Speaker 1: Cassie needs to stay at your place.) (Target Turn: Speaker 1: Cassie needs to stay at your place.) (+1 Turn: Speaker 1: Cassie needs to stay at your place.),positive,0.8,"the speaker is addressing cassie, indicating a personal or intimate relationship. the request to stay at someone's place implies a level of trust and familiarity, which suggests a positive emotional a"
conv_281,Speaker 4,Nate,"(-1 Turn: Speaker 4: Joey, you are not! You’re 31.) (Target Turn: Speaker 1: Sense the tone! No that kid Nate got it.) (+1 Turn: Speaker 1: Sense the tone! No that kid Nate got it.)",positive,0.9,"the speaker uses a playful tone and a sense of camaraderie, indicating a positive emotional attribution toward the target."
conv_155,Speaker 4,Emily,"(-1 Turn: Speaker 1: Well, I mean if uh, if Emily gave me a choice…) (Target Turn: Speaker 1: Well, I mean if uh, if Emily gave me a choice…) (+1 Turn: Speaker 1: Well, I mean if uh, if Emily gave me a choice…)",neutral,0.8,"the speaker seems to be expressing uncertainty or hesitation, which could indicate a lack of confidence or emotional attachment to the subject. the mention of emily also implies a personal connection,"
conv_333,Speaker 2,Ross,"(-1 Turn: Speaker 2: We have too! I mean what if Ross's hears that and then calls her back and then they get back together? Is that what you want? Ross back with that controlling, neurotic, crazy Emily? The Emily that wouldn't let him see you?) (Target Turn: Speaker 3: Noo! Oh no! No! God no! He should not get back together with her. I know that! You know that! Even Ross knows that! But that still doesn’t give us the right to erase his message!) (+1 Turn: Speaker 3: Look, c'mon, please? It's not like I'm asking for some crazy favour. This is what I do for a living. I am a professional actor! Oh, man, I'm two hours late for work! Look, here's a copy of my reels. It's got all the commercials that I've been in.)",negative,0.9,"the speaker expresses strong emotional disapproval and frustration, indicating a negative emotional attribution toward the subject. the use of emphatic language (""noo!"", ""god no!"") and the repetition"
conv_808,Speaker 2,MET,"(-1 Turn: Speaker 2: No, no, no, not the Mets, the MET, singular!) (Target Turn: Speaker 2: No, no, no, not the Mets, the MET, singular!) (+1 Turn: Speaker 2: No, no, no, not the Mets, the MET, singular!)",positive,0.8,"the speaker uses a playful and humorous tone, indicating a lighthearted and friendly interaction. the use of the word ""no"" in a repetitive manner also suggests a sense of teasing or joking."
conv_160,Emma,Speaker 1,"(-1 Turn: Speaker 1: Ross, those things go like 40 miles an hour! Ok? When you're... and there is that moment when you are at the top, when you just don't know if you're gonna return back to earth!) (Target Turn: Speaker 2: Space is filled with orbiting children. Look, please, just come on, you know, when you see the look on Emma's face, I swear you won't regret it.) (+1 Turn: Speaker 2: Space is filled with orbiting children. Look, please, just come on, you know, when you see the look on Emma's face, I swear you won't regret it.)",positive,0.9,"the speaker uses language of persuasion, inclusion, and emotional appeal, indicating a positive social bond and emotional attribution toward the target. the speaker is trying to convince the listener"
conv_721,Spackel Back Harry,Speaker 1,"(-1 Turn: Speaker 2: Yeah, well kinda cute, like really kinda cute, or kinda cute like your friend Spackel Back Larry?) (Target Turn: Speaker 1: Hey, don’t call him that! His name is Spackel Back Harry!) (+1 Turn: Speaker 1: Hey, don’t call him that! His name is Spackel Back Harry!)",positive,0.9,"the speaker uses language of protection, defense, or advocacy, indicating a positive emotional attribution toward the target."
conv_108,Rachel,Speaker 3,"(-1 Turn: N/A) (Target Turn: Speaker 2: Yeah. We figured when we couldn’t find you, you’d gone home to make up with Rachel. Which is probably what you shoulda done. Huh?) (+1 Turn: Speaker 2: Yeah. We figured when we couldn’t find you, you’d gone home to make up with Rachel. Which is probably what you shoulda done. Huh?)",negative,0.9,"the speaker uses language of criticism, blame, or disapproval, indicating a negative emotional attribution toward the subject. the speaker implies that the subject should have made up with rachel, whi"
conv_853,Speaker 4,Match game,"(-1 Turn: Speaker 4: Things you find in the ocean, You're gonna be on ""Pyramid""!!) (Target Turn: Speaker 4: Except for ""Match game""...) (+1 Turn: Speaker 4: Except for ""Match game""...)",neutral,0.8,"the sentence lacks specific emotional charge or interpersonal sentiment, and the context is unclear. it appears to be a reference to a game or activity, but without more information, it's difficult to"
conv_233,Chandler,Monica,"(-1 Turn: Speaker 1: I’d like to propose a toast. To Monica and Chandler, the greatest couple in the world. And my best friends. Now, my when I first found out they were getting married I was, I was a little angry. I was like, ""Why God? Why? How can you take them away from me?!"" But then I thought back over all our memories together, some happy memories. And-and there was some sad memories. I’m sorry. And-and some scared memories—Whoa! Eh? And then, and then I realized I’ll always be their friend, their friend who can speak in many dialects and has training in stage combat and is willing to do partial nudity. Oh! To the happy couple!) (Target Turn: Speaker 1: I’d like to propose a toast. To Monica and Chandler, the greatest couple in the world. And my best friends. Now, my when I first found out they were getting married I was, I was a little angry. I was like, ""Why God? Why? How can you take them away from me?!"" But then I thought back over all our memories together, some happy memories. And-and there was some sad memories. I’m sorry. And-and some scared memories—Whoa! Eh? And then, and then I realized I’ll always be their friend, their friend who can speak in many dialects and has training in stage combat and is willing to do partial nudity. Oh! To the happy couple!) (+1 Turn: Speaker 1: I’d like to propose a toast. To Monica and Chandler, the greatest couple in the world. And my best friends. Now, my when I first found out they were getting married I was, I was a little angry. I was like, ""Why God? Why? How can you take them away from me?!"" But then I thought back over all our memories together, some happy memories. And-and there was some sad memories. I’m sorry. And-and some scared memories—Whoa! Eh? And then, and then I realized I’ll always be their friend, their friend who can speak in many dialects and has training in stage combat and is willing to do partial nudity. Oh! To the happy couple!)",positive,0.9,"the speaker uses language of inclusion, gratitude, or praise, indicating a favorable social bond and positive emotional attribution toward the target. the speaker also acknowledges their initial anger"
conv_139,Phoebe,Speaker 4,"(-1 Turn: Speaker 2: Actually, I'm a... kind of a.... you know, a... date-type... thing... of Rachel's.) (Target Turn: Speaker 2: Wow! I mean, I just—I can’t, I can’t believe this. Y’know, I mean you think you know someone even, even Phoebe who’s always been somewhat of a question mark.) (+1 Turn: Speaker 2: Actually, I'm a... kind of a.... you know, a... date-type... thing... of Rachel's.)",neutral,0.7,"the speaker uses language of shock, surprise, and emotional turmoil, indicating a complex emotional attribution toward the subject. the speaker's tone is more introspective and self-doubting, suggesti"
conv_489,Speaker 2,Ross,"(-1 Turn: Speaker 2: No! No I, no Ross is not a geek!) (Target Turn: Speaker 2: What handsome is not your type? Smart? Kind? Good kisser? What those things aren’t on your list? Ross is a great guy! You would be lucky to be with him!) (+1 Turn: Speaker 2: What handsome is not your type? Smart? Kind? Good kisser? What those things aren’t on your list? Ross is a great guy! You would be lucky to be with him!)",positive,0.95,"the speaker uses language of inclusion, gratitude, or praise, indicating a favorable social bond and positive emotional attribution toward the target. the speaker is also expressing a strong opinion a"
conv_28,Carol,Ben,(-1 Turn: N/A) (Target Turn: Speaker 1: When Carol was pregnant with Ben…) (+1 Turn: Speaker 1: When Carol was pregnant with Ben…),neutral,0.8,"the speaker mentions a person (carol) and a family member (ben) in a neutral context, indicating a neutral emotional attribution."
conv_170,Erica,Jack,"(-1 Turn: Speaker 2: Oh, Jack Bing. I love that. Ooh, it sounds like a '40s newspaper guy, you know? ""Jack Bing, Morning Gazette. I'm gonna blow this story wide open!"") (Target Turn: Speaker 2: Oh, Jack Bing. I love that. Ooh, it sounds like a '40s newspaper guy, you know? ""Jack Bing, Morning Gazette. I'm gonna blow this story wide open!"") (+1 Turn: Speaker 2: Oh, Jack Bing. I love that. Ooh, it sounds like a '40s newspaper guy, you know? ""Jack Bing, Morning Gazette. I'm gonna blow this story wide open!"")",positive,0.9,"the speaker uses language of enthusiasm, excitement, and playfulness, indicating a positive emotional attribution toward the subject. the use of the phrase ""i love that"" and the tone of the sentence s"
conv_762,Speaker 1,Ross,"(-1 Turn: Speaker 2: I—Rachel, you can’t go! Ross loves Emily!) (Target Turn: Speaker 2: I—Rachel, you can’t go! Ross loves Emily!) (+1 Turn: Speaker 2: I—Rachel, you can’t go! Ross loves Emily!)",negative,0.9,"the speaker uses language of exclusion, prohibition, or rejection, indicating a negative emotional attribution toward the target."
conv_10,Speaker 7,Judy,"(-1 Turn: Speaker 4: She spit up. Judy! She spi...Judy! Look alive, Judy! Thank you.) (Target Turn: Speaker 4: She spit up. Judy! She spi...Judy! Look alive, Judy! Thank you.) (+1 Turn: Speaker 4: She spit up. Judy! She spi...Judy! Look alive, Judy! Thank you.)",positive,0.9,"the speaker uses language of urgency, concern, and gratitude, indicating a positive emotional attribution toward the target."
conv_714,Speaker 2,Fun Bobby,"(-1 Turn: N/A) (Target Turn: Speaker 2: I'm sorry, okay. It's just that Chandler has somebody, and Phoebe has somebody- I thought I'd ask Fun Bobby.) (+1 Turn: Speaker 2: I'm sorry, okay. It's just that Chandler has somebody, and Phoebe has somebody- I thought I'd ask Fun Bobby.)",positive,0.8,"the speaker expresses regret and apology, indicating a willingness to compromise and maintain a positive social bond. the mention of chandler and phoebe having someone else implies a sense of social c"
conv_115,Speaker 2,Chi-Chi,"(-1 Turn: Speaker 2: Hey, Mr. Trib.) (Target Turn: Speaker 2: It’s a dead dog. That’s Chi-Chi; she died when I was in high school.) (+1 Turn: Speaker 2: It’s a dead dog. That’s Chi-Chi; she died when I was in high school.)",negative,0.9,"the speaker uses language of loss, grief, or mourning, indicating a negative emotional attribution toward the subject (chi-chi)."
conv_912,Speaker 1,Ernie Cofax,"(-1 Turn: N/A) (Target Turn: Speaker 2: I'm sorry, it's just this Ernie Cofax thing on in a few minutes I wanted to watch.) (+1 Turn: Speaker 2: I'm sorry, it's just this Ernie Cofax thing on in a few minutes I wanted to watch.)",neutral,0.8,"the speaker expresses a desire to watch a tv show, indicating a neutral emotional attribution toward the target."
conv_276,Jo,Laurie,"(-1 Turn: Speaker 4: All right, okay, Laurie proposes to Jo, and she says no, even though she’s still in love with him, and then he ends up marrying Amy.) (Target Turn: Speaker 4: All right, okay, Laurie proposes to Jo, and she says no, even though she’s still in love with him, and then he ends up marrying Amy.) (+1 Turn: Speaker 4: All right, okay, Laurie proposes to Jo, and she says no, even though she’s still in love with him, and then he ends up marrying Amy.)",neutral,0.8,"the dialogue is task-oriented, logistical, or observational. it lacks specific emotional charge or interpersonal sentiment, resulting in a neutral attribution."
conv_199,Speaker 1,Rachel,"(-1 Turn: Speaker 2: She said, ""He’s obviously still in love with this Rachel girl."") (Target Turn: Speaker 2: She said, ""He’s obviously still in love with this Rachel girl."") (+1 Turn: Speaker 2: She said, ""He’s obviously still in love with this Rachel girl."")",negative,0.9,"the speaker is expressing a negative opinion about the subject's emotional state, indicating a negative emotional attribution."
conv_223,Speaker 1,Barry,"(-1 Turn: Speaker 2: Oh no, it isn't! No! I think Barry is seeing someone in the city.) (Target Turn: Speaker 2: Okay, okay... when Barry was engaged to you, he and I...kind of... had a little thing on the side.) (+1 Turn: Speaker 2: Okay, okay... when Barry was engaged to you, he and I...kind of... had a little thing on the side.)",negative,0.9,"the speaker uses language of secrecy, guilt, or shame, indicating a negative emotional attribution toward the target. the speaker also implies a betrayal of trust, which further reinforces the negativ"
conv_1,Speaker 1,Albert Wintermeyer,(-1 Turn: Speaker 1: You... you dated Albert Wintermeyer?) (Target Turn: Speaker 1: You... you dated Albert Wintermeyer?) (+1 Turn: Speaker 1: You... you dated Albert Wintermeyer?),neutral,0.8,"the speaker's tone is inquiring, and the question is about a past relationship. this suggests a neutral or casual tone, without any apparent emotional charge or interpersonal sentiment."
conv_181,Tracy,Speaker 1,"(-1 Turn: Speaker 1: I Think last night was great. You know, the Karaoke thing. Tracy and I doing Ebony and Ivory.) (Target Turn: Speaker 1: I Think last night was great. You know, the Karaoke thing. Tracy and I doing Ebony and Ivory.) (+1 Turn: Speaker 1: I Think last night was great. You know, the Karaoke thing. Tracy and I doing Ebony and Ivory.)",positive,0.9,"the speaker uses language of praise, gratitude, or appreciation, indicating a favorable social bond and positive emotional attribution toward the target. the tone is lighthearted and playful, suggesti"
conv_63,Speaker 2,Brian,"(-1 Turn: Speaker 1: Out of my league. I could get a Brian. If I wanted to get a Brian, I could get a Brian. Hey, Brian.) (Target Turn: Speaker 1: Out of my league. I could get a Brian. If I wanted to get a Brian, I could get a Brian. Hey, Brian.) (+1 Turn: Speaker 1: Out of my league. I could get a Brian. If I wanted to get a Brian, I could get a Brian. Hey, Brian.)",negative,0.9,"the speaker uses language of self-deprecation, self-doubt, and frustration, indicating a negative emotional attribution toward themselves and potentially others."
conv_217,Speaker 1,Joey,"(-1 Turn: Speaker 1: Uh, lunch chef, purchasing, own little desk when Roland's not there. Here's to my little sister--) (Target Turn: Speaker 1: No, no, I keep trying, y’know? I can get out, ""Joey, I have too…"" but then I lose my nerve and I always finish with, ""…go to the bathroom."" He may think I’m sick.) (+1 Turn: Speaker 1: Uh, lunch chef, purchasing, own little desk when Roland's not there. Here's to my little sister--)",negative,0.8,"the speaker is expressing frustration and disappointment about their inability to overcome their fear and take action. the use of ""i keep trying"" and ""i have too"" suggests a sense of determination, bu"
conv_55,Speaker 2,Ben,(-1 Turn: N/A) (Target Turn: Speaker 2: How 'bout Ben?) (+1 Turn: Speaker 2: How 'bout Ben?),neutral,0.9,"the speaker uses a neutral tone and does not express any strong emotions or sentiments. the sentence is a suggestion or proposal, lacking any specific emotional charge or interpersonal sentiment."
conv_73,Rachel,Ross,(-1 Turn: Speaker 1: Yeah that’s Rachel. Beat me over the head with it.) (Target Turn: Speaker 1: Yeah that’s Rachel. Beat me over the head with it.) (+1 Turn: Speaker 1: Yeah that’s Rachel. Beat me over the head with it.),negative,0.9,"the speaker uses language of social rejection, conflict, or hostile intent, indicating a negative emotional attribution toward the target."
conv_178,Mike,Speaker 2,(-1 Turn: Speaker 2: Rach!) (Target Turn: Speaker 2: I just can't believe that Mike didn't give me any warning.) (+1 Turn: Speaker 2: I just can't believe that Mike didn't give me any warning.),negative,0.9,"the speaker expresses surprise, disappointment, or frustration, indicating a negative emotional attribution toward the subject (mike)."
conv_698,Adam Ritter,Speaker 2,"(-1 Turn: Speaker 2: Ok, Barry's letters. Adam Ritter's boxer shorts.) (Target Turn: Speaker 2: Ok, Barry's letters. Adam Ritter's boxer shorts.) (+1 Turn: Speaker 2: Ok, Barry's letters. Adam Ritter's boxer shorts.)",neutral,0.7,"the speaker mentions a person's name (barry) and a specific item (boxer shorts), which may indicate a casual or familiar tone. however, the tone is not overtly positive or negative, and the context is"
conv_124,Sue,Jen,"(-1 Turn: Speaker 2: By the way, do you know who's moving back into town? Tom and Sue's daughter Jen.) (Target Turn: Speaker 2: By the way, do you know who's moving back into town? Tom and Sue's daughter Jen.) (+1 Turn: Speaker 2: By the way, do you know who's moving back into town? Tom and Sue's daughter Jen.)",neutral,0.8,"the dialogue is task-oriented, logistical, or observational. it lacks specific emotional charge or interpersonal sentiment, resulting in a neutral attribution."
conv_178,Mike,Speaker 2,"(-1 Turn: Speaker 1: Look, Precious... Mike's not worth this. You're an attractive, intelligent woman and let's face it, Mike's kind of a wang. I mean, he proposed to me while he was still seeing you... He was gonna break-up with you on your birthday? And, I don't like to kiss-and-tell, but he cheated on you a lot this weekend.) (Target Turn: Speaker 2: Screw you, Mike. You're a coward and a bastard, and I hope you rot in hell.) (+1 Turn: Speaker 2: Screw you, Mike. You're a coward and a bastard, and I hope you rot in hell.)",negative,0.95,"the speaker uses extremely aggressive and derogatory language, indicating a strong negative emotional attribution toward the target."
conv_964,Ross,Speaker 1,(-1 Turn: N/A) (Target Turn: Speaker 3: Ross couldn't fit down the trash chute.) (+1 Turn: Speaker 3: Ross couldn't fit down the trash chute.),neutral,0.8,"the speaker is referring to a past event or situation, using a third-person singular pronoun (""he"") and a specific name (""ross""). the context is neutral, without any emotional charge or interpersonal"
conv_70,Speaker 1,Marcel,"(-1 Turn: Speaker 2: That's my monkey. That's Patti, Patti the monkey.) (Target Turn: Speaker 1: Are you insane? C'mere, Marcel, c'mon.) (+1 Turn: Speaker 1: Are you insane? C'mere, Marcel, c'mon.)",negative,0.9,"the speaker uses language of aggression, hostility, or anger, indicating a negative emotional attribution toward the target."
conv_1040,Joey,Speaker 1,(-1 Turn: Speaker 4: How do you think it's gonna look when you get her something incredibly meaningful and expensive and her boyfriend Joey gives her an orange?) (Target Turn: Speaker 4: How do you think it's gonna look when you get her something incredibly meaningful and expensive and her boyfriend Joey gives her an orange?) (+1 Turn: Speaker 4: How do you think it's gonna look when you get her something incredibly meaningful and expensive and her boyfriend Joey gives her an orange?),negative,0.9,"the speaker's tone is sarcastic and critical, implying that the gift is not meaningful or expensive enough, and that joey's gift of an orange is inadequate. this suggests a negative emotional attribut"
conv_353,Tim,Speaker 2,"(-1 Turn: Speaker 2: Aunt Phoebe, what are you doing here?) (Target Turn: Speaker 2: Hey. Okay, I gave him another chance, but Tim has got to go!) (+1 Turn: Speaker 2: Aunt Phoebe, what are you doing here?)",negative,0.8,"the speaker uses a direct and assertive tone, indicating a sense of urgency and finality. the phrase ""has got to go"" implies a strong emotional attachment to the decision, which may be perceived as ne"
conv_91,Jill,Speaker 1,"(-1 Turn: Speaker 1: Oh my God! I can not believe that! I mean I don’t really like it when Ross goes out with anyone, but my sister isn’t that like incest or something?! Oh my God, and they’re gonna have sex! Oh! Oh no what if he marries her too?! Oh this is just terrible, this is just terrible. And I can’t stop it! I can’t—I don’t own Ross! Y’know? And Jill, she should be able to do whatever it is that she wants to do! And oh my God, I can’t believe Ross is marrying my little sister, this terrible. Oh my God, this is just the worst thing that could have ever happened to me.) (Target Turn: Speaker 1: Oh my God! I can not believe that! I mean I don’t really like it when Ross goes out with anyone, but my sister isn’t that like incest or something?! Oh my God, and they’re gonna have sex! Oh! Oh no what if he marries her too?! Oh this is just terrible, this is just terrible. And I can’t stop it! I can’t—I don’t own Ross! Y’know? And Jill, she should be able to do whatever it is that she wants to do! And oh my God, I can’t believe Ross is marrying my little sister, this terrible. Oh my God, this is just the worst thing that could have ever happened to me.) (+1 Turn: Speaker 1: Oh my God! I can not believe that! I mean I don’t really like it when Ross goes out with anyone, but my sister isn’t that like incest or something?! Oh my God, and they’re gonna have sex! Oh! Oh no what if he marries her too?! Oh this is just terrible, this is just terrible. And I can’t stop it! I can’t—I don’t own Ross! Y’know? And Jill, she should be able to do whatever it is that she wants to do! And oh my God, I can’t believe Ross is marrying my little sister, this terrible. Oh my God, this is just the worst thing that could have ever happened to me.)",negative,0.95,"the speaker expresses strong negative emotions, including shock, disgust, and despair, in response to the news about ross and her sister. the speaker's language is hyperbolic and exaggerated, indicati"
conv_318,Speaker 1,Charlie,"(-1 Turn: Speaker 1: I'm telling you, Rach, Charlie is not right for me!) (Target Turn: Speaker 1: I'm telling you, Rach, Charlie is not right for me!) (+1 Turn: Speaker 1: I'm telling you, Rach, Charlie is not right for me!)",negative,0.9,"the speaker uses language of exclusion, criticism, or rejection, indicating a negative emotional attribution toward the target."
conv_276,Speaker 3,Kip,"(-1 Turn: Speaker 2: Who cares? You're Rachel! Who's Kip?) (Target Turn: Speaker 2: Who cares? You're Rachel! Who's Kip?) (+1 Turn: Speaker 1: Oh, all blank, and no blank, make’s blank a blank blank. Oh no-no-no, no, the end when Jack almost kills them all with that blank, but then at last second they get away. Aww!)",negative,0.8,"the speaker uses language of social rejection, conflict, or hostile intent, indicating a negative emotional attribution toward the target."
conv_845,Speaker 2,Ross,"(-1 Turn: Speaker 2: Phoebe, I’m going to Ross’s wedding because he is my ex-boyfriend and that would be really uncomfortable. Not because, I’m still in love with him! I mean, hey, y’know, I like Ross as much as the next guy, y’know? Clearly I have feelings for him, but feelings don’t mean love! I mean, I still have loving feelings for Ross. Yeah! But, I have, I have continuing feelings of love, but that doesn’t mean that-that I’m still in love with him. Y’know? I-I have sexual feelings for him, but I do love him—Ohh! Oh my God! Oh my—why didn’t you tell me?!!) (Target Turn: Speaker 2: You all know? Does Ross know?) (+1 Turn: Speaker 2: You all know? Does Ross know?)",neutral,0.8,"the speaker asks a question, which is a neutral inquiry, and does not contain any emotional charge or interpersonal sentiment. the mention of ross does not provide enough context to infer a specific e"
conv_622,Speaker 4,G.Stephanopoulos,"(-1 Turn: Speaker 1: Wait, you're not 'G.Stephanopoulos?' Man, my dad's gonna kill me!) (Target Turn: Speaker 1: Wait, you're not 'G.Stephanopoulos?' Man, my dad's gonna kill me!) (+1 Turn: Speaker 1: Wait, you're not 'G.Stephanopoulos?' Man, my dad's gonna kill me!)",negative,0.9,"the speaker uses language of surprise, embarrassment, or concern, indicating a negative emotional attribution toward the target. the speaker's father's reaction is implied to be negative, which adds t"
conv_286,Carol,Speaker 1,"(-1 Turn: Speaker 1: No! No! Not—I don’t mean I-I see her as a twelve-year-old girl! I mean I-I have a son, who’s umm six and I still think of him as a baby.) (Target Turn: Speaker 1: Yeah, well my-my ex-wife and I share custody of Ben and umm, uh, and just so you know, Carol and I are on excellent terms as I’m sure you are with your wife! Oh, I’m sorry! It’s unbelievable!) (+1 Turn: Speaker 1: Yeah, well my-my ex-wife and I share custody of Ben and umm, uh, and just so you know, Carol and I are on excellent terms as I’m sure you are with your wife! Oh, I’m sorry! It’s unbelievable!)",positive,0.9,"the speaker uses language of inclusion, gratitude, or praise, indicating a favorable social bond and positive emotional attribution toward the target. the speaker also mentions a shared experience wit"
conv_15,Speaker 1,Bob,"(-1 Turn: Speaker 1: Yo, paisan! Can I talk to you for a sec? Your tailor is a very bad man!) (Target Turn: Speaker 1: Thank you. So what does this Bob guy look like? Is he tall? Short?) (+1 Turn: Speaker 1: Yo, paisan! Can I talk to you for a sec? Your tailor is a very bad man!)",neutral,0.9,"the dialogue is task-oriented, logistical, or observational. the speaker is asking a question about a person's physical appearance, which lacks specific emotional charge or interpersonal sentiment, re"
conv_891,Terry,Speaker 2,"(-1 Turn: Speaker 1: Y'know what Rach, maybe you should just, y'know stay here at the coffee house.) (Target Turn: Speaker 2: I can't! It's too late! Terry already hired that girl over there. Look at her, she's even got waitress experience. Last night she was teaching everybody how to make napkin.... swans.) (+1 Turn: Speaker 2: I can't! It's too late! Terry already hired that girl over there. Look at her, she's even got waitress experience. Last night she was teaching everybody how to make napkin.... swans.)",negative,0.9,"the speaker expresses frustration, disappointment, and possibly anger due to the situation. the use of ""can't"" and ""it's too late"" implies a sense of hopelessness. the speaker also seems to be critici"
conv_159,Speaker 2,Rachel,"(-1 Turn: Speaker 2: And I guess, you know, sometimes, she's a little ditzy, you know. And I've seen her be a little too into her looks. Oh, and Julie and I, we have a lot in common 'cause we're both paleontologists, but Rachel's just a waitress.) (Target Turn: Speaker 2: And I guess, you know, sometimes, she's a little ditzy, you know. And I've seen her be a little too into her looks. Oh, and Julie and I, we have a lot in common 'cause we're both paleontologists, but Rachel's just a waitress.) (+1 Turn: Speaker 2: And I guess, you know, sometimes, she's a little ditzy, you know. And I've seen her be a little too into her looks. Oh, and Julie and I, we have a lot in common 'cause we're both paleontologists, but Rachel's just a waitress.)",negative,0.9,"the speaker uses language of criticism, judgment, or disapproval, indicating a negative emotional attribution toward the target. the speaker describes rachel as ""a little ditzy"" and ""too into her look"
conv_489,Ross,Speaker 2,"(-1 Turn: Speaker 1: Me go out with Ross?! No! God no! What would make you think that?) (Target Turn: Speaker 2: Oh not-not so much. Umm, what-what do you, what do you mean is there something wrong with Ross?) (+1 Turn: Speaker 2: Oh not-not so much. Umm, what-what do you, what do you mean is there something wrong with Ross?)",neutral,0.8,"the speaker seems hesitant and uncertain, using phrases like ""oh not-not so much"" and ""umm"", indicating a lack of confidence or clarity. the question ""what do you mean is there something wrong with ro"
conv_957,Speaker 1,Sting,"(-1 Turn: Speaker 1: Sting’s son, seven years old and there’s a picture.) (Target Turn: Speaker 1: Sting’s son, seven years old and there’s a picture.) (+1 Turn: Speaker 1: Sting’s son, seven years old and there’s a picture.)",neutral,0.9,"the speaker mentions sting's son, which is a neutral topic. there is no emotional charge or interpersonal sentiment in this sentence, indicating a neutral attribution."
conv_32,Chandler,Speaker 1,"(-1 Turn: Speaker 2: Hey, sweetums.) (Target Turn: Speaker 1: Is ah, is Chandler around?) (+1 Turn: Speaker 1: Is ah, is Chandler around?)",neutral,0.8,"the speaker is asking about the whereabouts of chandler, indicating a neutral or casual inquiry without any emotional connotation."
conv_232,Speaker 3,Dick’n Rock’n Dickie Eve,(-1 Turn: Speaker 1: I just got a call to be a dancer on a television special for New Year’s Eve. It’s called some sort of Dick’n Rock’n Dickie Eve.) (Target Turn: Speaker 1: I just got a call to be a dancer on a television special for New Year’s Eve. It’s called some sort of Dick’n Rock’n Dickie Eve.) (+1 Turn: Speaker 1: I just got a call to be a dancer on a television special for New Year’s Eve. It’s called some sort of Dick’n Rock’n Dickie Eve.),positive,0.9,"the speaker shares a positive event, a job opportunity, and uses a playful tone, indicating a positive emotional attribution toward the target."
conv_345,Speaker 1,Ross,"(-1 Turn: Speaker 2: OK, you've got to promise that you'll never, ever tell Ross that I told you.) (Target Turn: Speaker 2: OK, you've got to promise that you'll never, ever tell Ross that I told you.) (+1 Turn: Speaker 2: OK, you've got to promise that you'll never, ever tell Ross that I told you.)",positive,0.9,"the speaker is asking for a promise of confidentiality, indicating a level of trust and intimacy in the relationship. the speaker is also showing vulnerability by sharing a secret, which suggests a st"
conv_759,Lilly,Francis,(-1 Turn: Speaker 1: But you-you-you came to see Lilly?) (Target Turn: Speaker 1: Lilly's dead.) (+1 Turn: Speaker 1: Lilly's dead.),neutral,0.9,"the sentence is a statement of fact, and it does not contain any emotional language or interpersonal sentiment. it is a neutral statement."
conv_219,Cassie,Speaker 2,"(-1 Turn: Speaker 1: Because Purvry Perverson over here can’t stop staring at her.) (Target Turn: Speaker 2: Fine, she can stay at my place. By the way, what-what does Cassie even look like now.) (+1 Turn: Speaker 2: Fine, she can stay at my place. By the way, what-what does Cassie even look like now.)",neutral,0.9,"the speaker's tone is neutral, and the sentence does not contain any explicit emotional language. the speaker is simply stating a fact and making a neutral inquiry about cassie's appearance."
conv_199,Speaker 4,Italian-American,"(-1 Turn: Speaker 2: Okay, all right, how's this? 27. Italian-American guy. He's an actor, born in Queens. Wow, big family, seven sisters, and he's the only....boy. Oh my God, under personal comments: 'New York Knicks, rule!') (Target Turn: Speaker 2: Okay, all right, how's this? 27. Italian-American guy. He's an actor, born in Queens. Wow, big family, seven sisters, and he's the only....boy. Oh my God, under personal comments: 'New York Knicks, rule!') (+1 Turn: Speaker 2: Okay, all right, how's this? 27. Italian-American guy. He's an actor, born in Queens. Wow, big family, seven sisters, and he's the only....boy. Oh my God, under personal comments: 'New York Knicks, rule!')",positive,0.8,"the speaker uses a lighthearted and playful tone, making a humorous comment about the subject's family and personal interests. the use of the phrase ""oh my god"" adds to the playful and non-serious nat"
conv_547,Janice,Speaker 1,"(-1 Turn: Speaker 5: No, I mean you break up with Janice and I'll break up with Tony.) (Target Turn: Speaker 5: No, I mean you break up with Janice and I'll break up with Tony.) (+1 Turn: Speaker 5: No, I mean you break up with Janice and I'll break up with Tony.)",negative,0.9,"the speaker is making a proposal to end their respective relationships, indicating a negative emotional attribution between the parties."
conv_54,Joey,Ursula,"(-1 Turn: Speaker 1: I mean, I know Joey is not my boyfriend, or my thermos, or anything, but...) (Target Turn: Speaker 1: I mean, I know Joey is not my boyfriend, or my thermos, or anything, but...) (+1 Turn: Speaker 1: I mean, I know Joey is not my boyfriend, or my thermos, or anything, but...)",neutral,0.8,"the speaker uses language of self-clarification, self-reflection, or introspection, indicating a neutral emotional attribution toward the target. the speaker is not expressing any strong emotions or s"
conv_276,Laurie,Amy,"(-1 Turn: Speaker 4: All right, okay, Laurie proposes to Jo, and she says no, even though she’s still in love with him, and then he ends up marrying Amy.) (Target Turn: Speaker 4: All right, okay, Laurie proposes to Jo, and she says no, even though she’s still in love with him, and then he ends up marrying Amy.) (+1 Turn: Speaker 4: All right, okay, Laurie proposes to Jo, and she says no, even though she’s still in love with him, and then he ends up marrying Amy.)",neutral,0.9,"the speaker describes a romantic relationship between laurie and jo, and then a subsequent marriage between the male character and amy. the tone is neutral, as it simply reports events without express"
conv_1034,Lily,Speaker 1,"(-1 Turn: Speaker 1: Yes!! Yes! Yes! Yes!! That’s my Dad, that’s Frank! Yeah! I’m sorry I’m getting all flingy.) (Target Turn: Speaker 2: The three losers. Oh, poor Lily. Ohh, y'know I-I heard about what happened, that must have been just terrible for you, losing your mother that way.) (+1 Turn: Speaker 2: The three losers. Oh, poor Lily. Ohh, y'know I-I heard about what happened, that must have been just terrible for you, losing your mother that way.)",negative,0.9,"the speaker uses language of exclusion, criticism, or blame, indicating an unfavorable social bond and negative emotional attribution toward the target."
conv_333,Speaker 2,Ross,"(-1 Turn: Speaker 1: Her name is Dutch, and also Marklan.) (Target Turn: Speaker 2: No, look, she's obviously unstable, okay? I mean she's thinking about running out on her wedding day. Okay, fine! But I mean, look at the position she's putting him in! What's he gonna do? Ross is gonna run over there on the wedding day and break up the marriage?! I mean, who would do that?! Okay, fine, all right, but that's y'know, it's different! Although it did involve a lot of the same people.) (+1 Turn: Speaker 1: Her name is Dutch, and also Marklan.)",negative,0.8,"the speaker uses language of criticism, blame, or frustration, indicating a negative emotional attribution toward the subject. the speaker also expresses concern for the well-being of the subject, but"
conv_5,Speaker 2,Ross,"(-1 Turn: Speaker 1: Sweetie okay. It’s okay. Everybody made it to the wedding. I’m fine.) (Target Turn: Speaker 3: Hey, so, uh, how’s it going living over at Ross’?) (+1 Turn: Speaker 3: Hey, so, uh, how’s it going living over at Ross’?)",neutral,0.8,"the speaker is asking a casual, friendly question about the subject's living situation, indicating a neutral or positive emotional attribution."
conv_156,Speaker 2,Mike,"(-1 Turn: Speaker 3: Regina Philange.) (Target Turn: Speaker 2: No, no, it's not that. Uhm... Remember when you asked me if I was seeing someone and I said no? Well, uhm... I am. His ... his name is Mike.) (+1 Turn: Speaker 2: No, no, it's not that. Uhm... Remember when you asked me if I was seeing someone and I said no? Well, uhm... I am. His ... his name is Mike.)",negative,0.8,"the speaker is sharing a personal secret, which can be perceived as vulnerable or intimate. the tone is apologetic and hesitant, indicating a sense of guilt or shame. the speaker is also revealing a s"
conv_333,Speaker 4,Dutch,"(-1 Turn: Speaker 3: Look, c'mon, please? It's not like I'm asking for some crazy favour. This is what I do for a living. I am a professional actor! Oh, man, I'm two hours late for work! Look, here's a copy of my reels. It's got all the commercials that I've been in.) (Target Turn: Speaker 1: I'm sorry Dutch, I didn't get that last little bit.) (+1 Turn: Speaker 1: I'm sorry Dutch, I didn't get that last little bit.)",negative,0.9,"the speaker uses language of apology, regret, or remorse, indicating a negative emotional attribution toward the target."
conv_298,Speaker 2,Susan,"(-1 Turn: Speaker 1: Uh-huh, Carol, so were we. All right, just-just imagine for a moment, Susan meets someone and-and they really hit it off. Y’know? Say-say they’re coming back from the theatre, and they-they stop at a pub for a couple of drinks, they’re laughing, y’know, someone innocently touches someone else… There’s electricity, it’s new. It’s exciting. Are you telling me there isn’t even the slightest possibility of something happening?) (Target Turn: Speaker 1: Uh-huh, Carol, so were we. All right, just-just imagine for a moment, Susan meets someone and-and they really hit it off. Y’know? Say-say they’re coming back from the theatre, and they-they stop at a pub for a couple of drinks, they’re laughing, y’know, someone innocently touches someone else… There’s electricity, it’s new. It’s exciting. Are you telling me there isn’t even the slightest possibility of something happening?) (+1 Turn: Speaker 1: Uh-huh, Carol, so were we. All right, just-just imagine for a moment, Susan meets someone and-and they really hit it off. Y’know? Say-say they’re coming back from the theatre, and they-they stop at a pub for a couple of drinks, they’re laughing, y’know, someone innocently touches someone else… There’s electricity, it’s new. It’s exciting. Are you telling me there isn’t even the slightest possibility of something happening?)",positive,0.9,"the speaker uses language of imagination, excitement, and possibility, indicating a positive emotional attribution toward the target. the tone is optimistic and encouraging, suggesting a favorable soc"
conv_354,Susan,Carol,"(-1 Turn: Speaker 1: I'm an idiot. I mean shoulda seen it, I mean Carol and I'd be out and she'd, she'd see some beautiful woman, and, and she'd be Ross y'know look at her, and I'd think, God, my wife is cool!) (Target Turn: Speaker 2: Aw! Hey, do you think that Susan person is her lover?) (+1 Turn: Speaker 2: No. This whole like playing-for-money thing is so not good for me. You know, I don't know, when I sang ""Su-Su-Suicide"", I got a dollar seventy-five. But then, ""Smelly Cat"", I got 25 cents and a condom. So you know, now I just feel really bad for Smelly Cat.)",neutral,0.8,"the speaker uses language of curiosity, inquiry, or speculation, indicating a neutral emotional attribution toward the target. the tone is more observational than emotional."
conv_375,Joey,Charlie,"(-1 Turn: Speaker 2: Yes, she is this new professor of my department that I did not kiss.) (Target Turn: Speaker 4: I don't know why Joey had to kiss her! I mean, of all the girls at the party, GOD!) (+1 Turn: Speaker 4: I don't know why Joey had to kiss her! I mean, of all the girls at the party, GOD!)",negative,0.9,"the speaker expresses strong negative emotions, specifically anger and frustration, towards the subject (joey) for kissing someone. the use of the phrase ""god"" emphasizes the speaker's strong disappro"
conv_747,Rachel,Speaker 2,"(-1 Turn: Speaker 2: Hey! You hold on pal! Now you made my friend, Rachel, cry. So now, you’re gonna go up there and apologize to her, unless you want me to call the landlord.) (Target Turn: Speaker 2: Hey! You hold on pal! Now you made my friend, Rachel, cry. So now, you’re gonna go up there and apologize to her, unless you want me to call the landlord.) (+1 Turn: Speaker 2: Hey! You hold on pal! Now you made my friend, Rachel, cry. So now, you’re gonna go up there and apologize to her, unless you want me to call the landlord.)",negative,0.9,"the speaker uses language of confrontation, accusation, and threat, indicating a negative emotional attribution toward the target."
conv_622,Speaker 4,G.Stephanopoulos,"(-1 Turn: Speaker 1: Wait, you're not 'G.Stephanopoulos?' Man, my dad's gonna kill me!) (Target Turn: Speaker 3: Wait! Did you say 'G.Stephanopoulos?') (+1 Turn: Speaker 3: Wait! Did you say 'G.Stephanopoulos?')",neutral,0.9,"the speaker's tone is inquisitive, and the language used is neutral, indicating a lack of emotional charge or interpersonal sentiment. the speaker is seeking clarification, which is a neutral and task"
conv_114,Speaker 2,Emily,"(-1 Turn: Speaker 1: Hi, my name is Rachel Green, I have an appointment for Emma.) (Target Turn: Speaker 2: Well, I-I-I don't know how this fits into your whole ""seizing"" thing but um, Emily called you today.) (+1 Turn: Speaker 2: Well, I-I-I don't know how this fits into your whole ""seizing"" thing but um, Emily called you today.)",neutral,0.7,"the speaker's tone is uncertain and hesitant, using phrases like ""i-i-i don't know"" and ""um"". this suggests a lack of confidence or clarity in their message, which may be perceived as negative. additi"
conv_901,Sidney,Speaker 1,"(-1 Turn: Speaker 1: Can I use your phone? Yeah, the number for a Sidney Marks, please.) (Target Turn: Speaker 1: Yeah, is Sidney there? Oh, this is? Sidney's a woman.) (+1 Turn: Speaker 1: Yeah, is Sidney there? Oh, this is? Sidney's a woman.)",neutral,0.8,"the speaker asks about sidney's presence, and then clarifies that sidney is a woman. this interaction lacks specific emotional charge or interpersonal sentiment, resulting in a neutral attribution."
conv_1040,Speaker 1,Joey,"(-1 Turn: Speaker 3: Oh, honey, that's so sweet.) (Target Turn: Speaker 4: How do you think it's gonna look when you get her something incredibly meaningful and expensive and her boyfriend Joey gives her an orange?) (+1 Turn: Speaker 4: How do you think it's gonna look when you get her something incredibly meaningful and expensive and her boyfriend Joey gives her an orange?)",negative,0.9,"the speaker uses language of criticism, sarcasm, or ridicule, indicating a negative emotional attribution toward the target. the speaker is implying that the gift is not meaningful or expensive enough"
conv_260,Speaker 2,Emma,"(-1 Turn: Speaker 2: Rach…) (Target Turn: Speaker 3: Thank you. I've got to admit, Emma does look cute.) (+1 Turn: Speaker 3: Thank you. I've got to admit, Emma does look cute.)",positive,0.9,"the speaker uses language of gratitude, appreciation, or admiration, indicating a positive emotional attribution toward the target."
conv_117,Joey,Speaker 3,"(-1 Turn: N/A) (Target Turn: Speaker 2: Well, I actually had the weirdest conversation with Joey. He was talking about rules and right and wrong and…) (+1 Turn: Speaker 2: Well, I actually had the weirdest conversation with Joey. He was talking about rules and right and wrong and…)",positive,0.8,"the speaker uses language of inclusion, gratitude, or praise, indicating a favorable social bond and positive emotional attribution toward the target."
conv_13,Pete,Speaker 3,(-1 Turn: Speaker 2: Pete Becker. Pete... Is this him?) (Target Turn: Speaker 2: Pete Becker. Pete... Is this him?) (+1 Turn: Speaker 2: Pete Becker. Pete... Is this him?),neutral,0.9,"the speaker is asking about a person named pete becker, which is a neutral topic. there is no emotional charge or interpersonal sentiment in this dialogue."
conv_624,Speaker 2,Joey,"(-1 Turn: Speaker 1: Yeah? Joey really knows his art, huh?) (Target Turn: Speaker 1: Yeah? Joey really knows his art, huh?) (+1 Turn: Speaker 1: Yeah? Joey really knows his art, huh?)",positive,0.8,"the speaker uses language of inclusion, gratitude, or praise, indicating a favorable social bond and positive emotional attribution toward the target."
conv_25,Speaker 3,Ursula,"(-1 Turn: Speaker 2: Yeah, I'm gonna go back to being Street Phoebe. Yeah! Oh but, y'know what? I can't go totally back because Street Phoebe really wouldn't be friends with you guys. Sorry.) (Target Turn: Speaker 5: Your sister Ursula.) (+1 Turn: Speaker 5: Your sister Ursula.)",neutral,0.8,"the speaker mentions a family member, which can be a neutral or positive reference. however, the tone is more observational and lacks emotional charge or interpersonal sentiment, indicating a neutral"
conv_344,Monica,Speaker 1,"(-1 Turn: N/A) (Target Turn: Speaker 1: Pheebs, can you help me pick out an engagement ring for Monica? I can’t figure this out! It’s so hard! Should I get her a Tiffany cut or a Princess cut or a—ah-ah! Paper cut!) (+1 Turn: Speaker 1: Rach! Rach!)",positive,0.9,"the speaker is seeking advice from pheebs on choosing an engagement ring for monica, indicating a positive emotional attribution toward monica. the speaker's language is uncertain and seeking guidance"
conv_892,Karen,Ashley,"(-1 Turn: Speaker 1: Yeah. Joseph and his wife, Karen, are thinking of having a third kid... Ya know what? Just did.) (Target Turn: Speaker 1: Yeah. Joseph and his wife, Karen, are thinking of having a third kid... Ya know what? Just did.) (+1 Turn: Speaker 1: Yeah. Joseph and his wife, Karen, are thinking of having a third kid... Ya know what? Just did.)",positive,0.9,"the speaker uses a casual, conversational tone, indicating a friendly and relaxed social bond. the mention of joseph and his wife, karen, suggests a positive emotional attribution toward the target."
conv_267,Julie,Speaker 2,"(-1 Turn: N/A) (Target Turn: Speaker 1: Hello? Oh, hi. Yeah, hold on a second. Ross, it's Julie, for you.) (+1 Turn: Speaker 1: Hello? Oh, hi. Yeah, hold on a second. Ross, it's Julie, for you.)",positive,0.8,"the speaker is initiating a phone call and addressing someone by name, indicating a familiar or friendly tone. the language used is polite and courteous, suggesting a positive emotional attribution."
conv_1054,Speaker 2,Ben,"(-1 Turn: Speaker 2: This guy could be my baby’s stepfather!) (Target Turn: Speaker 2: It’s just I always thought when I had another kid it would be different. Now I-I love Ben, but every time I have to drop him off at Carol and Susan’s, it’s like—It breaks my heart a little. I mean I’ve always had this picture of me and my next wife in bed on Sunday and, my kid comes running in and leaps up onto the bed. And we all read the paper together. Y’know? Maybe fight over the science section.) (+1 Turn: Speaker 2: It’s just I always thought when I had another kid it would be different. Now I-I love Ben, but every time I have to drop him off at Carol and Susan’s, it’s like—It breaks my heart a little. I mean I’ve always had this picture of me and my next wife in bed on Sunday and, my kid comes running in and leaps up onto the bed. And we all read the paper together. Y’know? Maybe fight over the science section.)",negative,0.8,"the speaker expresses a sense of longing and nostalgia for a family life that they have not yet achieved. they describe a idyllic scene of a family reading the paper together, which contrasts with the"
conv_276,Kip,Speaker 3,"(-1 Turn: Speaker 2: Hey, you're not Kip!) (Target Turn: Speaker 2: Hey, you're not Kip!) (+1 Turn: Speaker 2: Hey, you're not Kip!)",positive,0.9,"the speaker uses a familiar and informal greeting (""hey""), which suggests a friendly and casual tone. the use of the name ""kip"" implies a personal connection or familiarity between the speaker and the"
conv_372,Denise,Speaker 2,"(-1 Turn: N/A) (Target Turn: Speaker 2: What about me? I just found out that Denise is leaving town for a while, I don’t have a roommate.) (+1 Turn: Speaker 2: What about me? I just found out that Denise is leaving town for a while, I don’t have a roommate.)",negative,0.9,"the speaker expresses a sense of exclusion and disappointment due to the departure of denise, indicating a negative emotional attribution toward the target (denise)."
conv_108,Rachel,Speaker 3,"(-1 Turn: Speaker 1: Okay, okay-okay, ah, Chloe works with that guy Issac. Issac’s sister is Jasmine. And Jasmine works at that massage place with Phoebe. And Phoebe’s friends with Rachel. And that’s the trail, I did it!) (Target Turn: Speaker 1: Okay, okay-okay, ah, Chloe works with that guy Issac. Issac’s sister is Jasmine. And Jasmine works at that massage place with Phoebe. And Phoebe’s friends with Rachel. And that’s the trail, I did it!) (+1 Turn: Speaker 1: Okay, okay-okay, ah, Chloe works with that guy Issac. Issac’s sister is Jasmine. And Jasmine works at that massage place with Phoebe. And Phoebe’s friends with Rachel. And that’s the trail, I did it!)",neutral,0.9,"the speaker is describing a chain of acquaintances, indicating a neutral or observational tone. the language used is matter-of-fact and lacks emotional charge or interpersonal sentiment."
conv_845,Ross,Speaker 2,"(-1 Turn: Speaker 2: You all know? Does Ross know?) (Target Turn: Speaker 1: Oh no, Ross doesn’t know anything.) (+1 Turn: Speaker 1: Oh no, Ross doesn’t know anything.)",negative,0.9,"the speaker expresses concern or worry about ross's lack of knowledge, indicating a negative emotional attribution toward ross."
conv_634,Speaker 3,Ben,"(-1 Turn: Speaker 3: Could you take it to Carol's every now and then, and show it to Ben, just so he doesn't forget me?) (Target Turn: Speaker 1: Hi, Ben. I'm your father. I am... the head. Aaaaaahhhh.... Alright, this barbecue is gonna be very fun.) (+1 Turn: N/A)",negative,0.9,"the speaker's tone is confrontational, and the use of ""i am... the head"" implies a sense of authority and control. the speaker's emotional state is intense, and the use of ""aaaaaahhhh"" suggests a mix"
conv_281,Speaker 1,Charlie,"(-1 Turn: Speaker 1: Yeah...I mean I want this so much! I mean, I wanna get one, I want my friend Charlie to get one...Except I don't care about Charlie.) (Target Turn: Speaker 1: Yeah...I mean I want this so much! I mean, I wanna get one, I want my friend Charlie to get one...Except I don't care about Charlie.) (+1 Turn: Speaker 1: Yeah...I mean I want this so much! I mean, I wanna get one, I want my friend Charlie to get one...Except I don't care about Charlie.)",positive,0.9,"the speaker expresses strong desire and enthusiasm, indicating a positive emotional attribution toward the subject. the mention of a friend, charlie, is not a significant factor in this context, as th"
conv_198,Travis,Yeller,"(-1 Turn: Speaker 1: What, what's about to happen? I've never seen this part before. Hey, Travis, watcha doin' with that gun? Oh no, no no Travis, put down the gun. No no no no, he he's your buddy, he's your Yeller, no, no no, the end, THE END.) (Target Turn: Speaker 1: What, what's about to happen? I've never seen this part before. Hey, Travis, watcha doin' with that gun? Oh no, no no Travis, put down the gun. No no no no, he he's your buddy, he's your Yeller, no, no no, the end, THE END.) (+1 Turn: Speaker 1: What, what's about to happen? I've never seen this part before. Hey, Travis, watcha doin' with that gun? Oh no, no no Travis, put down the gun. No no no no, he he's your buddy, he's your Yeller, no, no no, the end, THE END.)",positive,0.9,"the speaker uses language of concern, empathy, and pleading, indicating a favorable social bond and positive emotional attribution toward the target. the speaker also uses language of inclusion, addre"
conv_199,Rachel,Speaker 1,"(-1 Turn: Speaker 5: Well, I don’t care about the divorces either, but I wouldn’t date him. It’s just that he’s obviously still in love with this Rachel girl.) (Target Turn: Speaker 2: She said, ""He’s obviously still in love with this Rachel girl."") (+1 Turn: Speaker 2: She said, ""He’s obviously still in love with this Rachel girl."")",neutral,0.9,"the speaker is discussing a third party's (rachel's) relationship, which is a neutral topic. the speaker is not expressing their own emotions or opinions, but rather reporting what someone else said."
conv_291,Speaker 1,Monica,"(-1 Turn: Speaker 1: Mom, uh, Chandler was just saying how beautiful your sweater is.) (Target Turn: Speaker 1: Monica, there are no words… There are no words! This should not be this hard!) (+1 Turn: Speaker 1: Monica, there are no words… There are no words! This should not be this hard!)",negative,0.9,"the speaker is expressing shock, disbelief, and frustration, indicating a strong negative emotional attribution toward the subject (monica). the use of ""no words"" and the exclamation mark convey a sen"
conv_1051,Pete,Speaker 2,"(-1 Turn: Speaker 1: Mon you definitely have to make it a theme wedding, and the theme could be, “Look how much money we've got!” Y'know, I mean you could put, you could put money in-in the invitations! You-you could have like little money place settings. And ah, you could start with a money salad! I mean it'll be dry, but people will like it.) (Target Turn: Speaker 3: Yes, but this is Pete. Okay? He's not like other people, on your first date he took you to Rome. For most guys that's like a third or fourth date kinda thing.) (+1 Turn: Speaker 3: Yes, but this is Pete. Okay? He's not like other people, on your first date he took you to Rome. For most guys that's like a third or fourth date kinda thing.)",positive,0.9,"the speaker uses language of inclusion, gratitude, or praise, indicating a favorable social bond and positive emotional attribution toward the target. the speaker also uses a romantic anecdote to emph"
conv_170,Speaker 6,Jack,"(-1 Turn: Speaker 2: Oh, Jack Bing. I love that. Ooh, it sounds like a '40s newspaper guy, you know? ""Jack Bing, Morning Gazette. I'm gonna blow this story wide open!"") (Target Turn: Speaker 2: Oh, Jack Bing. I love that. Ooh, it sounds like a '40s newspaper guy, you know? ""Jack Bing, Morning Gazette. I'm gonna blow this story wide open!"") (+1 Turn: Speaker 2: Oh, Jack Bing. I love that. Ooh, it sounds like a '40s newspaper guy, you know? ""Jack Bing, Morning Gazette. I'm gonna blow this story wide open!"")",positive,0.9,"the speaker uses language of enthusiasm, excitement, and playfulness, indicating a positive emotional attribution toward the subject. the use of the phrase ""i love that"" and the tone of the sentence c"
conv_804,Rachel,Speaker 2,"(-1 Turn: Speaker 2: You let Rachel come back, and it’s done.) (Target Turn: Speaker 2: You let Rachel come back, and it’s done.) (+1 Turn: Speaker 2: You let Rachel come back, and it’s done.)",negative,0.8,"the speaker uses language of exclusion, rejection, or criticism, indicating an unfavorable social bond and negative emotional attribution toward the target."
conv_711,Speaker 1,Phoebe,"(-1 Turn: Speaker 3: I don't have any great ideas. I am eight.) (Target Turn: Speaker 1: Ahh! There's gotta be a way. I mean, you know, if Monica and Chandler move out here and now Phoebe is married to Mike. That just leaves me and Ross and Rach, you know what I mean?) (+1 Turn: Speaker 1: Ahh! There's gotta be a way. I mean, you know, if Monica and Chandler move out here and now Phoebe is married to Mike. That just leaves me and Ross and Rach, you know what I mean?)",positive,0.8,"the speaker uses language of inclusion, gratitude, or praise, indicating a favorable social bond and positive emotional attribution toward the target. the speaker is discussing a hypothetical scenario"
conv_328,Ross,Rachel,"(-1 Turn: N/A) (Target Turn: Speaker 1: Ok, so this is pretty much what's happened so far. Ross was in love with Rachel since, you know, forever, but every time he tried to tell her, something kind of got in the way, like cats, and Italian guys. Finally Chandler was like ""forget about her"" but when Ross was in China on his dig, Chandler let it slip that Ross was in love with Rachel. She was like, ""Oh my god."" So she went to the airport to meet him when he came back, but what she didn't know was, that Ross was getting off the plane with another woman. Uh-Oh! So, that's pretty much everything you need to know. But, enough about us. So, how've you been?) (+1 Turn: Speaker 1: Ok, so this is pretty much what's happened so far. Ross was in love with Rachel since, you know, forever, but every time he tried to tell her, something kind of got in the way, like cats, and Italian guys. Finally Chandler was like ""forget about her"" but when Ross was in China on his dig, Chandler let it slip that Ross was in love with Rachel. She was like, ""Oh my god."" So she went to the airport to meet him when he came back, but what she didn't know was, that Ross was getting off the plane with another woman. Uh-Oh! So, that's pretty much everything you need to know. But, enough about us. So, how've you been?)",neutral,0.9,"the speaker is providing a narrative about a past event, using a neutral tone and focusing on the facts. the language used is observational and lacks emotional charge or interpersonal sentiment. the s"
conv_888,Charlie,Joey,(-1 Turn: Speaker 1: And you know I wanted to ask Charlie out since the day I met her.) (Target Turn: Speaker 1: And you know I wanted to ask Charlie out since the day I met her.) (+1 Turn: Speaker 1: And you know I wanted to ask Charlie out since the day I met her.),neutral,0.8,"the speaker uses language of interest, curiosity, or inquiry, indicating a neutral social bond and a neutral emotional attribution toward the target."
conv_759,Francis,Ursula,"(-1 Turn: N/A) (Target Turn: Speaker 1: Okay. I have just a few questions to ask so I'm going to get out my official forms. Okay, so, question 1) You and uh, you were married to Francis' daughter Lilly, is that correct?) (+1 Turn: Speaker 1: Okay. I have just a few questions to ask so I'm going to get out my official forms. Okay, so, question 1) You and uh, you were married to Francis' daughter Lilly, is that correct?)",neutral,0.9,"the speaker is asking a series of questions, which is a neutral and task-oriented interaction. there is no emotional charge or interpersonal sentiment expressed in this dialogue."
conv_3,Phoebe,Mike,"(-1 Turn: N/A) (Target Turn: Speaker 1: I just finished getting Phoebe all dressed to meet Mike's parents. She's so nervous, it's so sweet!) (+1 Turn: Speaker 1: I just finished getting Phoebe all dressed to meet Mike's parents. She's so nervous, it's so sweet!)",positive,0.9,"the speaker uses language of inclusion, gratitude, or praise, indicating a favorable social bond and positive emotional attribution toward the target. the speaker describes phoebe's nervousness as ""so"
conv_124,Chandler,Speaker 2,(-1 Turn: Speaker 1: R-R-Richard said he wants to marry you?! And-and Chandler’s tellin’ ya how much he hates marriage?!) (Target Turn: Speaker 1: R-R-Richard said he wants to marry you?! And-and Chandler’s tellin’ ya how much he hates marriage?!) (+1 Turn: Speaker 1: R-R-Richard said he wants to marry you?! And-and Chandler’s tellin’ ya how much he hates marriage?!),negative,0.9,"the speaker's tone is incredulous, and the language used is sarcastic, indicating a negative emotional attribution toward the target. the speaker is also expressing surprise and possibly even shock, w"
conv_305,Ross,Rachel,"(-1 Turn: Speaker 1: Well, I'm off to Tulsa, so if your Maitre D. friend has any funny Oklahoma jokes, tell him to e-mail me at www.hahanotsomuch.com.) (Target Turn: Speaker 1: Well Ross was hangin' out over at our place, Rachel comes over to borrow some moisturiser from Chandler....) (+1 Turn: Speaker 1: Well, I'm off to Tulsa, so if your Maitre D. friend has any funny Oklahoma jokes, tell him to e-mail me at www.hahanotsomuch.com.)",positive,0.8,"the speaker is describing a social interaction involving friends, which is a common theme in the provided examples. the tone is casual and conversational, indicating a positive emotional attribution b"
conv_527,Speaker 2,Gloria Tribbiani,"(-1 Turn: N/A) (Target Turn: Speaker 2: I'll have you know that Gloria Tribbiani was a handsome woman in her day, alright? You think it's easy giving birth to seven children?) (+1 Turn: N/A)",neutral,0.7,"the speaker uses a tone of nostalgia, reminiscence, and possibly a hint of defensiveness, indicating a complex emotional attribution. the speaker is acknowledging gloria's past beauty and the challeng"
conv_91,Speaker 1,Ross,"(-1 Turn: Speaker 1: With my sister Jill and my ex-boyfriend Ross?) (Target Turn: Speaker 1: Oh my God! I can not believe that! I mean I don’t really like it when Ross goes out with anyone, but my sister isn’t that like incest or something?! Oh my God, and they’re gonna have sex! Oh! Oh no what if he marries her too?! Oh this is just terrible, this is just terrible. And I can’t stop it! I can’t—I don’t own Ross! Y’know? And Jill, she should be able to do whatever it is that she wants to do! And oh my God, I can’t believe Ross is marrying my little sister, this terrible. Oh my God, this is just the worst thing that could have ever happened to me.) (+1 Turn: Speaker 1: Oh my God! I can not believe that! I mean I don’t really like it when Ross goes out with anyone, but my sister isn’t that like incest or something?! Oh my God, and they’re gonna have sex! Oh! Oh no what if he marries her too?! Oh this is just terrible, this is just terrible. And I can’t stop it! I can’t—I don’t own Ross! Y’know? And Jill, she should be able to do whatever it is that she wants to do! And oh my God, I can’t believe Ross is marrying my little sister, this terrible. Oh my God, this is just the worst thing that could have ever happened to me.)",negative,0.95,"the speaker expresses strong negative emotions, such as shock, disgust, and despair, towards the situation. the use of phrases like ""oh my god"", ""this is just terrible"", and ""the worst thing that coul"
conv_192,Speaker 1,Joey,"(-1 Turn: Speaker 3: Oh my god. You're on Days of Our Lives.) (Target Turn: Speaker 1: Joey is a great guy, but we're just... so different! I mean, during your speech he kept laughing at homo erectus!) (+1 Turn: Speaker 1: Joey is a great guy, but we're just... so different! I mean, during your speech he kept laughing at homo erectus!)",neutral,0.8,"the speaker uses language of comparison, contrast, and humor, indicating a neutral emotional attribution toward the target. the tone is observational and lacks specific emotional charge or interperson"
conv_1004,Speaker 1,chick,"(-1 Turn: Speaker 1: Sorry! Sorry, I'm late; sorry, I'm late! My duck and my chick and a fight, it-it was ugly.) (Target Turn: Speaker 1: Sorry! Sorry, I'm late; sorry, I'm late! My duck and my chick and a fight, it-it was ugly.) (+1 Turn: Speaker 1: Sorry! Sorry, I'm late; sorry, I'm late! My duck and my chick and a fight, it-it was ugly.)",positive,0.9,"the speaker uses language of apology, self-deprecation, and humor, indicating a positive emotional attribution toward the target. the speaker is acknowledging their own mistake and making light of the"
conv_788,Joey,Rachel,(-1 Turn: Speaker 1: Joey…he’s not even thinking about going after Rachel!) (Target Turn: Speaker 1: Joey…he’s not even thinking about going after Rachel!) (+1 Turn: Speaker 1: Joey…he’s not even thinking about going after Rachel!),neutral,0.8,"the speaker mentions joey's name, which is a reference to a person, and rachel's name, which is also a reference to a person. the speaker's tone is neutral, and there is no explicit emotional language"
conv_356,Joey,Dina,"(-1 Turn: Speaker 4: No, no, no, that's Dina.) (Target Turn: Speaker 4: No, no, no, that's Dina.) (+1 Turn: Speaker 4: No, no, no, that's Dina.)",positive,0.8,"the speaker uses a name, which is a common way to establish a social bond and create a positive emotional attribution. the tone is also neutral, without any apparent conflict or negative sentiment."
conv_251,Mindy,Barry,"(-1 Turn: Speaker 4: Oh sorry, I hear divorce I immediately go to Ross. Who-who’s Barry and Mindy?) (Target Turn: Speaker 1: Barry was the guy that I was almost married and Mindy was my best friend.) (+1 Turn: Speaker 1: Barry was the guy that I was almost married and Mindy was my best friend.)",positive,0.9,"the speaker mentions a past relationship and a best friend, indicating a strong emotional connection and positive social bond. the tone is reflective and nostalgic, suggesting a positive emotional att"
conv_356,Gina,Joey,"(-1 Turn: Speaker 1: Oh! Some guy. Some guy. 'Hey Jill, I saw you with some guy last night. Yes, he was some guy.) (Target Turn: Speaker 4: Are you insane? I mean Joey, is going to kill you, he's actually going to kill you dead.) (+1 Turn: Speaker 4: Are you insane? I mean Joey, is going to kill you, he's actually going to kill you dead.)",negative,0.9,"the speaker uses language of hostility, aggression, or threat, indicating a negative emotional attribution between the parties."
conv_185,Speaker 1,Paulo,"(-1 Turn: Speaker 5: Umm, Wethering Heights. I'm taking a literature class at the New School and I have to finish it for the first session tomorrow.) (Target Turn: Speaker 2: Well, first of all, Paulo and I are not back together. It was just a stupid thing I did, and if I could go back in time and do it again, well, I wouldn't. Um, second of all, what?) (+1 Turn: Speaker 2: Well, first of all, Paulo and I are not back together. It was just a stupid thing I did, and if I could go back in time and do it again, well, I wouldn't. Um, second of all, what?)",negative,0.9,"the speaker expresses regret and disappointment about a past event, indicating a negative emotional attribution toward the target. the speaker also expresses a desire to change the past, which further"
conv_845,Speaker 2,Ross,(-1 Turn: Speaker 2: I’m just bummed about the way I left things with Ross. I shouldn’t have lied to him about having to work. He seemed so mad at me.) (Target Turn: Speaker 2: I’m just bummed about the way I left things with Ross. I shouldn’t have lied to him about having to work. He seemed so mad at me.) (+1 Turn: Speaker 2: I’m not in love with Ross!),negative,0.9,"the speaker expresses regret and remorse for their actions, indicating a negative emotional attribution toward the subject (ross). the speaker also acknowledges ross's anger, further supporting a nega"
conv_588,Monica,Speaker 2,"(-1 Turn: Speaker 1: Hey, Chandler, don't freak out! I'm telling you something you already know! Come on, she broke up with Richard because he didn't want to have babies. And she's a woman, and she's almost 30, and y'know it's Monica.) (Target Turn: Speaker 2: I don't see it that way. Okay? Because, I see two Monicas, the one that was my friend, who lived across the hall, and wanted to have a lot of babies and then the new Monica, who I just started to date. Now, who's to say what she wants?! I’m right. I'm right. Am I right?) (+1 Turn: Speaker 2: I don't see it that way. Okay? Because, I see two Monicas, the one that was my friend, who lived across the hall, and wanted to have a lot of babies and then the new Monica, who I just started to date. Now, who's to say what she wants?! I’m right. I'm right. Am I right?)",negative,0.9,"the speaker uses language of conflict, disagreement, and self-affirmation, indicating a negative emotional attribution toward the target. the speaker is defending their perspective and questioning the"
conv_157,Speaker 1,Lennart Haze,"(-1 Turn: Speaker 3: Stay calm?!! How do you expect me to stay calm?! This is unacceptable Rachel! And I wanna know why?!! Is it because that punk Ross won’t marry you?! That’s it! Is that it?!) (Target Turn: Speaker 3: Yeah, and Lennart Haze is starring in it...) (+1 Turn: Speaker 3: Yeah, and Lennart Haze is starring in it...)",neutral,0.8,"the dialogue is task-oriented, logistical, or observational. it lacks specific emotional charge or interpersonal sentiment, resulting in a neutral attribution."
conv_380,Speaker 1,Edward Nevski,(-1 Turn: Speaker 1: Yeah but it was because I-I had an eye exam and I don’t like my new eye doctor.) (Target Turn: Speaker 1: Edward Nevski?) (+1 Turn: Speaker 1: Edward Nevski?),neutral,0.8,"the speaker is addressing someone named edward nevski, but there is no context or emotional tone provided in the sentence. it appears to be a simple statement of fact."
conv_903,Chandler,Speaker 1,(-1 Turn: Speaker 1: Have you seen Chandler?) (Target Turn: Speaker 1: Have you seen Chandler?) (+1 Turn: Speaker 1: Have you seen Chandler?),neutral,0.9,"the sentence is a simple inquiry, lacking any emotional charge or interpersonal sentiment. it is a neutral, task-oriented statement."
conv_624,Joey,Speaker 1,"(-1 Turn: Speaker 2: Actually, you know, Joey is your friend, and you don't really know me that well; it would be weird.) (Target Turn: Speaker 1: Yeah. But you know what? I think you should give Joey a chance. I mean, he's a great guy, and sure he doesn't know that much about art but you know, you can always talk about that with someone else.) (+1 Turn: Speaker 1: Yeah. But you know what? I think you should give Joey a chance. I mean, he's a great guy, and sure he doesn't know that much about art but you know, you can always talk about that with someone else.)",positive,0.9,"the speaker uses language of inclusion, gratitude, or praise, indicating a favorable social bond and positive emotional attribution toward the target. the speaker also expresses a desire for the targe"
conv_294,Denise,Speaker 2,"(-1 Turn: Speaker 5: Come on, Pheebs lay off him.) (Target Turn: Speaker 2: Yes, Denise. Denise!) (+1 Turn: Speaker 2: Yes, Denise. Denise!)",positive,0.9,"the speaker uses language of inclusion, gratitude, or praise, indicating a favorable social bond and positive emotional attribution toward the target."
conv_671,Rachel,Bob Saget,"(-1 Turn: Speaker 2: Yeah, I'm sorry man.) (Target Turn: Speaker 3: Oh I do, it's.... it's Bob Saget. She hates him.) (+1 Turn: Speaker 3: Oh I do, it's.... it's Bob Saget. She hates him.)",negative,0.8,"the speaker mentions a celebrity, bob saget, which may be a neutral or positive reference. the speaker also mentions that the subject ""hates"" bob saget, which suggests a negative emotional attribution"
conv_833,Monica,Speaker 2,"(-1 Turn: Speaker 2: Oh no-no-no, Monica would freak. But to hell with that bitch.) (Target Turn: Speaker 2: Oh no-no-no, Monica would freak. But to hell with that bitch.) (+1 Turn: Speaker 2: Oh no-no-no, Monica would freak. But to hell with that bitch.)",negative,0.9,"the speaker uses language of hostility, aggression, or contempt, indicating an unfavorable social bond and negative emotional attribution toward the target."
conv_58,Carol,Ben,"(-1 Turn: Speaker 1: Are you one of Ben’s mothers?) (Target Turn: Speaker 2: I am one of Ben’s mothers. I’m a lesbian. It was, it was difficult coming out to my parents.) (+1 Turn: Speaker 2: I am one of Ben’s mothers. I’m a lesbian. It was, it was difficult coming out to my parents.)",neutral,0.8,"the speaker shares personal information about their sexual orientation, which may be perceived as vulnerable or intimate. the tone is matter-of-fact, without apparent emotional charge or judgment. the"
conv_82,Speaker 1,Joey,"(-1 Turn: Speaker 1: Mrs. Bing? Here, these are my parents umm, Judy and Jack Geller.) (Target Turn: Speaker 2: Ah, yeah, he's so adorable, God, he's just so much fun, Joey is the best, I'm glad you're having so much fun here.) (+1 Turn: Speaker 2: Ah, yeah, he's so adorable, God, he's just so much fun, Joey is the best, I'm glad you're having so much fun here.)",positive,0.95,"the speaker uses language of affection, admiration, and enthusiasm, indicating a strong positive emotional attribution toward the subject, joey."
conv_135,Roger,Speaker 3,"(-1 Turn: Speaker 2: Well, I heard that you thinking about asking Phoebe to move in with you and I thought maybe, we should have a talk. Man to uh, me.) (Target Turn: Speaker 1: Roger wants to take her out tomorrow night.) (+1 Turn: Speaker 1: Roger wants to take her out tomorrow night.)",neutral,0.8,"the speaker is mentioning a specific person, roger, and his intention to take someone out, indicating a social interaction. the tone is neutral, without any emotional charge or interpersonal sentiment"
conv_315,Speaker 2,Mike,"(-1 Turn: Speaker 2: Well Joey doesn’t like to talk about it but, he’s one of the stars of Days Of Our Lives.) (Target Turn: Speaker 2: Oh... Mike's sister just invited me to a party tonight, he's gonna be there. And she was like ""Oh, don't worry! I asked him. He's totally ok with seeing you!"". So now I have to go so he'll think that I'm totally ok with seeing him!) (+1 Turn: Speaker 2: Well Joey doesn’t like to talk about it but, he’s one of the stars of Days Of Our Lives.)",negative,0.8,the speaker is sharing a personal experience and expressing a sense of anxiety or uncertainty about attending a party where mike will be present. the speaker is also implying that mike's sister is try
conv_323,Joshua,Speaker 2,"(-1 Turn: Speaker 2: Or I’ll give them to my new boyfriend, Joshua.) (Target Turn: Speaker 2: Or I’ll give them to my new boyfriend, Joshua.) (+1 Turn: Speaker 2: Or I’ll give them to my new boyfriend, Joshua.)",negative,0.9,"the speaker uses language of threat, coercion, or rejection, indicating a negative emotional attribution toward the target."
conv_138,Joshua,Speaker 1,"(-1 Turn: Speaker 2: Well, we were um, sorta invited to go skiing, y'know Rachel's sister's cabin.) (Target Turn: Speaker 1: Y’know who doesn’t even like dirty movies? My new boyfriend Joshua.) (+1 Turn: Speaker 1: Y’know who doesn’t even like dirty movies? My new boyfriend Joshua.)",positive,0.8,"the speaker mentions a new boyfriend, which implies a positive emotional attribution. the tone is casual and conversational, indicating a friendly and relaxed atmosphere. the mention of ""dirty movies"""
conv_895,Speaker 1,Swedish,(-1 Turn: Speaker 2: No! No-no they’re not. They’re still very angry! But y’know Chandler is also half-Swedish. You know what the Swedish people are famous for? Sitting down and being quiet.) (Target Turn: Speaker 2: No! No-no they’re not. They’re still very angry! But y’know Chandler is also half-Swedish. You know what the Swedish people are famous for? Sitting down and being quiet.) (+1 Turn: Speaker 2: No! No-no they’re not. They’re still very angry! But y’know Chandler is also half-Swedish. You know what the Swedish people are famous for? Sitting down and being quiet.),positive,0.9,"the speaker uses language of teasing, sarcasm, and humor, indicating a playful and lighthearted tone. the mention of chandler's swedish heritage is used to make a joke, which is a common way to build"
conv_1040,Joey,Kathy,"(-1 Turn: Speaker 1: Actually, this is for Kathy's birthday. It's an early edition of her favorite book.) (Target Turn: Speaker 1: Actually, this is for Kathy's birthday. It's an early edition of her favorite book.) (+1 Turn: Speaker 1: Actually, this is for Kathy's birthday. It's an early edition of her favorite book.)",positive,0.8,"the speaker is giving a gift to kathy, indicating a positive and friendly interaction. the tone is neutral and task-oriented, focusing on the gift rather than any emotional sentiment."
conv_155,Speaker 2,Emily,(-1 Turn: Speaker 2: We all hate Emily!) (Target Turn: Speaker 2: We all hate Emily!) (+1 Turn: Speaker 2: We all hate Emily!),negative,0.9,"the interaction contains elements of conflict, social rejection, or hostile intent, establishing a negative emotional attribution between the parties."
conv_252,Leslie,Speaker 1,"(-1 Turn: Speaker 1: Well, alright, that's fine. What about Leslie?) (Target Turn: Speaker 2: Oh, no, no. Not Leslie. No, she's, she's the only one that knows how to burp the alphabet.) (+1 Turn: Speaker 2: Oh, no, no. Not Leslie. No, she's, she's the only one that knows how to burp the alphabet.)",positive,0.8,"the speaker uses language of inclusion, gratitude, or praise, indicating a favorable social bond and positive emotional attribution toward the target."
conv_298,Chandler,Mr. Chandler,(-1 Turn: Speaker 2: More turkey Mr. Chandler?) (Target Turn: Speaker 2: More turkey Mr. Chandler?) (+1 Turn: Speaker 2: More turkey Mr. Chandler?),positive,0.8,"the speaker uses a formal address (""mr."") and a name (""chandler""), indicating a level of familiarity and respect. the request for ""more turkey"" is a neutral topic, and the tone is polite."
conv_723,Mike,Speaker 1,(-1 Turn: N/A) (Target Turn: Speaker 2: Hey! Where's Mike?) (+1 Turn: Speaker 2: Hey! Where's Mike?),neutral,0.8,"the dialogue is task-oriented, logistical, or observational. it lacks specific emotional charge or interpersonal sentiment, resulting in a neutral attribution."
conv_608,Althea,Speaker 5,(-1 Turn: Speaker 4: Althea!) (Target Turn: Speaker 4: Althea!) (+1 Turn: Speaker 4: Althea!),positive,0.8,"the speaker uses a name, indicating a familiar or known entity, which suggests a positive emotional attribution."
conv_16,Speaker 2,Buddy,"(-1 Turn: Speaker 2: My fish, Buddy.) (Target Turn: Speaker 2: Oh, this is, this is unbelievable. I mean, first you sleep with my ex-girlfriend then you insult my intelligence by lying about it and then you kill my fish, my Buddy?) (+1 Turn: Speaker 2: Oh, this is, this is unbelievable. I mean, first you sleep with my ex-girlfriend then you insult my intelligence by lying about it and then you kill my fish, my Buddy?)",negative,0.95,"the speaker uses language of strong negative emotions, such as disbelief, anger, and betrayal, indicating a strong negative emotional attribution toward the target."
conv_892,Ashley,Brittany,"(-1 Turn: Speaker 1: Well, see when you're acting you need to think about stuff like that. My character, Joseph the processor guy, has two little girls, Ashley and Brittany. Ashley copies everything Brittany does.) (Target Turn: Speaker 1: Well, see when you're acting you need to think about stuff like that. My character, Joseph the processor guy, has two little girls, Ashley and Brittany. Ashley copies everything Brittany does.) (+1 Turn: Speaker 1: Well, see when you're acting you need to think about stuff like that. My character, Joseph the processor guy, has two little girls, Ashley and Brittany. Ashley copies everything Brittany does.)",neutral,0.8,"the speaker is discussing a character's family, specifically the character's daughters, ashley and brittany. the speaker is providing context for the character's actions, indicating a neutral or obser"
conv_356,Veronica,Joey,"(-1 Turn: Speaker 2: Ah, I fooled around with Joey's sister. Well, that's not the worst part.) (Target Turn: Speaker 2: Ah, I fooled around with Joey's sister. Well, that's not the worst part.) (+1 Turn: Speaker 2: Ah, I fooled around with Joey's sister. Well, that's not the worst part.)",negative,0.8,"the speaker shares a personal experience, which may be perceived as embarrassing or shameful, potentially leading to a negative emotional attribution between the parties."
conv_804,Rachel,Speaker 2,"(-1 Turn: Speaker 2: Yeah, I'm a friend of Rachel Green's. Uhm, actually we met at the Christmas party about two years ago.) (Target Turn: Speaker 2: Yeah, I'm a friend of Rachel Green's. Uhm, actually we met at the Christmas party about two years ago.) (+1 Turn: Speaker 2: Yeah, I'm a friend of Rachel Green's. Uhm, actually we met at the Christmas party about two years ago.)",neutral,0.8,"the speaker introduces themselves as a friend of rachel green's, indicating a positive social bond. the tone is casual and friendly, suggesting a neutral emotional attribution."
conv_58,Speaker 1,Aunt Syl,"(-1 Turn: Speaker 1: Aunt Syl, stop yelling! All I'm saying is that if you had told me vegetarian lasagna, I would have made vegetarian lasagna. Well, the meat's only every third layer, maybe you could scrape.) (Target Turn: Speaker 1: Aunt Syl, stop yelling! All I'm saying is that if you had told me vegetarian lasagna, I would have made vegetarian lasagna. Well, the meat's only every third layer, maybe you could scrape.) (+1 Turn: Speaker 1: Aunt Syl, stop yelling! All I'm saying is that if you had told me vegetarian lasagna, I would have made vegetarian lasagna. Well, the meat's only every third layer, maybe you could scrape.)",negative,0.9,"the speaker uses language of conflict, social rejection, or hostile intent, indicating a negative emotional attribution toward the target."
conv_198,Leon,Speaker 1,"(-1 Turn: Speaker 1: I need to get some Richard.) (Target Turn: Speaker 1: I'm at work, ordinary day, you know, chop chop chop, sauti, sauti, sauti. All of a sudden, Leon, the manager, calls me into his office. It turns out they fired the head lunch chef, and guess who got the job.) (+1 Turn: Speaker 1: I'm at work, ordinary day, you know, chop chop chop, sauti, sauti, sauti. All of a sudden, Leon, the manager, calls me into his office. It turns out they fired the head lunch chef, and guess who got the job.)",neutral,0.8,"the speaker uses a casual, matter-of-fact tone, describing a normal day at work. the introduction of leon, the manager, and the sudden change in events creates a sense of surprise and intrigue. the sp"
conv_150,Speaker 1,Ross,"(-1 Turn: Speaker 4: Chandler’s gonna ask Monica to marry him!) (Target Turn: Speaker 1: Ross, hi, it's Rachel. I'm just calling to say that um, everything's fine and I'm really happy for you and your cat who, by the way, I think you should name Michael. And, you know, ya see there I'm thinking of names so obviously, I am over you. I am over you and that, my friend, is what they call closure.) (+1 Turn: N/A)",positive,0.9,"the speaker uses language of self-assertion, self-empowerment, and closure, indicating a positive emotional attribution toward herself. the speaker also uses language of playful teasing and humor, ind"
conv_579,Speaker 1,Erin,(-1 Turn: N/A) (Target Turn: Speaker 3: How did it go with Erin?) (+1 Turn: Speaker 3: How did it go with Erin?),neutral,0.8,"the speaker is asking about the outcome of an interaction with erin, which implies a level of interest and concern. the tone is neutral, without any explicit emotional language."
conv_760,Mrs. Newman,Speaker 3,"(-1 Turn: Speaker 3: I wish I could know if you’d heard any of that. I suppose I’ve either just told you I love you or given my neighbours a good laugh. Mrs. Newman if you’re listening, bugger off this in none of your business. I suppose there’s not much chance you did heard that, and there’s the call waiting so, I should go. Oh well. Hello.) (Target Turn: Speaker 3: I wish I could know if you’d heard any of that. I suppose I’ve either just told you I love you or given my neighbours a good laugh. Mrs. Newman if you’re listening, bugger off this in none of your business. I suppose there’s not much chance you did heard that, and there’s the call waiting so, I should go. Oh well. Hello.) (+1 Turn: Speaker 3: I wish I could know if you’d heard any of that. I suppose I’ve either just told you I love you or given my neighbours a good laugh. Mrs. Newman if you’re listening, bugger off this in none of your business. I suppose there’s not much chance you did heard that, and there’s the call waiting so, I should go. Oh well. Hello.)",negative,0.7,"the speaker expresses a mix of emotions, including vulnerability, frustration, and possibly even a hint of humor. the speaker's tone is informal and conversational, with a touch of sarcasm. the speake"
conv_84,Speaker 2,Joey,(-1 Turn: Speaker 2: Ok! Joey is having a secret Days Of Our Lives party up on the roof and he sent you guys to the play to get rid of you!) (Target Turn: Speaker 2: Ok! Joey is having a secret Days Of Our Lives party up on the roof and he sent you guys to the play to get rid of you!) (+1 Turn: Speaker 2: Ok! Joey is having a secret Days Of Our Lives party up on the roof and he sent you guys to the play to get rid of you!),negative,0.9,"the speaker uses language of exclusion, secrecy, or manipulation, indicating a negative emotional attribution toward the target."
conv_276,Ross,Speaker 5,"(-1 Turn: Speaker 3: Okay, Ross is in the bathroom.) (Target Turn: Speaker 3: Okay, Ross is in the bathroom.) (+1 Turn: Speaker 3: Okay, Ross is in the bathroom.)",neutral,0.9,"the interaction is task-oriented, logistical, or observational, with no specific emotional charge or interpersonal sentiment. the speaker is simply stating a fact about ross's location."
conv_356,Joey,Veronica,"(-1 Turn: Speaker 1: She's right, it's Jill. Jill Goodacre. Oh my God. I am trapped in an ATM vestibule with Jill Goodacre! Is it a vestibule? Maybe it's an atrium. Oh, yeah, that is the part to focus on, you idiot!) (Target Turn: Speaker 2: Ah, I fooled around with Joey's sister. Well, that's not the worst part.) (+1 Turn: Speaker 2: Ah, I fooled around with Joey's sister. Well, that's not the worst part.)",negative,0.9,"the speaker's statement implies a negative social bond and a negative emotional attribution toward the subject, as they are sharing a personal and potentially embarrassing secret about someone's siste"
conv_510,Speaker 1,Chandler,"(-1 Turn: Speaker 1: No one! They are my friends, I wouldn’t punch any of them.) (Target Turn: Speaker 2: Chandler?) (+1 Turn: Speaker 2: Chandler?)",neutral,0.9,"the dialogue is task-oriented, logistical, or observational. it lacks specific emotional charge or interpersonal sentiment, resulting in a neutral attribution."
conv_200,Speaker 5,Richard,(-1 Turn: Speaker 2: Richard? I'm not gonna go see your ex-boyfriend!) (Target Turn: Speaker 2: Richard? I'm not gonna go see your ex-boyfriend!) (+1 Turn: Speaker 2: Richard? I'm not gonna go see your ex-boyfriend!),negative,0.9,"the speaker uses language of exclusion, rejection, or criticism, indicating an unfavorable social bond and negative emotional attribution toward the target."
conv_160,Emma,Speaker 1,"(-1 Turn: Speaker 1: Chandler... hey... Rach... what's Hugsy doin' in the crib with Emma?) (Target Turn: Speaker 2: Well, I was thinking of taking Emma to the playground!) (+1 Turn: Speaker 2: Well, I was thinking of taking Emma to the playground!)",positive,0.9,"the speaker is planning an activity with emma, indicating a positive social bond and emotional attribution."
conv_389,Speaker 1,Phoebe,"(-1 Turn: Speaker 2: Joe, I love Phoebe. She's the single most important thing in my life. I'd die before I let anything happen to her.) (Target Turn: Speaker 2: Joe, I love Phoebe. She's the single most important thing in my life. I'd die before I let anything happen to her.) (+1 Turn: Speaker 2: Joe, I love Phoebe. She's the single most important thing in my life. I'd die before I let anything happen to her.)",positive,0.95,"the speaker expresses strong affection and devotion to phoebe, indicating a deep emotional connection and positive emotional attribution."
conv_804,Speaker 1,Rachel,"(-1 Turn: Speaker 2: You let Rachel come back, and it’s done.) (Target Turn: Speaker 2: You let Rachel come back, and it’s done.) (+1 Turn: Speaker 2: You let Rachel come back, and it’s done.)",negative,0.8,"the speaker's tone is critical and accusatory, implying a negative emotional attribution towards the subject. the use of ""you let"" and ""it's done"" suggests a sense of regret or disappointment."
conv_170,Jack,Speaker 6,"(-1 Turn: Speaker 2: Oh, Jack Bing. I love that. Ooh, it sounds like a '40s newspaper guy, you know? ""Jack Bing, Morning Gazette. I'm gonna blow this story wide open!"") (Target Turn: Speaker 2: Oh, Jack Bing. I love that. Ooh, it sounds like a '40s newspaper guy, you know? ""Jack Bing, Morning Gazette. I'm gonna blow this story wide open!"") (+1 Turn: Speaker 2: Oh, Jack Bing. I love that. Ooh, it sounds like a '40s newspaper guy, you know? ""Jack Bing, Morning Gazette. I'm gonna blow this story wide open!"")",positive,0.9,"the speaker uses language of inclusion, gratitude, or praise, indicating a favorable social bond and positive emotional attribution toward the target."
conv_84,Emma,Speaker 2,(-1 Turn: Speaker 2: So when do I get to meet Emma and show her this?) (Target Turn: Speaker 2: So when do I get to meet Emma and show her this?) (+1 Turn: Speaker 1: You just wanna stay home so you can make a move on Joey!),neutral,0.7,"the speaker is asking about meeting someone named emma, which implies a desire for social interaction and potentially a positive emotional attribution. however, the context is unclear, and the tone is"
conv_27,Carol,Susan,"(-1 Turn: Speaker 1: Ross, she’s 25 years old.) (Target Turn: Speaker 1: I got some, uh, hers and hers towels for Susan and Carol. And, uh, I got this blouse for mom.) (+1 Turn: Speaker 1: I got some, uh, hers and hers towels for Susan and Carol. And, uh, I got this blouse for mom.)",positive,0.9,"the speaker is giving gifts to loved ones, indicating a positive emotional attribution toward the recipients. the use of ""hers and hers"" towels suggests a romantic relationship between susan and carol"
conv_276,Speaker 5,Kip,"(-1 Turn: Speaker 1: Oh my God, its happening. It's already started. I'm Kip.) (Target Turn: Speaker 2: Hey, you're not Kip!) (+1 Turn: Speaker 2: Hey, you're not Kip!)",neutral,0.9,"the sentence lacks specific emotional charge or interpersonal sentiment, and the speaker's tone is neutral. the sentence is a simple greeting, and there is no apparent conflict or social rejection."
conv_38,Speaker 1,Rachel,"(-1 Turn: Speaker 1: Okay. I got nominated for my part on Days of Our Lives!) (Target Turn: Speaker 1: Do uh, do you got any beer? All-all I got is this melon stuff that Rachel left. I don’t…) (+1 Turn: Speaker 1: Okay. I got nominated for my part on Days of Our Lives!)",positive,0.8,"the speaker is asking for beer, which is a casual and informal request, indicating a friendly and relaxed social bond. the speaker also mentions rachel, which implies a positive association with the t"
conv_295,Speaker 1,Pottery Barn,"(-1 Turn: Speaker 2: Uh, yeah! I still can’t believe she hates Pottery Barn!) (Target Turn: Speaker 2: Yeah but Pottery Barn! Y’know what I think? It’s just she-she’s weird. Y’know it’s because she’s a twin. Twins are weird.) (+1 Turn: Speaker 2: Yeah but Pottery Barn! Y’know what I think? It’s just she-she’s weird. Y’know it’s because she’s a twin. Twins are weird.)",negative,0.9,"the speaker uses language of social rejection, labeling the target as ""weird"", indicating a negative emotional attribution."
conv_275,Tag,Speaker 1,"(-1 Turn: Speaker 3: Okay, wait a minute, wait a minute, why are we so sure that this is a girl?) (Target Turn: Speaker 1: How would you feel about taking out my assistant Tag? I’ll pay.) (+1 Turn: Speaker 1: How would you feel about taking out my assistant Tag? I’ll pay.)",positive,0.8,"the speaker is asking the target about their willingness to go on a date with tag, indicating a potential romantic interest. the speaker is also offering to pay, which could be seen as a gesture of ki"
conv_506,Speaker 1,Emily,"(-1 Turn: N/A) (Target Turn: Speaker 1: So I asked Emily if she would come to New York, and she said yes.) (+1 Turn: Speaker 1: So I asked Emily if she would come to New York, and she said yes.)",neutral,0.8,"the dialogue is task-oriented, logistical, or observational. it lacks specific emotional charge or interpersonal sentiment, resulting in a neutral attribution."
conv_638,Speaker 2,Ross,"(-1 Turn: Speaker 3: Yeah, Rachel. And this is Ross' sister, Monica. We met at Thanksgiving.) (Target Turn: Speaker 3: Yeah, Rachel. And this is Ross' sister, Monica. We met at Thanksgiving.) (+1 Turn: Speaker 3: Yeah, Rachel. And this is Ross' sister, Monica. We met at Thanksgiving.)",neutral,0.9,"the speaker introduces the subject (monica) and object (rachel) in a neutral context, without any emotional charge or interpersonal sentiment. the dialogue is task-oriented, logistical, or observation"
conv_426,Rachel,Speaker 2,"(-1 Turn: Speaker 3: Look, I-I-I am sorry that Rachel dumped you 'cause she fell in love with that Mark guy, and you are the innocent victim in all of this, but don't punish your friends for what Rachel did to you.) (Target Turn: Speaker 3: Look, I-I-I am sorry that Rachel dumped you 'cause she fell in love with that Mark guy, and you are the innocent victim in all of this, but don't punish your friends for what Rachel did to you.) (+1 Turn: Speaker 3: Look, I-I-I am sorry that Rachel dumped you 'cause she fell in love with that Mark guy, and you are the innocent victim in all of this, but don't punish your friends for what Rachel did to you.)",positive,0.9,"the speaker uses language of empathy, apology, and understanding, indicating a positive emotional attribution toward the target. the speaker acknowledges the target's pain and offers a conciliatory to"
conv_802,Speaker 2,Gandolf,"(-1 Turn: Speaker 1: Kathy’s with her parents, I have nothing to do, so tomorrow we are partying with Gandolf dude!) (Target Turn: Speaker 1: Kathy’s with her parents, I have nothing to do, so tomorrow we are partying with Gandolf dude!) (+1 Turn: Speaker 1: Kathy’s with her parents, I have nothing to do, so tomorrow we are partying with Gandolf dude!)",positive,0.9,"the speaker is expressing a desire to party with gandolf, indicating a positive emotional attribution toward the target. the tone is casual and friendly, suggesting a social bond between the parties."
conv_32,Ginger,Pepper,"(-1 Turn: Speaker 2: Come on, you're going to Bloomingdales with Julie? That's like cheating on Rachel in her house of worship.) (Target Turn: Speaker 1: Nooo. No, no, ah, are you sure it wasn’t something that sounded like Ginger, like ah, Gingeer?) (+1 Turn: Speaker 1: Nooo. No, no, ah, are you sure it wasn’t something that sounded like Ginger, like ah, Gingeer?)",negative,0.8,"the speaker's tone and language convey a sense of surprise, concern, and possibly even panic, indicating a negative emotional attribution between the parties."
conv_160,Emma,Speaker 1,"(-1 Turn: Speaker 1: Ross, those things go like 40 miles an hour! Ok? When you're... and there is that moment when you are at the top, when you just don't know if you're gonna return back to earth!) (Target Turn: Speaker 2: Space is filled with orbiting children. Look, please, just come on, you know, when you see the look on Emma's face, I swear you won't regret it.) (+1 Turn: Speaker 2: Space is filled with orbiting children. Look, please, just come on, you know, when you see the look on Emma's face, I swear you won't regret it.)",positive,0.9,"the speaker uses language of persuasion, inclusion, and emotional appeal, indicating a positive social bond and emotional attribution toward the target. the speaker is trying to convince the listener"
conv_160,Speaker 1,Emma,"(-1 Turn: Speaker 1: Rachel... let's be clear on this, ok? I do not love Hugsy. I like him a normal amount...) (Target Turn: Speaker 1: Ok, look, Ross. I do not want Emma going to the playground.) (+1 Turn: Speaker 1: Rachel... let's be clear on this, ok? I do not love Hugsy. I like him a normal amount...)",neutral,0.7,"the speaker uses a direct and assertive tone, indicating a sense of authority and control. the use of the phrase ""i do not want"" implies a strong desire to prevent something from happening. the speake"
conv_643,Speaker 1,Mike,(-1 Turn: Speaker 1: Mike?? Who's Mike?) (Target Turn: Speaker 1: Mike?? Who's Mike?) (+1 Turn: Speaker 1: Mike?? Who's Mike?),neutral,0.8,"the dialogue is task-oriented, logistical, or observational. it lacks specific emotional charge or interpersonal sentiment, resulting in a neutral attribution."
conv_160,Emma,Hugsy,"(-1 Turn: Speaker 2: Like I said I was thinking of taking Emma to the museum of knives and fire!) (Target Turn: Speaker 1: Rachel... let's be clear on this, ok? I do not love Hugsy. I like him a normal amount...) (+1 Turn: Speaker 1: And the best part is, we're filming in the desert outside Vegas! And you know what that means buddy!)",neutral,0.8,"the speaker uses language of clarity, directness, and specificity, indicating a neutral or objective tone. the speaker does not express strong emotions or sentiment, and the language is not overly pos"
conv_180,Emily,Ross,"(-1 Turn: Speaker 2: Well, if you’re on e of Ross’s best friends, why aren’t you here?) (Target Turn: Speaker 2: Well, if you’re on e of Ross’s best friends, why aren’t you here?) (+1 Turn: Speaker 2: Well, if you’re on e of Ross’s best friends, why aren’t you here?)",neutral,0.8,"the speaker's question seems to be a gentle inquiry, with no apparent hostility or aggression. the tone is more curious than confrontational."
conv_219,Aunt Marilyn,Speaker 1,"(-1 Turn: Speaker 1: She looks exactly like Aunt Marilyn.) (Target Turn: Speaker 3: Umm, so this Aunt Marilyn is-is-is-is she coming to the wedding?) (+1 Turn: Speaker 3: Umm, so this Aunt Marilyn is-is-is-is she coming to the wedding?)",neutral,0.9,"the speaker is asking about the attendance of a family member at a wedding, which is a neutral topic. the tone is inquiring and lacks emotional charge."
