conv_id,subject,object,sentence,llm_label,llm_confidence,llm_reasoning
conv_276,Kip,Speaker 5,"[Turn 11] [SPEAKER] Speaker 1: Oh my God, its happening. It's already started. I'm [E1]Kip[/E1].",positive,0.8,"the speaker's language is excited and anticipatory, indicating a sense of urgency and importance. the use of ""oh my god"" and ""it's already started"" suggests a strong emotional response, which is likel"
conv_319,Speaker 3,Dan,"[Turn 4] [SPEAKER] Speaker 3: Yeah, Ross can't go so it's between my friend Eric Prower who has breath issues and [E2]Dan[/E2] with the poking.  'Did you see that play? Do you want some more beer? Is that Spike Lee?'",positive,0.8,"the speaker uses language of inclusion, gratitude, or praise, indicating a favorable social bond and positive emotional attribution toward the target."
conv_793,Judy,Speaker 2,"[Turn 4] [SPEAKER] Speaker 3: Umm, I'm sorry [E1]Judy[/E1], I couldn't find that bowl that you and Jack were looking for.",negative,0.8,"the speaker uses apologetic language, indicating a sense of regret or remorse, which suggests a negative emotional attribution toward the target."
conv_68,Mattress King,Janice,"[Turn 12] [SPEAKER] Speaker 2: Okay. I went down to the '[E1]Mattress King[/E1]' showroom and, and I saw [E2]Janice[/E2], kissing her ex-husband.",negative,0.8,the speaker mentions a specific event (janice kissing her ex-husband) that is likely to elicit a negative emotional response from the listener. the speaker's tone is likely to be critical or disapprov
conv_656,Speaker 2,Phoebe,"[Turn 4] [SPEAKER] Speaker 2: This is Monica! I'm [E2]Phoebe[/E2]'s friend. Listen, [E2]Phoebe[/E2] is back with David and he's going to propose to her, and she is going to say ""yes"" but I know she really wants to be with you!",positive,0.9,"the speaker is sharing confidential information about phoebe's relationship, indicating a level of trust and intimacy. the speaker is also expressing concern for phoebe's feelings, suggesting a positi"
conv_1024,Speaker 4,Duncan,"[Turn 4] [SPEAKER] Speaker 4: Um, I'm gonna go meet [E2]Duncan[/E2], he's skating tonight at the Garden, he's in the Capades.",neutral,0.8,"the speaker is planning to meet someone, indicating a neutral interaction. the tone is casual and lacks emotional charge."
conv_733,Speaker 1,Emily,"[Turn 5] [SPEAKER] Speaker 1: Okay, I did not abandon Rachel! Okay? [E2]Emily[/E2] showed up at the airport! I had to go after her! I mean, I-I did what I had to do! She's my wife! Rachel is my wife! Y'know—[E2]Emily[/E2]! [E2]Emily[/E2], is my wife! Man, what is that?",negative,0.8,"the speaker's language is defensive, and they are emphasizing their commitment to rachel, indicating a strong emotional bond. the mention of emily as their wife suggests a sense of ownership and contr"
conv_135,Phoebe,Speaker 1,"[Turn 10] [SPEAKER] Speaker 2: I am trying to open your eyes, my man! Don't you see, if you lived with [E1]Phoebe[/E1] she's always gonna be there. You're gonna get home, she's there. You go to bed, she's there. You wake up and oh yes, she's there!",positive,0.9,"the speaker is using a persuasive tone, emphasizing the importance of having phoebe in the speaker's life. the use of ""my man"" and ""don't you see"" creates a sense of intimacy and urgency, indicating a"
conv_737,Emily,Ross,"[Turn 6] [SPEAKER] Speaker 2: Oh, honey, please, no, I can't get started with all that [E2]Ross[/E2] stuff again. I mean, he's gonna screwed up for a looong time. And besides y'know, I don't, I don't go for guys right after they get divorced.",negative,0.8,"the speaker uses language of rejection, disinterest, or dismissal, indicating a negative emotional attribution toward the target. the speaker also expresses empathy and understanding for the target's"
conv_870,Ross,Speaker 2,"[Turn 18] [SPEAKER] Speaker 2: Look, this is not that big of a deal! You just don’t date [E1]Ross[/E1]! There’s a million other guys out there, you just…",negative,0.9,"the speaker uses language of exclusion, criticism, or disapproval, indicating an unfavorable social bond and negative emotional attribution toward the target."
conv_136,Speaker 2,Bonnie,"[Turn 1] [SPEAKER] Speaker 1: So Ross, how umm, how did it go with [E2]Bonnie[/E2]?",neutral,0.8,"the speaker uses a question to initiate a conversation, which is a neutral and non-confrontational way to interact. the speaker is showing interest in the target's life and experiences, which can be s"
conv_1061,Speaker 7,Fonzie,"[Turn 16] [SPEAKER] Speaker 5: Did he just say, he loves [E2]Fonzie[/E2]?",positive,0.8,"the speaker's tone is playful, and the use of the name ""fonzie"" is a reference to a popular tv character, indicating a lighthearted and humorous interaction. the speaker's emotional attribution is lik"
conv_333,Speaker 1,Ross,"[Turn 6] [SPEAKER] Speaker 2: We have too! I mean what if [E2]Ross[/E2]'s hears that and then calls her back and then they get back together? Is that what you want? [E2]Ross[/E2] back with that controlling, neurotic, crazy Emily? The Emily that wouldn't let him see you?",negative,0.95,"the speaker expresses strong negative emotions towards emily, using language of criticism, disdain, and rejection. the speaker also implies a sense of ownership and control over ross, indicating a pos"
conv_329,Emma,Amy,"[Turn 4] [SPEAKER] Speaker 2: Ok, fine, but I don't want them bonding to much. I don't want her telling [E1]Emma[/E1] she needs a nose job.",negative,0.9,"the speaker expresses concern about the subject's (emma) physical appearance, indicating a negative emotional attribution."
conv_198,Speaker 1,Richard,[Turn 3] [SPEAKER] Speaker 1: I need to get some [E2]Richard[/E2].,neutral,0.8,"the speaker is asking for someone named richard, which implies a request or inquiry, lacking specific emotional charge or interpersonal sentiment."
conv_491,Emily,British,"[Turn 7] [SPEAKER] Speaker 3: Oh, thanks Gunther. STUPID BRITISH SNACK FOOD!!!!!!!",negative,0.9,"the speaker uses strong language of frustration, anger, or disgust, indicating a negative emotional attribution toward the object (british snack food)."
conv_595,Speaker 4,Daryl Hannah,"[Turn 9] [SPEAKER] Speaker 4: [E2]Daryl Hannah[/E2] was the most beautiful woman that he'd ever seen in his life and I said yeah, I liked her in Splash, a lot, but not so much in- in Wall Street, I thought she had kind of a",positive,0.9,"the speaker describes a person as the most beautiful woman they've ever seen, indicating a strong positive emotional attribution. the speaker also mentions a shared experience (watching splash) and a"
conv_180,Speaker 3,Ross,"[Turn 5] [SPEAKER] Speaker 3: Oh, I’m Phoebe Buffay. I’m one of [E2]Ross[/E2]’s best friends.",positive,0.9,"the speaker introduces themselves as phoebe buffay, one of ross's best friends, indicating a friendly and social tone. the interaction lacks any negative or conflictual elements."
conv_880,Marjorie,Speaker 2,"[Turn 7] [SPEAKER] Speaker 1: I made her. Steel drums don't really say ""elegant wedding"". Nor does [E1]Marjorie[/E1]'s overwhelming scent.",negative,0.9,"the speaker uses language of criticism, disapproval, or rejection, indicating an unfavorable social bond and negative emotional attribution toward the object (marjorie)."
conv_195,Monica,Speaker 2,"[Turn 5] [SPEAKER] Speaker 1: No. But, [E1]Monica[/E1] and I were talking, and-and I was so upset about the hall being knocked down, and she suggested that we put the wedding off for a bit.",neutral,0.8,"the speaker expresses a negative emotional state (being upset) and mentions a conversation with monica, indicating a positive social bond. the speaker's emotional state is not directed at the target,"
conv_760,Speaker 3,Colin,"[Turn 11] [SPEAKER] Speaker 3: Ross, are you there? Ross, I don’t know if you can hear this but… I’m gonna talk anyway, uh, I’m in the States with you sister and your friends and it’s all over with [E2]Colin[/E2]. I came here to tell you that, and to tell you—Yes, Joey you can have all the chocolate you want, just take it! Uh, I came here to tell you that I love you.",positive,0.95,"the speaker uses language of affection, intimacy, and vulnerability, indicating a strong positive emotional attribution toward the subject. the speaker also expresses a desire to connect with the subj"
conv_303,Joey,Speaker 2,[Turn 8] [SPEAKER] Speaker 2: Or! I should rush through dinner with [E1]Joey[/E1] and I can meet David at 9:00!,positive,0.9,"the speaker is planning to meet david at 9:00, which implies a social engagement. the tone is casual and friendly, with no apparent conflict or negative emotions."
conv_299,Speaker 2,Pete Carney,"[Turn 7] [SPEAKER] Speaker 2: Ok, ok, Roger was creepy, but he was nothing compared to [E2]Pete Carney[/E2].",negative,0.9,"the speaker uses language of comparison, specifically contrasting roger with pete carney, implying that pete carney is worse or more undesirable than roger. this implies a negative emotional attributi"
conv_470,Speaker 2,Rachel,[Turn 17] [SPEAKER] Speaker 1: And we’ll need you and [E2]Rachel[/E2] to testify before a judge.,neutral,0.8,"the dialogue is task-oriented, logistical, or observational. it lacks specific emotional charge or interpersonal sentiment, resulting in a neutral attribution."
conv_320,Speaker 1,Mike,"[Turn 6] [SPEAKER] Speaker 4: So, where's [E2]Mike[/E2]?",neutral,0.8,"the dialogue is task-oriented, logistical, or observational. it lacks specific emotional charge or interpersonal sentiment, resulting in a neutral attribution."
conv_252,Chandler,Speaker 2,"[Turn 15] [SPEAKER] Speaker 1: Alright, so that leaves [E1]Chandler[/E1].",neutral,0.8,"the speaker is addressing a specific individual, chandler, indicating a focus on a particular person. this suggests a social bond and emotional attribution, but the tone is neutral, lacking emotional"
conv_356,Gina,Joey,"[Turn 12] [SPEAKER] Speaker 4: I mean, was it [E1]Gina[/E1]?",neutral,0.8,"the speaker is asking a question about a specific person, gina, which implies a neutral or casual tone. the speaker is not expressing strong emotions or sentiment, and the interaction is not conflictu"
conv_305,Rachel,Ross,"[Turn 7] [SPEAKER] Speaker 2: Y'know what this is like? This is like when my parents got divorced. Man, I hope [E2]Ross[/E2] doesn't try to kidnap me after Cub Scouts.",negative,0.9,"the speaker uses a metaphor to describe their emotional state, comparing it to a past traumatic event (parents' divorce). this indicates a negative emotional attribution toward the subject (ross). the"
conv_258,Speaker 2,Missy Goldberg,"[Turn 1] [SPEAKER] Speaker 1: You made out with [E2]Missy Goldberg[/E2]. How could you do that, after you promised me?",negative,0.9,"the speaker uses language of betrayal, hurt, or anger, indicating a negative emotional attribution toward the target."
conv_40,Speaker 2,Pam,"[Turn 12] [SPEAKER] Speaker 3: [E2]Pam[/E2]! Oh God okay, just imagine this, ""The [E2]Pam[/E2].""",positive,0.9,"the speaker uses language of affection, intimacy, and familiarity, indicating a strong positive emotional attribution toward the target."
conv_332,Phoebe,Speaker 1,"[Turn 3] [SPEAKER] Speaker 1: Thank you. Come meet my friends. This is uh, [E1]Phoebe[/E1].",positive,0.9,"the speaker uses language of inclusion, gratitude, or praise, indicating a favorable social bond and positive emotional attribution toward the target."
conv_375,Speaker 4,Joey,[Turn 8] [SPEAKER] Speaker 4: Be-cause Ross is the father of my child! You know... and I... want him to hook up with lots of women! I just... All I'm saying is... I don't think that [E2]Joey[/E2] and Charlie have anything in common.,negative,0.9,"the speaker uses language of conflict, social rejection, or hostile intent, indicating a negative emotional attribution between the parties. the speaker is expressing a desire for ross to hook up with"
conv_151,Joey,Speaker 2,[Turn 1] [SPEAKER] Speaker 1: You wanna fool around with [E1]Joey[/E1]?,positive,0.8,"the speaker's tone is playful and flirtatious, indicating a positive emotional attribution toward the target."
conv_747,Speaker 2,Rachel,"[Turn 2] [SPEAKER] Speaker 2: Hey! You hold on pal! Now you made my friend, [E2]Rachel[/E2], cry. So now, you’re gonna go up there and apologize to her, unless you want me to call the landlord.",negative,0.9,"the speaker uses language of reprimand, warning, or threat, indicating a negative emotional attribution toward the subject. the speaker is trying to enforce a social norm or expectation, and the subje"
conv_594,Mrs. Tribbiani,Irish,"[Turn 14] [SPEAKER] Speaker 2: Hello? Yeah, hi! [E1]Mrs. Tribbiani[/E1]? Hi, this is Monica Geller. Yeah I’m just calling to say that Chandler and I uh, really hope you can make it to the wedding. Yeah, apparently a bunch of invitations that we sent weren’t delivered. Umm, I guess there was some screw up at the damn post office! T-Tell me about it! Yeah, yeah, the US Post Office? No, more like US lost office! What are they [E2]Irish[/E2]?!",positive,0.9,"the speaker is making a friendly phone call to mrs. tribbiani, inviting her to a wedding. the tone is casual and playful, with a dash of humor. the speaker uses colloquial language and makes a lighthe"
conv_195,Ursula,Speaker 1,"[Turn 5] [SPEAKER] Speaker 1: Okay, first I'm not crazy. And second, say it don't spray it. Anyway his name is Malcom, and he wasn't following me, I mean he was, but 'cause he thought I was [E1]Ursula[/E1], ick. And, that's why, that's why he couldn't just come up and talk to me. 'Cause of the restraining order.",negative,0.9,"the speaker expresses frustration, annoyance, and possibly even fear or discomfort, indicating a negative emotional attribution toward the subject (malcom). the speaker also uses language of rejection"
conv_24,Speaker 2,Barbados,[Turn 16] [SPEAKER] Speaker 1: It's in [E2]Barbados[/E2].,neutral,0.9,"the dialogue lacks specific emotional charge or interpersonal sentiment, resulting in a neutral attribution."
conv_208,Mike,Speaker 3,[Turn 16] [SPEAKER] Speaker 3: So... now... What about with [E1]Mike[/E1]'s mom?,neutral,0.9,"the speaker uses a neutral tone and does not express any strong emotions or sentiments, indicating a neutral emotional attribution."
conv_344,Monica,Speaker 1,"[Turn 1] [SPEAKER] Speaker 1: Pheebs, can you help me pick out an engagement ring for [E1]Monica[/E1]? I can’t figure this out! It’s so hard! Should I get her a Tiffany cut or a Princess cut or a—ah-ah! Paper cut!",positive,0.9,"the speaker is seeking advice from pheebs on choosing an engagement ring for monica, indicating a positive emotional attribution toward monica. the speaker's language is uncertain and seeking guidance"
conv_870,Speaker 2,Ross,"[Turn 3] [SPEAKER] Speaker 1: You’ll never believe what just happened, [E2]Ross[/E2] just totally blew me off and he didn’t even tell me why!",negative,0.9,"the speaker uses language of surprise, disappointment, or frustration, indicating a negative emotional attribution toward the target. the speaker's tone is informal and conversational, suggesting a cl"
conv_275,Tag,Speaker 1,[Turn 9] [SPEAKER] Speaker 1: How would you feel about taking out my assistant [E1]Tag[/E1]? I’ll pay.,positive,0.8,"the speaker is asking the target about their willingness to go on a date with tag, indicating a potential romantic interest. the speaker is also offering to pay, which could be seen as a gesture of ki"
conv_793,Speaker 2,Jack,"[Turn 4] [SPEAKER] Speaker 3: Umm, I'm sorry Judy, I couldn't find that bowl that you and [E2]Jack[/E2] were looking for.",neutral,0.7,"the speaker uses apologetic language (""i'm sorry"") and acknowledges the target's (judy's) involvement in the search, indicating a neutral or potentially positive emotional attribution."
conv_177,Chandler,Speaker 1,"[Turn 1] [SPEAKER] Speaker 1: And the winner is…Joey Tribbiani! Oh… Wow! I honestly never expected this. I uh, I didn’t prepare a speech. But umm, I’d like to thank my parents, who’ve always been there for me. I’d also like to thank my friends, [E1]Chandler[/E1], Monica, Phoebe, Rachel…",positive,0.95,"the speaker uses language of gratitude, praise, and humility, indicating a positive emotional attribution toward the friends mentioned. the tone is celebratory and sincere, suggesting a strong social"
conv_16,Speaker 2,Buddy,[Turn 5] [SPEAKER] Speaker 1: [E2]Buddy[/E2]?,positive,0.9,"the speaker uses a term of endearment (""buddy""), indicating a friendly and informal tone, which suggests a positive emotional attribution toward the target."
conv_25,Pheebs,Ursula,[Turn 9] [SPEAKER] Speaker 5: Your sister [E2]Ursula[/E2].,neutral,0.8,"the speaker mentions a family member, which can be a neutral or positive reference. however, the tone is more observational and lacks emotional charge, indicating a neutral attribution."
conv_97,Chandler Bing,Speaker 2,"[Turn 1] [SPEAKER] Speaker 1: Excuse me, I-I couldn’t help overhearing, you’re marrying [E1]Chandler Bing[/E1]?",neutral,0.8,"the speaker's tone is inquiring, and the language used is polite, indicating a neutral emotional attribution. the speaker is not expressing strong emotions or personal opinions, but rather seeking inf"
conv_83,Speaker 3,Rachel,"[Turn 5] [SPEAKER] Speaker 1: Oh, y’know what, that might be okay even if it was just kind of a fling, that might be all right with [E2]Rachel[/E2].",neutral,0.8,"the speaker is expressing a possibility of a casual relationship with rachel, which is a neutral topic. the tone is not aggressive, defensive, or emotional, indicating a neutral emotional attribution."
conv_23,Speaker 2,Ursula,[Turn 4] [SPEAKER] Speaker 2: [E2]Ursula[/E2]’s fiancée?,neutral,0.8,"the speaker is asking about ursula's fiancée, which implies a neutral or observational tone, without any emotional charge or interpersonal sentiment."
conv_288,Speaker 1,Ross,"[Turn 10] [SPEAKER] Speaker 2: Yeah, but it’s okay, because when [E2]Ross[/E2] left Mark came over.",positive,0.9,"the speaker uses language of acceptance, understanding, and empathy, indicating a positive emotional attribution toward the target."
conv_386,Minnie,Speaker 2,[Turn 11] [SPEAKER] Speaker 3: We agreed on [E1]Minnie[/E1].,positive,0.9,"the speaker uses language of agreement, confirmation, or shared understanding, indicating a favorable social bond and positive emotional attribution toward the target."
conv_168,Speaker 2,Lennart Haze,"[Turn 1] [SPEAKER] Speaker 1: This is Joey Tribbiani. Joey, these are the producers and, as you probably already know, this is [E2]Lennart Haze[/E2].",neutral,0.9,"the speaker introduces themselves and another person, lennart haze, without any emotional connotation or interpersonal sentiment. the tone is formal and professional."
conv_73,Rachel,Speaker 2,[Turn 13] [SPEAKER] Speaker 1: Yeah that’s [E1]Rachel[/E1]. Beat me over the head with it.,negative,0.9,"the speaker uses language of social rejection, conflict, or hostile intent, establishing a negative emotional attribution between the parties."
conv_312,Emily,Susan,[Turn 12] [SPEAKER] Speaker 3: Hi! Hi! You’re crazy! Okay? This is [E1]Emily[/E1]. [E1]Emily[/E1] is straight.,positive,0.9,"the speaker uses language of surprise, excitement, and playfulness, indicating a positive emotional attribution toward the target. the speaker also introduces a new person, emily, which suggests a pos"
conv_91,Ross,Speaker 1,[Turn 9] [SPEAKER] Speaker 1: With [E1]Ross[/E1] and Jill?,positive,0.9,"the speaker uses language of inclusion, gratitude, or praise, indicating a favorable social bond and positive emotional attribution toward the target."
conv_509,Speaker 2,Dr. Gettleman,"[Turn 12] [SPEAKER] Speaker 2: [E2]Dr. Gettleman[/E2]? Yeah I know, I don't think that's a good idea. In fact, I think he's dead.",negative,0.9,"the speaker uses language of criticism, disapproval, or rejection, indicating a negative emotional attribution toward the target."
conv_582,Julie,Ross,"[Turn 2] [SPEAKER] Speaker 2: I'm telling you, she went to the airport, and she's gonna go for it with [E2]Ross[/E2]!",positive,0.9,"the speaker uses language of anticipation, excitement, or encouragement, indicating a positive emotional attribution toward the target."
conv_293,Speaker 1,Richard Burke,[Turn 11] [SPEAKER] Speaker 1: It's [E2]Richard Burke[/E2].,neutral,0.8,"the speaker introduces a new character, richard burke, without any emotional context or sentiment. the dialogue lacks specific emotional charge or interpersonal sentiment, resulting in a neutral attri"
conv_1053,Rachel,Speaker 2,"[Turn 5] [SPEAKER] Speaker 1: All right. Oh! Shoot! Oh shoot! Uh, [E1]Rachel[/E1] wanted to see this tape!",neutral,0.8,"the speaker's tone is uncertain, with phrases like ""oh shoot!"" and ""uh"", indicating a lack of confidence or emotional charge. the mention of rachel wanting to see a tape does not contain any emotional"
conv_176,Speaker 3,Monica,"[Turn 7] [SPEAKER] Speaker 3: Yeah, [E2]Monica[/E2] doesn't like that either, Maybe I should stop doing that.",positive,0.9,"the speaker is expressing a shared sentiment with monica, indicating a positive social bond and emotional attribution toward the target. the use of ""maybe i should stop doing that"" suggests a willingn"
conv_312,Emily,Susan,"[Turn 4] [SPEAKER] Speaker 1: So uh, [E1]Emily[/E1] called last night…",neutral,0.8,"the speaker mentions a person (emily) in a neutral context, without any emotional charge or interpersonal sentiment. this suggests a neutral attribution."
conv_155,Speaker 5,Emily,"[Turn 5] [SPEAKER] Speaker 1: Well, I mean if uh, if [E2]Emily[/E2] gave me a choice…",neutral,0.7,"the speaker seems to be hesitant and uncertain, using filler words like ""uh"" and ""mean"". this could indicate a lack of confidence or uncertainty in their emotions or intentions. additionally, the ment"
conv_199,Monica,Chandler,"[Turn 6] [SPEAKER] Speaker 2: Umm, okay, yeah, sure. But wh-what’s wrong with [E1]Monica[/E1] and [E2]Chandler[/E2]?",neutral,0.8,"the speaker uses language of uncertainty, hesitation, or questioning, indicating a lack of emotional charge or interpersonal sentiment, resulting in a neutral attribution."
conv_844,Kathy,Speaker 3,[Turn 1] [SPEAKER] Speaker 1: Ooh! How was [E1]Kathy[/E1]’s play?,positive,0.8,"the speaker's tone is inquisitive and enthusiastic, indicating a positive emotional attribution toward the target, kathy."
conv_1060,Barbara,Speaker 3,"[Turn 9] [SPEAKER] Speaker 3: Oh, well obviously you know [E1]Barbara[/E1] and I split up, otherwise you wouldn't have done the head tilt.",negative,0.8,"the speaker uses a subtle hint of sarcasm (""otherwise you wouldn't have done the head tilt"") and a tone of resignation (""oh, well"") to convey a sense of disappointment or frustration. the speaker also"
conv_81,Speaker 1,Knick,[Turn 2] [SPEAKER] Speaker 2: [E2]Knick[/E2] fan?,neutral,0.8,"the dialogue is task-oriented, logistical, or observational. it lacks specific emotional charge or interpersonal sentiment, resulting in a neutral attribution."
conv_157,Maureen,Speaker 1,"[Turn 1] [SPEAKER] Speaker 1: Hey [E1]Maureen[/E1]! Gosh! Hey uh, Chandler? This is my cousin [E1]Maureen[/E1].",positive,0.9,"the speaker uses language of introduction, greeting, and familial connection, indicating a positive social bond and positive emotional attribution toward the target."
conv_938,Speaker 1,Irene,[Turn 11] [SPEAKER] Speaker 1: I heard it from my friend [E2]Irene[/E2] who heard it from some guy!,neutral,0.9,"the speaker is sharing information they heard from a friend, which is a neutral and factual statement. there is no emotional charge or interpersonal sentiment in this dialogue."
conv_101,Speaker 2,chick,"[Turn 6] [SPEAKER] Speaker 2: Noo-no-no, no, those are nicknames. I’m the [E2]chick[/E2] and Chandler is the duck.",positive,0.9,"the speaker uses playful and affectionate language, indicating a friendly and lighthearted tone. the use of nicknames (""chick"" and ""duck"") suggests a close and familiar relationship between the speake"
conv_666,Speaker 2,Emily,"[Turn 1] [SPEAKER] Speaker 1: Ohh, here you are. I was looking for you before. Joshua’s gone so you and [E2]Emily[/E2] are free to go.",positive,0.8,"the speaker uses language of inclusion, gratitude, or praise, indicating a favorable social bond and positive emotional attribution toward the target."
conv_576,Monica,Speaker 1,"[Turn 23] [SPEAKER] Speaker 1: Uh-huh. Hey, here you go buddy. Sorry, no porn for you. Okay, let’s go see [E1]Monica[/E1]!",negative,0.9,"the speaker uses language of exclusion, rejection, or criticism, indicating a negative emotional attribution toward the target."
conv_91,Ross,Speaker 1,"[Turn 17] [SPEAKER] Speaker 1: Oh my God! I can not believe that! I mean I don’t really like it when [E1]Ross[/E1] goes out with anyone, but my sister isn’t that like incest or something?! Oh my God, and they’re gonna have sex! Oh! Oh no what if he marries her too?! Oh this is just terrible, this is just terrible. And I can’t stop it! I can’t—I don’t own [E1]Ross[/E1]! Y’know? And Jill, she should be able to do whatever it is that she wants to do! And oh my God, I can’t believe [E1]Ross[/E1] is marrying my little sister, this terrible. Oh my God, this is just the worst thing that could have ever happened to me.",negative,0.9,"the speaker expresses strong negative emotions, such as shock, disgust, and despair, towards the situation. the use of phrases like ""oh my god"", ""this is just terrible"", and ""the worst thing that coul"
conv_1040,Kathy,Joey,"[Turn 7] [SPEAKER] Speaker 1: Actually, this is for [E1]Kathy[/E1]'s birthday. It's an early edition of her favorite book.",positive,0.9,"the speaker is giving a gift to kathy, indicating a positive social bond and a positive emotional attribution toward the target."
conv_83,Rachel,Speaker 1,"[Turn 3] [SPEAKER] Speaker 1: See my friend-my friend, [E1]Rachel[/E1], she wants to be set up.",positive,0.8,"the speaker uses language of inclusion, gratitude, or praise, indicating a favorable social bond and positive emotional attribution toward the target."
conv_197,Richard,Speaker 2,"[Turn 4] [SPEAKER] Speaker 2: Okay, you can not tell Chandler. Okay? That I ran into [E1]Richard[/E1].",positive,0.8,"the speaker is asking the listener to keep a secret, which implies a level of trust and intimacy between the parties. the speaker is also asking the listener to keep the information from chandler, whi"
conv_325,Speaker 2,Phoebe,"[Turn 6] [SPEAKER] Speaker 3: My God, Rachel, I can’t believe [E2]Phoebe[/E2] made out with Ralph Lauren. Ohh, I’m so jealous.",negative,0.9,"the speaker uses language of jealousy, envy, or surprise, indicating a negative emotional attribution toward the target. the speaker's tone is also critical, implying a negative social bond."
conv_233,Chandler,Monica,"[Turn 1] [SPEAKER] Speaker 1: I’d like to propose a toast. To [E2]Monica[/E2] and [E1]Chandler[/E1], the greatest couple in the world. And my best friends. Now, my when I first found out they were getting married I was, I was a little angry. I was like, ""Why God? Why? How can you take them away from me?!"" But then I thought back over all our memories together, some happy memories. And-and there was some sad memories. I’m sorry. And-and some scared memories—Whoa! Eh? And then, and then I realized I’ll always be their friend, their friend who can speak in many dialects and has training in stage combat and is willing to do partial nudity. Oh! To the happy couple!",positive,0.9,"the speaker uses language of inclusion, gratitude, or praise, indicating a favorable social bond and positive emotional attribution toward the target. the speaker also acknowledges their initial anger"
conv_285,Speaker 2,Frank Buffay,"[Turn 4] [SPEAKER] Speaker 2: Umm, okay, okay, look. I took this picture from your fridge. Okay, because I know that this is my Father. Yeah, this is [E2]Frank Buffay[/E2] and you are standing right there next to him. Now, look I deserve to know where I came from. All right? So if you can help me find my Father then you should! Otherwise, you’re just mean! So, just tell me the truth!",neutral,0.7,"the speaker is expressing a desire for truth and connection, using emotional language to appeal to the subject's empathy. the speaker's tone is accusatory, but the request is framed as a plea for help"
conv_645,Emma,Jill,[Turn 1] [SPEAKER] Speaker 1: Oh [E1]Emma[/E1]. This is going to be your first Thanksgiving. What are you thankful for? Mommy's bobbies.,positive,0.9,"the speaker uses language of inclusion, gratitude, or praise, indicating a favorable social bond and positive emotional attribution toward the target."
conv_616,Carol,Speaker 1,"[Turn 5] [SPEAKER] Speaker 2: I didn’t know you and [E1]Carol[/E1] were getting divorced, I’m sorry.",positive,0.9,"the speaker uses language of condolence, apology, or empathy, indicating a favorable social bond and positive emotional attribution toward the target."
conv_336,Chandler,Speaker 1,"[Turn 12] [SPEAKER] Speaker 2: Yeah, well, I guess I have forgotten about Joey and clearly you've forgotten about [E1]Chandler[/E1]!",negative,0.8,"the speaker uses a sarcastic tone and implies that chandler has been forgotten, which is a negative sentiment. the speaker also uses a dismissive phrase ""yeah, well"" which further reinforces the negat"
conv_788,Joey,Rachel,"[Turn 8] [SPEAKER] Speaker 2: Sure, because women never like [E1]Joey[/E1]. Y’know, I think he’s a virgin.",negative,0.9,"the speaker uses language of exclusion, criticism, or ridicule, indicating an unfavorable social bond and negative emotional attribution toward the target."
conv_30,Speaker 1,Mona,[Turn 3] [SPEAKER] Speaker 1: Uh…[E2]Mona[/E2] just dumped me.,negative,0.9,"the speaker uses language of social rejection, conflict, or negative sentiment, indicating a negative emotional attribution toward the subject."
conv_717,Speaker 1,Joey,"[Turn 3] [SPEAKER] Speaker 1: Well, [E2]Joey[/E2]’s my best friend.",positive,0.9,"the speaker uses language of affection, closeness, or familiarity, indicating a positive social bond and positive emotional attribution toward the target."
conv_188,Speaker 1,Mary-Angela,[Turn 9] [SPEAKER] Speaker 2: [E2]Mary-Angela[/E2].,positive,0.8,"the speaker uses a name, which is a common way to establish a social bond and positive emotional attribution."
conv_130,Speaker 2,Monica,"[Turn 12] [SPEAKER] Speaker 2: Yes. When [E2]Monica[/E2] and I were in London, we were both in London.",neutral,0.8,"the dialogue is task-oriented, logistical, or observational. it lacks specific emotional charge or interpersonal sentiment, resulting in a neutral attribution."
conv_197,Speaker 1,monkey,"[Turn 13] [SPEAKER] Speaker 2: I'm telling you, that [E2]monkey[/E2] is a chick magnet! She's going to take one look at his furry, cute little face and it'll seal the deal.",positive,0.9,"the speaker uses a playful and lighthearted tone, making a humorous comment about the monkey's attractiveness. this suggests a positive emotional attribution between the speaker and the subject (the m"
conv_295,Phoebe,Pottery Barn,[Turn 18] [SPEAKER] Speaker 2: Yeah but [E2]Pottery Barn[/E2]! Y’know what I think? It’s just she-she’s weird. Y’know it’s because she’s a twin. Twins are weird.,negative,0.9,"the speaker uses language of social rejection, labeling the target as ""weird"", indicating a negative emotional attribution."
conv_73,Rachel,Ross,[Turn 12] [SPEAKER] Speaker 2: I know. I know. And she’s not only my friend; she’s my pregnant friend! She’s my pregnant friend who’s [E2]Ross[/E2]’ ex!,positive,0.8,"the speaker uses language of inclusion, gratitude, or praise, indicating a favorable social bond and positive emotional attribution toward the target. the speaker is emphasizing the importance of the"
conv_143,Pete,Speaker 5,"[Turn 1] [SPEAKER] Speaker 1: [E1]Pete[/E1] Becker is circling the ring now. It looks like, he’s just trying to feel him out. Oh, Bruiser is just...",neutral,0.9,"the speaker is discussing a boxing match, using neutral language to describe the actions of the fighters. the tone is observational, without any emotional charge or interpersonal sentiment."
conv_656,Phoebe,Speaker 1,"[Turn 4] [SPEAKER] Speaker 2: This is Monica! I'm [E1]Phoebe[/E1]'s friend. Listen, [E1]Phoebe[/E1] is back with David and he's going to propose to her, and she is going to say ""yes"" but I know she really wants to be with you!",positive,0.9,"the speaker is sharing confidential information about phoebe's relationship with david, indicating a level of trust and intimacy between the speaker and phoebe. the speaker is also expressing a desire"
conv_224,Speaker 5,Janice,"[Turn 15] [SPEAKER] Speaker 4: Yeah, but [E2]Janice[/E2]? That-that was like the worst breakup in history!",negative,0.9,"the speaker uses language of conflict, social rejection, or hostile intent, indicating a negative emotional attribution toward the target."
conv_326,Sting,Speaker 2,[Turn 1] [SPEAKER] Speaker 1: You’re gonna love me so much. I got [E1]Sting[/E1] tickets!!,positive,0.9,"the speaker uses language of excitement, enthusiasm, and anticipation, indicating a positive emotional attribution toward the target."
conv_299,Pete Carney,Speaker 2,[Turn 8] [SPEAKER] Speaker 1: Which one was [E1]Pete Carney[/E1]?,neutral,0.8,"the dialogue is task-oriented, logistical, or observational. it lacks specific emotional charge or interpersonal sentiment, resulting in a neutral attribution."
conv_129,Ross,Speaker 2,"[Turn 11] [SPEAKER] Speaker 1: I don't believe this. Is this how this relationship's gonna work? [E1]Ross[/E1] equals boss. I mean, c'mon what is this, 1922?",negative,0.9,"the speaker expresses frustration, incredulity, and a sense of being treated unfairly, indicating a negative emotional attribution toward the target. the use of rhetorical questions and the phrase ""c'"
conv_793,Speaker 3,Jack,"[Turn 4] [SPEAKER] Speaker 3: Umm, I'm sorry Judy, I couldn't find that bowl that you and [E2]Jack[/E2] were looking for.",neutral,0.8,"the speaker uses a polite tone and apologizes for not finding the bowl, indicating a neutral or apologetic emotional attribution toward the target."
conv_831,Rachel,Speaker 2,"[Turn 1] [SPEAKER] Speaker 1: No, no, no. You actually did that when you were dancing to the Chicago-soundtrack. Look, Ross, about, about [E1]Rachel[/E1] and I. Listen, you don't have to worry about that, okay? Because nothing is gonna happen.",negative,0.8,"the speaker uses language of reassurance, calming, and exclusion, indicating a negative emotional attribution toward the target. the speaker is trying to downplay the situation and avoid conflict."
conv_368,Speaker 1,David,[Turn 1] [SPEAKER] Speaker 1: I'm... I'm just... I'm the worst person ever. How can I not tell [E2]David[/E2] that I'm seeing Mike?,negative,0.95,"the speaker expresses self-criticism, shame, and regret, indicating a negative emotional attribution toward themselves. the speaker's self-deprecation and admission of wrongdoing suggest a strong nega"
conv_107,Speaker 1,Ursula,"[Turn 10] [SPEAKER] Speaker 2: No, no, it's not your fault. You know it's partly my fault, 'cause I made you quit cold turkey. Sorry, no. Okay, well, I mean, I can't date you anymore, 'cause your, you know  Wow! But um, but I will definitely, definitely help you get over my sister. Okay, stalk me for a while. Huh? Yeah, and, and, and, I'll be like an [E2]Ursula[/E2] patch.",negative,0.8,"the speaker uses language of self-blame, apology, and rejection, indicating a negative emotional attribution toward the subject. the speaker also uses language of inclusion, gratitude, and praise, ind"
conv_506,Emily,Speaker 1,"[Turn 1] [SPEAKER] Speaker 1: So I asked [E1]Emily[/E1] if she would come to New York, and she said yes.",positive,0.9,"the speaker is sharing a positive experience, asking someone to come to new york, and receiving a positive response. this indicates a positive emotional attribution between the parties."
conv_353,Speaker 2,Tim,"[Turn 9] [SPEAKER] Speaker 1: He is sweet. He’s too sweet. He calls me all the time. ""So did-did you get home from work okay?"" ""Did-did you get out of the shower okay?""",negative,0.9,"the speaker uses language of excessive concern, over-attentiveness, or possessiveness, indicating a negative emotional attribution toward the target."
conv_947,Phyllis,Monica,[Turn 4] [SPEAKER] Speaker 2: [E2]Monica[/E2]'s crying. She's very upset about this whole Clunkers thing.,negative,0.9,"the speaker mentions monica's emotional state, indicating a negative emotional attribution toward the subject (monica). the context of the conversation is likely a conflict or disagreement, further su"
conv_265,Danny,Speaker 3,[Turn 9] [SPEAKER] Speaker 1: Please! We did not fog [E1]Danny[/E1]! Who's [E1]Danny[/E1]?,negative,0.8,"the speaker is pleading and denying responsibility, indicating a sense of urgency and possibly even desperation. this could be a sign of a negative emotional attribution between the parties."
conv_622,Speaker 2,G.Stephanopoulos,[Turn 4] [SPEAKER] Speaker 3: Wait! Did you say '[E2]G.Stephanopoulos[/E2]?',neutral,0.8,"the speaker's tone is inquisitive and slightly surprised, indicating a neutral emotional attribution."
conv_751,Speaker 2,Rachel,"[Turn 1] [SPEAKER] Speaker 1: Did you um—I’m sorry, did you just say it’s [E2]Rachel[/E2]?",neutral,0.8,"the speaker is asking a question, seeking clarification, and apologizing for potential misunderstanding. this indicates a neutral or friendly tone, with no apparent conflict or negative sentiment."
conv_309,Ross,Speaker 3,"[Turn 12] [SPEAKER] Speaker 3: Not until you said it. Somebody switch! Wait a minute... [E1]Ross[/E1] and Charlie, Joey and Rachel, Phoebe and Mike! We're the only people leaving with the same person we came with.",positive,0.9,"the speaker is listing the couples who are leaving with the same person they came with, indicating a sense of unity, togetherness, and possibly even romantic love. this suggests a positive emotional a"
conv_844,Alec Baldwin,Kim Basinger,"[Turn 9] [SPEAKER] Speaker 2: Oh-oh, [E1]Alec Baldwin[/E1] and [E2]Kim Basinger[/E2].",neutral,0.9,"the sentence appears to be a statement about a celebrity couple, alec baldwin and kim basinger. the tone is neutral, as it is simply a factual statement about the couple's existence."
conv_266,Rachel,Joey,"[Turn 17] [SPEAKER] Speaker 1: Probably? Yeah, I don't like that word. Kind of what ‘probably’ really means. Yeah, uh-huh. Yeah, oh, ""Your mom probably won't kill herself,"" y’know? I'm sorry, but I'm not hanging all my hopes of [E1]Rachel[/E1] and I living together on-on ""Probably!"" Y’know? You gotta take care of yourselves! In this world history teaches us nothing!",negative,0.8,"the speaker expresses frustration, disappointment, and skepticism towards the word ""probably"", indicating a negative emotional attribution towards the object (the word ""probably""). the speaker also ex"
conv_36,Speaker 2,Estelle,"[Turn 2] [SPEAKER] Speaker 2: Yeah, I just… I just feel bad about firing [E2]Estelle[/E2]. This is got to be killing her.",positive,0.9,"the speaker expresses empathy and concern for estelle, indicating a positive emotional attribution toward the target. the use of ""i just feel bad"" and ""this is got to be killing her"" suggests a sense"
conv_356,Dina,Joey,"[Turn 15] [SPEAKER] Speaker 4: No, no, no, that's [E1]Dina[/E1].",neutral,0.9,"the speaker is referring to a person, dina, and the tone is neutral, without any emotional charge or interpersonal sentiment."
conv_108,Phoebe,Rachel,"[Turn 16] [SPEAKER] Speaker 1: Okay, okay-okay, ah, Chloe works with that guy Issac. Issac’s sister is Jasmine. And Jasmine works at that massage place with [E1]Phoebe[/E1]. And [E1]Phoebe[/E1]’s friends with [E2]Rachel[/E2]. And that’s the trail, I did it!",neutral,0.9,"the dialogue is task-oriented, logistical, or observational. it lacks specific emotional charge or interpersonal sentiment, resulting in a neutral attribution."
conv_125,Speaker 2,Emily,"[Turn 3] [SPEAKER] Speaker 1: No! Everything's gettin' all messed up, y'know? [E2]Emily[/E2] won't let Ross see Rachel, we're not gonna stop seeing Rachel, hence Ross stops seeing us!",negative,0.9,"the interaction contains elements of conflict, social rejection, or hostile intent, establishing a negative emotional attribution between the parties. the speaker expresses frustration and disappointm"
conv_245,Kip,Speaker 1,"[Turn 20] [SPEAKER] Speaker 2: Well, let me ask you something, was [E1]Kip[/E1] a better roommate than me?",neutral,0.8,"the speaker is asking a question about a roommate, which implies a neutral or observational tone. the use of ""better"" implies a comparison, but the context is not emotional or personal, rather logisti"
conv_58,Ben,Carol,[Turn 11] [SPEAKER] Speaker 1: Right. Are you looking for Jack’s parents to discuss the problems he’s having with [E1]Ben[/E1]? Yeah. Because I really do think the parents should sit down and have a conversation.,neutral,0.8,"the speaker is suggesting a conversation between jack's parents and ben, indicating a neutral or potentially positive emotional attribution toward ben. the tone is professional and task-oriented, lack"
conv_936,Speaker 2,Chandler,"[Turn 5] [SPEAKER] Speaker 1: Please, what about you and [E2]Chandler[/E2]?",neutral,0.8,"the interaction is a request for information, which lacks specific emotional charge or interpersonal sentiment. the mention of chandler, a character with a complex and often humorous relationship with"
conv_793,Judy,Jack,"[Turn 4] [SPEAKER] Speaker 3: Umm, I'm sorry [E1]Judy[/E1], I couldn't find that bowl that you and [E2]Jack[/E2] were looking for.",positive,0.9,"the speaker is apologizing for not finding something, which is a polite and courteous action. this indicates a positive emotional attribution towards the subject (judy and jack)."
conv_892,Joseph,Brittany,"[Turn 11] [SPEAKER] Speaker 1: Well, see when you're acting you need to think about stuff like that. My character, [E1]Joseph[/E1] the processor guy, has two little girls, Ashley and [E2]Brittany[/E2]. Ashley copies everything [E2]Brittany[/E2] does.",neutral,0.8,"the speaker is discussing a character's family, indicating a neutral emotional attribution toward the target."
conv_413,Speaker 4,Alan,"[Turn 6] [SPEAKER] Speaker 2: He was unbelievable. He was like that-that-that Bugs Bunny cartoon where Bugs is playing all the positions, right, but instead of Bugs it was first base-[E2]Alan[/E2], second base-[E2]Alan[/E2], third base-...",positive,0.9,"the speaker uses language of admiration, praise, or astonishment, indicating a positive emotional attribution toward the target."
conv_89,Speaker 1,Mindy,"[Turn 9] [SPEAKER] Speaker 1: And [E2]Mindy[/E2], your maid of...?",positive,0.9,"the speaker is addressing mindy as the bride, indicating a positive social bond and a celebratory tone. the use of the term ""maid of honor"" implies a close relationship and a sense of importance."
conv_117,Joey,Speaker 1,[Turn 5] [SPEAKER] Speaker 1: I don’t know! [E1]Joey[/E1] hasn’t had this much trouble getting out words since we saw him in Macbeth!,negative,0.8,"the speaker's tone is sarcastic, implying frustration or annoyance towards joey, who is struggling to speak. the reference to macbeth adds a layer of humor, but the overall sentiment is negative."
conv_78,Speaker 2,Duncan,"[Turn 3] [SPEAKER] Speaker 3: I can't believe you married [E2]Duncan[/E2]. I mean how could you not tell me? We lived together, we told each other everything.",negative,0.95,"the interaction contains elements of conflict, social rejection, or hostile intent, establishing a negative emotional attribution between the parties. the speaker expresses shock, disbelief, and hurt,"
conv_91,Ross,Speaker 1,[Turn 9] [SPEAKER] Speaker 1: With [E1]Ross[/E1] and Jill?,positive,0.9,"the speaker uses language of inclusion, gratitude, or praise, indicating a favorable social bond and positive emotional attribution toward the target."
conv_294,Denise,Speaker 2,"[Turn 10] [SPEAKER] Speaker 2: Yes, [E1]Denise[/E1]. [E1]Denise[/E1]!",positive,0.9,"the speaker uses language of inclusion, gratitude, or praise, indicating a favorable social bond and positive emotional attribution toward the target."
conv_82,Speaker 1,Joey,"[Turn 11] [SPEAKER] Speaker 1: Did you get all this stuff for [E2]Joey[/E2] to try and drive me out of the apartment? Honey, if you wanted to do that, you might as well just gotten him a fish, you know how fish freaked me out!",negative,0.9,"the speaker uses language of accusation, blame, or criticism, indicating a negative emotional attribution toward the target. the speaker also uses a tone of frustration and annoyance, further supporti"
conv_1041,Speaker 1,cat,"[Turn 12] [SPEAKER] Speaker 1: It's a, it's a [E2]cat[/E2]!",neutral,0.8,"the dialogue is task-oriented, logistical, or observational. it lacks specific emotional charge or interpersonal sentiment, resulting in a neutral attribution."
conv_219,Aunt Marilyn,Speaker 2,[Turn 8] [SPEAKER] Speaker 1: She looks exactly like [E1]Aunt Marilyn[/E1].,neutral,0.8,"the speaker is comparing the subject to a family member, indicating a sense of familiarity and connection. this comparison is neutral in tone, without any apparent emotional charge or interpersonal se"
conv_666,Speaker 2,Emily,"[Turn 1] [SPEAKER] Speaker 1: Ohh, here you are. I was looking for you before. Joshua’s gone so you and [E2]Emily[/E2] are free to go.",positive,0.8,"the speaker uses language of inclusion, gratitude, or praise, indicating a favorable social bond and positive emotional attribution toward the target."
conv_279,Frank,Speaker 2,"[Turn 7] [SPEAKER] Speaker 1: Or instead, maybe you could just not marry my brother [E1]Frank[/E1].",negative,0.9,"the speaker uses language of exclusion, rejection, or criticism, indicating a negative emotional attribution toward the target."
conv_793,Chip,Nancy Branson,[Turn 2] [SPEAKER] Speaker 2: I think his begging days are over now that he's going out with [E2]Nancy Branson[/E2].,negative,0.9,"the speaker is expressing a negative sentiment about the target, implying that the target's romantic relationship with nancy branson has changed their behavior or circumstances for the worse. this is"
conv_813,Speaker 1,Hugsy,"[Turn 10] [SPEAKER] Speaker 2: Oh, I don't think she likes the new [E2]Hugsy[/E2].",negative,0.8,"the speaker expresses a negative sentiment about the subject's opinion on the object (hugsy). the tone is casual and conversational, indicating a friendly and familiar relationship between the speaker"
conv_124,Tom,Jen,"[Turn 6] [SPEAKER] Speaker 2: By the way, do you know who's moving back into town? [E1]Tom[/E1] and Sue's daughter [E2]Jen[/E2].",neutral,0.8,"the speaker is asking about the return of a person, indicating a neutral or potentially positive emotional attribution."
conv_309,Ross,Speaker 3,"[Turn 2] [SPEAKER] Speaker 2: Well, I only said that because of [E1]Ross[/E1], you know. Then I saw him kissing Charlie...",negative,0.8,"the speaker uses language of self-justification, indicating a defensive or apologetic tone. the mention of ross and charlie implies a romantic or social connection, which may be the source of the spea"
conv_1,Albert Wintermeyer,Speaker 2,[Turn 5] [SPEAKER] Speaker 1: You... you dated [E1]Albert Wintermeyer[/E1]?,neutral,0.9,"the speaker's tone is inquiring, and the language used is neutral, without any emotional charge or interpersonal sentiment. the sentence is task-oriented, focusing on gathering information rather than"
conv_891,Speaker 2,Terry,"[Turn 6] [SPEAKER] Speaker 2: I can't! It's too late! [E2]Terry[/E2] already hired that girl over there. Look at her, she's even got waitress experience. Last night she was teaching everybody how to make napkin.... swans.",negative,0.9,"the speaker uses language of frustration, disappointment, or rejection, indicating a negative emotional attribution toward the target. the speaker also expresses a sense of helplessness and resignatio"
conv_1041,Speaker 1,cat,"[Turn 16] [SPEAKER] Speaker 1: Excuse me! But this is a purebred, show-quality Sphinx [E2]cat[/E2]!",neutral,0.8,"the speaker uses a formal tone and a sense of authority, indicating a neutral emotional attribution toward the target."
conv_89,Mindy,Speaker 2,"[Turn 9] [SPEAKER] Speaker 1: And [E1]Mindy[/E1], your maid of...?",positive,0.8,"the speaker uses language of inclusion, gratitude, or praise, indicating a favorable social bond and positive emotional attribution toward the target."
conv_386,Minnie,Speaker 2,"[Turn 6] [SPEAKER] Speaker 2: -if it's a boy, [E1]Minnie[/E1] if it's a girl.",neutral,0.9,"the speaker is discussing a hypothetical situation, using a conditional statement (""if it's a boy...""). the tone is neutral, without any emotional charge or interpersonal sentiment."
conv_759,Francis,Lilly,[Turn 5] [SPEAKER] Speaker 1: [E2]Lilly[/E2]'s dead.,neutral,0.8,"the speaker's statement is a sudden and unexpected revelation, which can be perceived as a shock or a surprise. the tone is neutral, without any emotional connotation."
conv_638,Ross,Speaker 4,"[Turn 11] [SPEAKER] Speaker 3: Yeah, Rachel. And this is [E1]Ross[/E1]' sister, Monica. We met at Thanksgiving.",neutral,0.8,"the speaker introduces a new person, monica, as ross's sister, indicating a familial relationship. the tone is neutral, without any emotional charge or interpersonal sentiment."
conv_1051,Speaker 2,Pete,"[Turn 3] [SPEAKER] Speaker 3: Yes, but this is [E2]Pete[/E2]. Okay? He's not like other people, on your first date he took you to Rome. For most guys that's like a third or fourth date kinda thing.",positive,0.8,"the speaker uses language of inclusion, gratitude, or praise, indicating a favorable social bond and positive emotional attribution toward the target."
conv_143,Speaker 5,Richard,"[Turn 10] [SPEAKER] Speaker 8: Well, this is ironic. Of your last two boyfriends, [E2]Richard[/E2] didn’t want to have kids, and from the looks of it, now Pete can’t.",neutral,0.7,"the speaker uses language of irony, which can be perceived as a neutral or even slightly negative sentiment. however, the speaker also mentions the subject's past relationships, which could be seen as"
conv_931,Speaker 1,Charlie,"[Turn 3] [SPEAKER] Speaker 1: So, I uhm... kinda need to talk to you about [E2]Charlie[/E2].",neutral,0.7,"the speaker is initiating a conversation about charlie, which may be a sensitive or personal topic. the speaker's tone is uncertain and hesitant, indicating a potential emotional investment in the con"
conv_892,Brittany,Karen,"[Turn 11] [SPEAKER] Speaker 1: Well, see when you're acting you need to think about stuff like that. My character, Joseph the processor guy, has two little girls, Ashley and [E1]Brittany[/E1]. Ashley copies everything [E1]Brittany[/E1] does.",neutral,0.9,"the speaker is discussing a character's actions and family, indicating a neutral emotional attribution. the tone is informative and observational, without any apparent conflict or social rejection."
conv_196,Speaker 7,Alan,"[Turn 15] [SPEAKER] Speaker 1: -but that wouldn't be fair to me, it wouldn't be fair to [E2]Alan[/E2]- It wouldn't be fair to you!",positive,0.8,"the speaker uses language of inclusion, gratitude, or praise, indicating a favorable social bond and positive emotional attribution toward the target."
conv_285,Phoebe,Mike,[Turn 4] [SPEAKER] Speaker 2: [E1]Phoebe[/E1]'s [E2]Mike[/E2]?,neutral,0.9,"the speaker is referring to phoebe's boyfriend mike, which is a neutral topic. the sentence lacks specific emotional charge or interpersonal sentiment, resulting in a neutral attribution."
conv_802,Speaker 2,Gandolf,"[Turn 8] [SPEAKER] Speaker 2: Mike ""[E2]Gandolf[/E2]"" Ganderson, only like the funniest guy in the world.",positive,0.9,"the speaker uses language of humor, playfulness, or teasing, indicating a friendly and lighthearted social bond and positive emotional attribution toward the target."
conv_178,Mike,Speaker 1,[Turn 13] [SPEAKER] Speaker 2: I just can't believe that [E1]Mike[/E1] didn't give me any warning.,negative,0.9,"the speaker expresses surprise, disappointment, or frustration, indicating a negative emotional attribution toward the subject (mike)."
conv_323,Speaker 4,Knicks,[Turn 8] [SPEAKER] Speaker 4: It’s the [E2]Knicks[/E2]!,neutral,0.8,"the dialogue is task-oriented, logistical, or observational. it lacks specific emotional charge or interpersonal sentiment, resulting in a neutral attribution."
conv_608,Althea,Speaker 5,[Turn 18] [SPEAKER] Speaker 4: [E1]Althea[/E1]!,positive,0.8,"the speaker uses a name, indicating a familiar or known entity, which suggests a positive emotional attribution."
conv_223,Speaker 3,David Lynn,[Turn 11] [SPEAKER] Speaker 3: [E2]David Lynn[/E2].,neutral,0.8,"the speaker is introducing someone, which is a neutral action. the tone is not explicitly positive or negative, so i will focus on the context. the speaker is in a conversation, and the introduction i"
conv_436,Speaker 1,Javo,"[Turn 13] [SPEAKER] Speaker 1: Hi, Nancy. Hi, it's Monica Geller. I'm good. Listen, I'm looking for a job in Tulsa. Well yeah, my husband has been relocated...Because I love him! No, I don't want a job in New York. [E2]Javo[/E2] is looking? Oh my God! He asked for me personally? Oh my God! Oh, wow, this is really flattering, but I'm moving to Tulsa. Yeah, so if you would tell [E2]Javo[/E2] 'I'll take it!'",positive,0.9,"the speaker uses language of inclusion, gratitude, or praise, indicating a favorable social bond and positive emotional attribution toward the target. the speaker is excited and flattered by the job o"
conv_198,Janice,Chandler,"[Turn 13] [SPEAKER] Speaker 2: Well I'm thinking that [E2]Chandler[/E2]'s our friend and [E1]Janice[/E1] makes him happy, so I say we just all be adult about it and accept her.",positive,0.9,"the speaker uses language of acceptance, understanding, and maturity, indicating a positive emotional attribution toward the target. the speaker acknowledges the relationship between chandler and jani"
conv_886,Richard,Speaker 3,"[Turn 13] [SPEAKER] Speaker 3: Oh, and you know who's selling a great apartment? [E1]Richard[/E1]!",neutral,0.8,"the speaker mentions a specific person, richard, in a context that seems unrelated to the conversation. this could be an attempt to shift the focus or introduce a new topic. the tone is neutral, and t"
conv_246,Speaker 2,Albert,"[Turn 7] [SPEAKER] Speaker 2: I need you to come to this bachelor party for my weird cousin [E2]Albert[/E2], y'know he's the botanist.",positive,0.9,"the speaker is inviting the subject to a social event, specifically a bachelor party, which implies a positive social bond and a desire for the subject's presence. the tone is casual and friendly, wit"
conv_170,Speaker 7,Erica,"[Turn 26] [SPEAKER] Speaker 4: Hey, that pregnant girl's name was [E2]Erica[/E2].",neutral,0.8,"the dialogue is task-oriented, logistical, or observational. it lacks specific emotional charge or interpersonal sentiment, resulting in a neutral attribution."
conv_325,Phoebe,Speaker 2,"[Turn 1] [SPEAKER] Speaker 1: Yeah. Your teeth? Yes, I saw them from outside. You guys are never going to believe this. But, [E1]Phoebe[/E1] made out with Ralph Lauren.",neutral,0.7,"the speaker's tone is casual and conversational, indicating a friendly and non-confrontational atmosphere. the mention of phoebe making out with ralph lauren is a surprising and potentially embarrassi"
conv_974,Carol,Ben,"[Turn 9] [SPEAKER] Speaker 1: Apparently, Sting’s son made fun of the fact that [E2]Ben[/E2]’s moms are lesbinims.",negative,0.9,"the speaker uses language of criticism, ridicule, or disdain, indicating an unfavorable social bond and negative emotional attribution toward the target."
conv_23,Speaker 1,Ursula,"[Turn 29] [SPEAKER] Speaker 2: Hey. [E2]Ursula[/E2]’s fiancée is really sweet! He’s a teacher, he does all this volunteer work. Y’know normally y’know, I don’t like really sweaty guys. But this one? I could just mop him up!",positive,0.95,"the speaker uses language of praise, admiration, and affection, indicating a positive emotional attribution toward the subject (ursula's fiancée). the speaker also uses a playful and flirtatious tone,"
conv_148,Colleen,Speaker 3,"[Turn 3] [SPEAKER] Speaker 1: Uhm, we just wanna give you a heads-up. Bill and [E1]Colleen[/E1] hate us.",negative,0.95,"the speaker uses language of exclusion, rejection, or criticism, indicating a negative emotional attribution toward the target. the use of ""hate"" is a strong negative sentiment."
conv_19,Speaker 2,Phoebe,"[Turn 2] [SPEAKER] Speaker 2: Any one of the brilliant actresses nominated for this award tonight deserves to take it home. Unfortunately only one can. The nominees for Best Supporting Actress are from Passions Erin Goff. From One Life to Live Mary Loren Bishop, from All My Children Sarah Mchann, and from Days of Our Lives Jessica Ashley. And the winner is……Jessica Ashley from Days of Our Lives. Uh, unfortunately Jessica couldn’t be with us tonight so I’ll be accepting this award on her behalf. And I’m sure that Jessica would like to thank my parents who always believed in me. She’d also like to thank my friends, Chandler, Monica, Ross, [E2]Phoebe[/E2], and Rachel who’s sittin’ right there!",positive,0.95,"the speaker uses language of praise, gratitude, and inclusion, indicating a positive emotional attribution toward the nominees and the winner. the tone is formal, celebratory, and respectful."
conv_845,Ross,Speaker 2,[Turn 8] [SPEAKER] Speaker 2: I’m not in love with [E1]Ross[/E1]!,negative,0.9,"the speaker uses language of rejection, denial, or dismissal, indicating a negative emotional attribution toward the target."
conv_298,Rachel,Speaker 1,[Turn 1] [SPEAKER] Speaker 1: Dr. Greene. Oh my God it's [E1]Rachel[/E1]'s dad. What're you doing here?,neutral,0.8,"the speaker uses language of surprise, curiosity, or inquiry, indicating a neutral emotional attribution toward the target."
conv_808,Speaker 1,Mets,"[Turn 18] [SPEAKER] Speaker 2: No, no, no, not the [E2]Mets[/E2], the MET, singular!",negative,0.8,"the speaker uses a specific, technical term (met) and a negative phrase (""no, no, no""), indicating a sense of frustration or annoyance. the tone is informal, and the speaker is addressing someone fami"
conv_116,Chandler,Monica,[Turn 8] [SPEAKER] Speaker 2: But then we ditch those two and that’s when we get married. We’ll have [E1]Chandler[/E1]’s money and Rachel’s kids and getting custody will be easy because of Rachel’s drinking problem.,negative,0.8,the speaker is discussing a hypothetical future scenario where they will marry rachel and gain custody of her children. the mention of chandler's money and rachel's drinking problem implies a sense of
conv_413,Speaker 4,Alan,[Turn 5] [SPEAKER] Speaker 4: [E2]Alan[/E2].,neutral,0.9,"the speaker is addressing someone named alan, but there is no emotional context or sentiment expressed in the sentence. it appears to be a simple reference or introduction."
conv_61,Andrea Tamburino,Geoffrey Cleric,[Turn 3] [SPEAKER] Speaker 1: He was roommates with John Rosoff. He went out with [E1]Andrea Tamburino[/E1]. She dumped him for Michael Skloff.,neutral,0.7,"the speaker mentions a past relationship and a breakup, which can be perceived as negative. however, there is no apparent conflict or hostility in the conversation."
conv_197,Speaker 1,monkey,"[Turn 13] [SPEAKER] Speaker 2: I'm telling you, that [E2]monkey[/E2] is a chick magnet! She's going to take one look at his furry, cute little face and it'll seal the deal.",positive,0.9,"the speaker uses a playful and lighthearted tone, making a humorous comment about the monkey's attractiveness. this suggests a positive emotional attribution between the speaker and the subject (the m"
conv_833,Monica,Speaker 2,"[Turn 2] [SPEAKER] Speaker 2: Oh uh, as it turns out, we can’t do it. [E1]Monica[/E1] has to work.",negative,0.9,"the speaker uses language of rejection, disappointment, or frustration, indicating a negative emotional attribution toward the target."
conv_775,Speaker 4,Chandler,"[Turn 12] [SPEAKER] Speaker 4: Okay! Okay! Umm, Webster’s Dictionary defines marriage as… Okay!! Forget that! That sucks!! Okay, never mind! Forget it! Umm, umm, okay, uh… I met, I-I met, I met Monica when we were just a couple of six year olds and I became friends with [E2]Chandler[/E2] when he was 25, although he seemed like a six year old.",negative,0.8,"the speaker uses language of frustration, disappointment, or annoyance, indicating a negative emotional attribution toward the subject. the speaker's tone is dismissive and hesitant, suggesting a lack"
conv_186,Speaker 3,Carol,"[Turn 15] [SPEAKER] Speaker 3: Today's the day [E2]Carol[/E2] and I first.. consummated our physical relationship. Sex. ..You know what, I-I'd better pass on the game. I think I'm just gonna go home and think about my ex-wife and her lesbian lover.",negative,0.8,"the speaker's tone is reflective and introspective, indicating a sense of nostalgia and possibly regret. the mention of an ex-wife and her lesbian lover suggests a complex emotional state, possibly in"
conv_319,Speaker 3,Eric Prower,"[Turn 4] [SPEAKER] Speaker 3: Yeah, Ross can't go so it's between my friend [E2]Eric Prower[/E2] who has breath issues and Dan with the poking.  'Did you see that play? Do you want some more beer? Is that Spike Lee?'",neutral,0.8,"the speaker is discussing a social situation, mentioning specific individuals and their characteristics (breath issues, poking). the tone is casual and conversational, with a focus on social dynamics."
conv_804,Rachel,Speaker 1,"[Turn 21] [SPEAKER] Speaker 1: Well, I guess having [E1]Rachel[/E1] back wouldn’t be the worst thing in the world.",neutral,0.8,"the speaker expresses a neutral sentiment about rachel's return, neither strongly positive nor negative. the phrase ""wouldn't be the worst thing in the world"" implies a neutral or ambivalent attitude."
conv_482,Speaker 1,Tag,"[Turn 3] [SPEAKER] Speaker 1: Oh, right. Sorry. But [E2]Tag[/E2]'s not coming; his girlfriend came into town, so he's spending Thanksgiving with her.",negative,0.8,"the speaker expresses regret and apologizes for the change in plans, indicating a negative emotional attribution toward the target. the speaker also mentions the target's absence due to a personal com"
conv_1040,Speaker 1,Kathy,"[Turn 7] [SPEAKER] Speaker 1: Actually, this is for [E2]Kathy[/E2]'s birthday. It's an early edition of her favorite book.",positive,0.95,"the speaker is giving a gift to kathy, indicating a positive and friendly interaction. the tone is polite and considerate, showing a positive emotional attribution between the speaker and kathy."
conv_384,Speaker 1,Ross,"[Turn 7] [SPEAKER] Speaker 1: I mean, you know... [E2]Ross[/E2] and I haven't dated in like... six years...",neutral,0.8,"the speaker uses a casual, conversational tone, mentioning a past relationship with ross, indicating a neutral or friendly emotional attribution."
conv_409,Speaker 1,Ethan,[Turn 2] [SPEAKER] Speaker 2: Off to see young [E2]Ethan[/E2]?,neutral,0.8,"the dialogue is task-oriented, logistical, or observational. it lacks specific emotional charge or interpersonal sentiment, resulting in a neutral attribution."
conv_3,Emma,Baby Got Back,[Turn 4] [SPEAKER] Speaker 2: Guess what? I made [E1]Emma[/E1] laugh today.,positive,0.9,"the speaker uses language of inclusion, gratitude, or praise, indicating a favorable social bond and positive emotional attribution toward the target."
conv_460,Speaker 5,Nora Tyler Bing,"[Turn 2] [SPEAKER] Speaker 2: Folks, when we come back we'll be talking about her new book, 'Euphoria Unbound': the always interesting [E2]Nora Tyler Bing[/E2]. You might wanna put the kids to bed for this one.",positive,0.9,"the speaker is introducing a guest, nora tyler bing, and her new book, indicating a positive and professional tone. the use of ""always interesting"" suggests a positive sentiment towards nora."
conv_643,Speaker 4,Richard,"[Turn 13] [SPEAKER] Speaker 4: I mean, my feelings for [E2]Richard[/E2] are certainly gone.",negative,0.9,"the speaker explicitly states the loss of feelings for the target, indicating a negative emotional attribution."
conv_305,Speaker 1,Rachel,"[Turn 16] [SPEAKER] Speaker 1: Gunther! Gunther. Gunther, please tell me you didn’t say anything to [E2]Rachel[/E2] about me and the girl from the Xerox place.",negative,0.9,"the speaker uses language of anxiety, concern, or pleading, indicating a negative emotional attribution toward the target. the speaker is worried about the potential consequences of gunther's actions"
conv_224,Speaker 5,Janice,"[Turn 11] [SPEAKER] Speaker 5: Yeah, 'cause I already asked [E2]Janice[/E2].",positive,0.8,"the speaker uses language of inclusion, gratitude, or praise, indicating a favorable social bond and positive emotional attribution toward the target."
conv_199,Speaker 1,Rachel,"[Turn 7] [SPEAKER] Speaker 5: Well, I don’t care about the divorces either, but I wouldn’t date him. It’s just that he’s obviously still in love with this [E2]Rachel[/E2] girl.",negative,0.9,"the speaker expresses a negative opinion about the subject, stating they wouldn't date him and implying he's still in love with someone else. this indicates a negative emotional attribution."
conv_23,Ursula,Speaker 1,[Turn 4] [SPEAKER] Speaker 2: [E1]Ursula[/E1]’s fiancée?,neutral,0.7,"the speaker mentions ursula's fiancée, which implies a social connection and potentially a romantic relationship. this could be a positive or neutral attribution, as it does not contain explicit confl"
conv_356,Joey,Dina,"[Turn 4] [SPEAKER] Speaker 2: Ah, I fooled around with [E1]Joey[/E1]'s sister. Well, that's not the worst part.",neutral,0.7,"the speaker uses language of self-disclosure, which can be seen as a sign of trust and openness, indicating a positive emotional attribution toward the subject. however, the content of the self-disclo"
conv_375,Speaker 2,Charlie,[Turn 8] [SPEAKER] Speaker 4: Be-cause Ross is the father of my child! You know... and I... want him to hook up with lots of women! I just... All I'm saying is... I don't think that Joey and [E2]Charlie[/E2] have anything in common.,negative,0.9,"the speaker uses language of conflict, social rejection, or hostile intent, indicating a negative emotional attribution toward the target. the speaker's tone is confrontational, and the statement is a"
conv_324,Speaker 1,Emma,"[Turn 28] [SPEAKER] Speaker 4: Well, I don't know, you guys figure it out, I got to put [E2]Emma[/E2] down for a nap.",neutral,0.8,"the speaker is addressing a group of people, using a casual tone and a sense of detachment, indicating a neutral emotional attribution. the mention of a nap suggests a focus on a specific task or resp"
conv_679,Joey,Charlie,[Turn 2] [SPEAKER] Speaker 2: He's probably in his room with his current girlfriend [E2]Charlie[/E2]. That's the situation as we know it...,neutral,0.8,"the speaker is discussing a situation involving a third party (charlie) and the subject (speaker 1's boyfriend), indicating a neutral emotional attribution."
conv_279,Frank,Speaker 1,"[Turn 7] [SPEAKER] Speaker 1: Or instead, maybe you could just not marry my brother [E1]Frank[/E1].",negative,0.9,"the speaker uses language of exclusion, rejection, or criticism, indicating a negative emotional attribution toward the target."
conv_126,Speaker 2,Henry,"[Turn 6] [SPEAKER] Speaker 2: No no. [E2]Henry[/E2]'s almost two and he's talking and everything. Here. You know, the other day he told me he liked me better than his other grandpa. Now in all fairness his other grandpa's a drunk but still. . .",positive,0.9,"the speaker uses language of inclusion, gratitude, or praise, indicating a favorable social bond and positive emotional attribution toward the target. the speaker is sharing a personal story about the"
conv_180,Speaker 3,Ross,"[Turn 3] [SPEAKER] Speaker 3: Oh, hi, Mrs. Waltham. I need to speak with ether one of the best men, or [E2]Ross[/E2]’s sister Monica.",neutral,0.8,"the speaker uses a formal greeting, indicating a neutral or professional tone. the request to speak with one of the best men or ross's sister monica suggests a task-oriented or logistical interaction,"
conv_101,Mr. Kostelick,Speaker 2,"[Turn 3] [SPEAKER] Speaker 3: Yes. Well, [E1]Mr. Kostelick[/E1] wants you to stop by his office at the end of the day.",neutral,0.8,"the dialogue is task-oriented, logistical, or observational. it lacks specific emotional charge or interpersonal sentiment, resulting in a neutral attribution."
conv_124,Speaker 2,Chandler,"[Turn 19] [SPEAKER] Speaker 1: Monica face it, [E2]Chandler[/E2] is against marriage. And-and always will be!",negative,0.9,"the speaker uses language of criticism, rejection, or opposition, indicating a negative emotional attribution toward the target."
conv_334,Paolo,Speaker 1,"[Turn 7] [SPEAKER] Speaker 1: Ok, uh, Billy Dreskin, Pete Carney, Barry, and uh, oh, [E1]Paolo[/E1].",neutral,0.9,"the speaker is listing names, which is a neutral action. there is no emotional language or sentiment expressed in the dialogue."
conv_67,Speaker 3,Paul,[Turn 1] [SPEAKER] Speaker 1: Who's [E2]Paul[/E2]?,neutral,0.9,"the sentence is a question, and the speaker is asking about someone named paul. there is no emotional attribution or sentiment expressed in this sentence."
conv_143,Richard,Speaker 5,"[Turn 10] [SPEAKER] Speaker 8: Well, this is ironic. Of your last two boyfriends, [E1]Richard[/E1] didn’t want to have kids, and from the looks of it, now Pete can’t.",negative,0.8,"the speaker uses language of irony, which can be seen as a form of social commentary or critique. the speaker is pointing out the unexpected similarity between the two boyfriends, implying that the sp"
conv_300,Speaker 4,Mona,"[Turn 5] [SPEAKER] Speaker 2: So Ross, are you gonna bring [E2]Mona[/E2]?",neutral,0.9,"the speaker is asking a question about ross's plans, which is a neutral topic. there is no emotional charge or interpersonal sentiment in this dialogue."
conv_338,Speaker 1,Janine,"[Turn 4] [SPEAKER] Speaker 2: So, is [E2]Janine[/E2] around?",neutral,0.8,"the speaker is asking about janine's presence, which implies a neutral or casual inquiry, without any apparent emotional tone or social bond."
conv_75,Speaker 1,Chandler,"[Turn 5] [SPEAKER] Speaker 1: Oh good. Good, look I'm so sorry, for screwing up that cutting-her-out plan. But I have a new plan. [E2]Chandler[/E2] agreed to call here in a few minutes with an emergency.",positive,0.9,"the speaker apologizes for a past mistake and presents a new plan, indicating a willingness to make amends and improve the situation. the mention of chandler's agreement adds a sense of collaboration"
conv_309,Ross,Speaker 3,"[Turn 12] [SPEAKER] Speaker 3: Not until you said it. Somebody switch! Wait a minute... [E1]Ross[/E1] and Charlie, Joey and Rachel, Phoebe and Mike! We're the only people leaving with the same person we came with.",positive,0.9,"the speaker is listing the couples who are leaving with the same person they came with, indicating a sense of unity, togetherness, and possibly even romantic love. this suggests a positive emotional a"
conv_711,Speaker 1,Monica,"[Turn 13] [SPEAKER] Speaker 1: Ahh! There's gotta be a way. I mean, you know, if [E2]Monica[/E2] and Chandler move out here and now Phoebe is married to Mike. That just leaves me and Ross and Rach, you know what I mean?",negative,0.8,"the speaker expresses frustration, disappointment, or discontent, indicating a negative emotional attribution toward the target."
conv_35,Speaker 2,Mrs. Kay,"[Turn 5] [SPEAKER] Speaker 1: It’s like you’re a cave person. Rachel, you must get a nanny. You don’t know how overwhelming this is going to be. I mean when you were a baby I had full time help, I had [E2]Mrs. Kay[/E2].",negative,0.9,"the speaker is expressing concern and frustration about the speaker's parenting choices, using a condescending tone. this indicates a negative emotional attribution between the parties."
conv_957,Speaker 2,Ben,"[Turn 12] [SPEAKER] Speaker 2: Well actually, I’m picking [E2]Ben[/E2] up tomorrow, maybe he’ll be there.",neutral,0.8,"the speaker mentions picking up someone, which implies a social interaction, but there is no emotional language used, no conflict, no rejection, no praise. the tone is neutral."
conv_81,Tim,Speaker 2,"[Turn 7] [SPEAKER] Speaker 1: Well maybe he was just nervous, y’know you can be very intimidating. And besides I’ve met your pastry chef and she can stand to be taken down a peg or two.",positive,0.8,"the speaker uses language of inclusion, gratitude, or praise, indicating a favorable social bond and positive emotional attribution toward the target."
conv_592,Speaker 2,Lee Majors,"[Turn 7] [SPEAKER] Speaker 2: Yeah! How would you like it if I sent you to [E2]Lee Majors[/E2]’ house and told you that he liked you, and you went down there and you found out that he didn’t like you? How would you feel?",positive,0.9,"the speaker uses a hypothetical scenario to express empathy and understanding, indicating a favorable social bond and positive emotional attribution toward the target."
conv_907,Mr. Zelner,Betty,"[Turn 1] [SPEAKER] Speaker 1: Okay, I think we can get the evaluation back before they see it, but we’re gonna have to get into [E1]Mr. Zelner[/E1]’s office. Now, he doesn’t get in until 10, so he’s no problem, but his assistant, [E2]Betty[/E2], she comes in early to eat her breakfast at her desk.",neutral,0.8,"the dialogue is task-oriented, logistical, or observational. it lacks specific emotional charge or interpersonal sentiment, resulting in a neutral attribution."
conv_615,Phoebe,Speaker 2,[Turn 16] [SPEAKER] Speaker 2: Hey wait wait wait wait! Is that true what you said? [E1]Phoebe[/E1]'s never had a serious relationship?,neutral,0.8,"the speaker uses language of inquiry, curiosity, or surprise, indicating a neutral emotional attribution toward the target. the tone is more observational than confrontational."
conv_119,Speaker 2,Mike,"[Turn 15] [SPEAKER] Speaker 1: She's also a scientist, so she's very smart and pretty and... well, it's actually because of you, really, that we're together, I mean, I saw what you had with that [E2]Mike[/E2] guy, and I just said ""Boy, I want that"".",positive,0.9,"the speaker uses language of admiration, gratitude, or praise, indicating a favorable social bond and positive emotional attribution toward the target. the speaker also acknowledges the target's influ"
conv_180,Speaker 3,Ross,"[Turn 5] [SPEAKER] Speaker 3: Oh, I’m Phoebe Buffay. I’m one of [E2]Ross[/E2]’s best friends.",positive,0.9,"the speaker introduces themselves as phoebe buffay, one of ross's best friends, indicating a friendly and social tone. the interaction lacks any negative or conflictual elements."
conv_190,Speaker 2,Kyle,[Turn 4] [SPEAKER] Speaker 3: [E2]Kyle[/E2]’s ex-wife? You were supposed to divert her not date her!,negative,0.9,"the speaker uses language of conflict, social rejection, or hostile intent, indicating a negative emotional attribution between the parties."
conv_252,Chandler,Speaker 1,"[Turn 16] [SPEAKER] Speaker 2: Oh, no, no, you can't have [E1]Chandler[/E1], no. No, no. She's my little genius. I got big hopes for her. She's gonna be a doctor or a realtor..",positive,0.9,"the speaker uses possessive language (""my little genius""), expresses strong emotional attachment (""big hopes""), and implies a sense of ownership (""she's my little genius""), indicating a strong positiv"
conv_305,Ross,Rachel,"[Turn 1] [SPEAKER] Speaker 1: Well [E1]Ross[/E1] was hangin' out over at our place, [E2]Rachel[/E2] comes over to borrow some moisturiser from Chandler....",positive,0.8,"the speaker is describing a social interaction involving friends, which is a common theme in the provided examples. the tone is casual and conversational, indicating a positive emotional attribution b"
conv_89,Mindy,Barry,"[Turn 6] [SPEAKER] Speaker 2: Country club newsletter. My mother sends me the engagement notices for 'inspiration.' Oh my God! Oh my God, it's [E2]Barry[/E2] and [E1]Mindy[/E1]!",neutral,0.8,"the speaker uses language of surprise, excitement, and possibly envy, indicating a complex emotional attribution toward the target. the speaker's mother sends them engagement notices for ""inspiration,"
conv_73,Ross,Rachel,"[Turn 11] [SPEAKER] Speaker 1: For God sakes, it’s [E2]Rachel[/E2]!",negative,0.8,"the speaker uses a strong, emotional, and somewhat aggressive phrase (""for god sakes""), which may indicate frustration, annoyance, or even anger. the target, rachel, is not explicitly mentioned, but t"
conv_788,Speaker 2,Joey,"[Turn 4] [SPEAKER] Speaker 2: Oh y’know, I still—I can’t believe it. [E2]Joey[/E2] and Rachel I mean it’s… It’s like you and me going out, only weirder!",negative,0.8,"the speaker is expressing a mix of emotions, including shock, disbelief, and possibly even a sense of unease or discomfort. the comparison to the speaker's own relationship with the listener suggests"
conv_299,Pete Carney,Speaker 2,"[Turn 7] [SPEAKER] Speaker 2: Ok, ok, Roger was creepy, but he was nothing compared to [E1]Pete Carney[/E1].",negative,0.9,"the speaker uses language of comparison, highlighting the creepiness of roger and pete carney, indicating a negative emotional attribution toward pete carney."
conv_79,Speaker 3,Dr. Bobby,"[Turn 7] [SPEAKER] Speaker 1: Wait a minute, his name is [E2]Dr. Bobby[/E2]?",neutral,0.8,"the dialogue is task-oriented, logistical, or observational. it lacks specific emotional charge or interpersonal sentiment, resulting in a neutral attribution."
conv_176,Speaker 1,Pheebs,"[Turn 4] [SPEAKER] Speaker 2: You say you love this man, yet you’re about to ruin the happiest day of his life. I’m afraid I have to agree with you friend [E2]Pheebs[/E2].. This is a..this is a...terrible, terrible plan.",negative,0.9,"the speaker uses language of criticism, disapproval, or negative judgment, indicating a negative emotional attribution toward the subject. the speaker also uses language of agreement with another pers"
conv_27,Speaker 1,Cousin Cassie,"[Turn 3] [SPEAKER] Speaker 1: I gotta make up the guest bedroom. Hey, [E2]Cousin Cassie[/E2] is coming to stay with us a few days.",neutral,0.8,"the speaker is preparing for a guest, indicating a sense of hospitality and welcoming. the tone is neutral and task-oriented, without any apparent conflict or negative emotions."
conv_169,Deliah,Speaker 1,[Turn 7] [SPEAKER] Speaker 1: Her name is [E1]Deliah[/E1].,neutral,0.8,"the dialogue is task-oriented, logistical, or observational. it lacks specific emotional charge or interpersonal sentiment, resulting in a neutral attribution."
conv_245,Tanya,Speaker 2,"[Turn 9] [SPEAKER] Speaker 2: Uh, that's our friend [E1]Tanya[/E1].",neutral,0.8,"the speaker introduces a new person, tanya, without any emotional connotation or personal connection. the interaction is neutral and lacks specific emotional charge or interpersonal sentiment."
conv_353,Jack,Sting,"[Turn 3] [SPEAKER] Speaker 1: Well, I heard you’re having a problem with one of the boys in your class. And so I thought I would just come down here and sit you both down, have a little talk and make it all okay. Now umm, the boy’s name is [E2]Sting[/E2]’s son.",positive,0.9,"the speaker is trying to mediate a conflict and offer support, using a gentle and non-confrontational tone. this suggests a positive emotional attribution between the speaker and the subject."
conv_252,Speaker 1,Janice,"[Turn 4] [SPEAKER] Speaker 2: Look, I don't hate [E2]Janice[/E2], she's-she's just a lot to take, you know.",negative,0.9,"the speaker uses language of frustration, annoyance, or exasperation, indicating a negative emotional attribution toward the target."
conv_177,Speaker 1,Phoebe,"[Turn 1] [SPEAKER] Speaker 1: And the winner is…Joey Tribbiani! Oh… Wow! I honestly never expected this. I uh, I didn’t prepare a speech. But umm, I’d like to thank my parents, who’ve always been there for me. I’d also like to thank my friends, Chandler, Monica, [E2]Phoebe[/E2], Rachel…",positive,0.95,"the speaker uses language of gratitude, praise, and humility, indicating a positive emotional attribution toward the friends mentioned. the tone is celebratory and sincere, suggesting a strong social"
conv_944,Lilly,Speaker 2,"[Turn 18] [SPEAKER] Speaker 2: Y'know, I don't think I want the lipstick that much. But umm… Oh, would you do me a favor? And umm, would you, would you give [E1]Lilly[/E1] that, please?",positive,0.8,"the speaker is asking for a favor, which indicates a sense of trust and social bond between the speaker and the target. the speaker is also showing consideration for someone else (lilly), which adds t"
conv_58,Speaker 1,Aunt Syl,"[Turn 2] [SPEAKER] Speaker 1: [E2]Aunt Syl[/E2], I did this as a favor, I am not a caterer. What do you want me to do with a dozen lasagnas? Nice talk, [E2]Aunt Syl[/E2]. You kiss Uncle Freddie with that mouth?",negative,0.9,"the speaker uses a sarcastic tone, addressing aunt syl with a condescending remark, indicating a negative emotional attribution toward the target."
conv_197,Speaker 2,Richard,[Turn 11] [SPEAKER] Speaker 1: That is so weird! I had a dream that you'd have lunch with [E2]Richard[/E2].,neutral,0.9,"the speaker expresses surprise and curiosity about the subject's lunch plans, indicating a neutral emotional attribution. the speaker does not express any strong emotions, such as anger, sadness, or e"
conv_968,Chandler,Monica,"[Turn 7] [SPEAKER] Speaker 1: Yeah! Oh, umm when-when [E2]Monica[/E2] and [E1]Chandler[/E1] got engaged I started putting some stuff together, y’know just in case…",positive,0.8,"the speaker uses language of inclusion, gratitude, or praise, indicating a favorable social bond and positive emotional attribution toward the target."
conv_366,Speaker 3,Hillary,"[Turn 5] [SPEAKER] Speaker 3: Well, is this [E2]Hillary[/E2] your HOT assistant chef [E2]Hillary[/E2]?",positive,0.9,"the speaker uses language of flirtation, playfulness, or teasing, indicating a positive and lighthearted emotional attribution toward the target."
conv_671,Rachel,Bob Saget,"[Turn 4] [SPEAKER] Speaker 1: I guess you guys heard, [E1]Rachel[/E1] dumped me.",negative,0.9,"the speaker uses language of rejection, loss, or disappointment, indicating a negative emotional attribution toward the target."
conv_624,Joey,Speaker 2,"[Turn 5] [SPEAKER] Speaker 1: Yeah? [E1]Joey[/E1] really knows his art, huh?",positive,0.8,"the speaker's tone is casual and conversational, indicating a friendly and relaxed atmosphere. the use of the phrase ""yeah?"" suggests a sense of agreement or confirmation, which implies a positive emo"
conv_757,Speaker 3,Sue Angle,"[Turn 20] [SPEAKER] Speaker 4: Phoebe, these are our friends, Tom and [E2]Sue Angle[/E2].",neutral,0.8,"the speaker introduces new individuals, tom and sue angle, without any emotional or evaluative language. this suggests a neutral or observational tone."
conv_84,Emma,Speaker 4,"[Turn 9] [SPEAKER] Speaker 4: Uh Dad, [E1]Emma[/E1]'s in the nursery. I'll take you now. If you want, but I really want to talk to you.",positive,0.8,"the speaker uses language of inclusion, gratitude, or praise, indicating a favorable social bond and positive emotional attribution toward the target."
conv_135,Speaker 5,Janice,"[Turn 12] [SPEAKER] Speaker 4: Pathetic mess? I know, but—come on, man, she's needy, she's vulnerable. I'm thinkin', cha-ching! Thanks. Look, you have not been out with a woman since [E2]Janice[/E2]. You're doin' this.",negative,0.9,"the speaker uses language of self-interest, manipulation, and criticism, indicating a negative emotional attribution toward the target. the speaker is trying to persuade the target to do something, an"
conv_903,Speaker 1,Chandler,[Turn 1] [SPEAKER] Speaker 1: Have you seen [E2]Chandler[/E2]?,neutral,0.8,"the speaker is asking about the whereabouts of chandler, indicating a neutral or casual inquiry, without any emotional charge or interpersonal sentiment."
conv_68,Mattress King,Janice,"[Turn 5] [SPEAKER] Speaker 1: That's a good idea, 'Dear [E2]Janice[/E2] have a Hubba-Bubba birthday'. I would like to get her something serious.",positive,0.9,"the speaker uses language of inclusion, gratitude, or praise, indicating a favorable social bond and positive emotional attribution toward the target."
conv_76,Speaker 2,Ramone,"[Turn 10] [SPEAKER] Speaker 6: Well, I get the medical award for separating the siamese twins. Then Amber and I go to Venezuela to meet our other half-brother, [E2]Ramone[/E2]. And that's where I find the world's biggest emerald. It's really big but it's cursed.",neutral,0.9,"the speaker shares a personal story, highlighting their achievements and experiences. the tone is matter-of-fact, without any apparent emotional charge or interpersonal sentiment. the dialogue lacks c"
conv_892,Joseph,Karen,"[Turn 13] [SPEAKER] Speaker 1: Yeah. [E1]Joseph[/E1] and his wife, [E2]Karen[/E2], are thinking of having a third kid... Ya know what? Just did.",neutral,0.9,"the speaker uses a casual, conversational tone, and the language is neutral, without any emotional charge or interpersonal sentiment. the sentence is task-oriented, focusing on a specific topic (havin"
conv_813,Speaker 1,Hugsy,[Turn 8] [SPEAKER] Speaker 2: Should I be concerned that a button fell off the old [E2]Hugsy[/E2] and I can't find it?,neutral,0.9,"the speaker is expressing concern about a lost button on a stuffed animal, which is a neutral topic. the tone is inquiring and lacks emotional charge."
conv_711,Chandler,Speaker 1,"[Turn 13] [SPEAKER] Speaker 1: Ahh! There's gotta be a way. I mean, you know, if Monica and [E1]Chandler[/E1] move out here and now Phoebe is married to Mike. That just leaves me and Ross and Rach, you know what I mean?",negative,0.8,"the speaker expresses a sense of loss and longing for a past social dynamic, indicating a negative emotional attribution toward the target. the speaker also uses language of exclusion, which further r"
conv_180,Monica,Ross,"[Turn 5] [SPEAKER] Speaker 3: Oh, I’m Phoebe Buffay. I’m one of [E2]Ross[/E2]’s best friends.",positive,0.9,"the speaker introduces themselves as phoebe buffay, indicating a casual and friendly tone. the speaker also mentions being one of ross's best friends, which implies a strong social bond."
conv_39,Speaker 3,Knicks,"[Turn 11] [SPEAKER] Speaker 3: Well, you gotta give him something that he can’t say no too. Like uh, [E2]Knicks[/E2] tickets! Invite the guy to a [E2]Knicks[/E2] game, you’re guaranteed he’ll say yes!",positive,0.9,"the speaker is suggesting a gift that is likely to be accepted, indicating a positive and friendly tone. the use of a specific example (knicks tickets) adds to the positive connotation."
conv_813,Speaker 2,Cotton,"[Turn 6] [SPEAKER] Speaker 2: Oh you know what? When I was a little girl I had a little pink pony named [E2]Cotton[/E2]. Oh I loved her so much, I took her everywhere, I would braid her tail...",positive,0.95,"the speaker uses language of nostalgia, affection, and fondness, indicating a strong positive emotional attribution toward the object (cotton, the pony). the speaker's tone is warm, intimate, and sent"
conv_3,Mike,Phoebe,"[Turn 3] [SPEAKER] Speaker 1: I just finished getting [E2]Phoebe[/E2] all dressed to meet [E1]Mike[/E1]'s parents. She's so nervous, it's so sweet!",positive,0.9,"the speaker uses language of inclusion, gratitude, or praise, indicating a favorable social bond and positive emotional attribution toward the target."
conv_418,Speaker 1,Aunt Silvia,"[Turn 7] [SPEAKER] Speaker 1: Well ah, [E2]Aunt Silvia[/E2] was, well not a nice person.",negative,0.8,"the speaker uses a tone of disappointment, regret, or sadness, indicating a negative emotional attribution toward the target."
conv_353,Tim,Speaker 2,"[Turn 9] [SPEAKER] Speaker 1: He is sweet. He’s too sweet. He calls me all the time. ""So did-did you get home from work okay?"" ""Did-did you get out of the shower okay?""",negative,0.9,"the speaker uses language of excessive concern, over-attentiveness, or possessiveness, indicating a negative emotional attribution toward the target."
conv_638,Ross,Speaker 2,"[Turn 9] [SPEAKER] Speaker 3: Well let's see. Maybe he knows where [E1]Ross[/E1] is. Hey, how's it going.",neutral,0.8,"the speaker is asking for information about ross, indicating a neutral or task-oriented interaction. the tone is casual and lacks emotional charge."
conv_86,Speaker 1,Mark,"[Turn 2] [SPEAKER] Speaker 2: Hmmm. Oh, no, no, I just thinking about something funny I heard today. Umm, [E2]Mark[/E2], [E2]Mark[/E2] saying ‘I’ll see you Saturday.’",positive,0.8,"the speaker uses a casual tone and a humorous anecdote, indicating a friendly and lighthearted interaction. the speaker also addresses mark by name, suggesting a familiar and positive relationship."
conv_318,Speaker 1,Charlie,"[Turn 3] [SPEAKER] Speaker 1: Oh, c'mon, I mean, there's you, then there's [E2]Charlie[/E2], and it's like... What the hell is my problem? OH!",negative,0.8,"the speaker uses language of frustration, confusion, or self-doubt, indicating a negative emotional attribution toward themselves. the speaker is questioning their own problem, which suggests a sense"
conv_384,Ross,Speaker 1,"[Turn 7] [SPEAKER] Speaker 1: I mean, you know... [E1]Ross[/E1] and I haven't dated in like... six years...",positive,0.8,"the speaker is reminiscing about a past relationship, using a casual tone and a hint of nostalgia. this suggests a positive emotional attribution toward the target, ross."
conv_915,Chandler,Speaker 1,"[Turn 7] [SPEAKER] Speaker 1: Well, [E1]Chandler[/E1]'s my oldest friend, but Joey's my NO! Ah!",negative,0.9,"the speaker uses language of exclusion, negation, or criticism, indicating an unfavorable social bond and negative emotional attribution toward the target."
conv_276,Speaker 5,Kip,"[Turn 11] [SPEAKER] Speaker 1: Oh my God, its happening. It's already started. I'm [E2]Kip[/E2].",positive,0.9,"the speaker uses language of surprise, excitement, and self-introduction, indicating a positive emotional attribution toward the target."
conv_880,Speaker 1,Marjorie,[Turn 4] [SPEAKER] Speaker 2: What harpist? My friend [E2]Marjorie[/E2] is playing the steel drums.,neutral,0.8,"the speaker mentions a friend, marjorie, and her activity, playing steel drums, which indicates a positive social bond and a neutral emotional attribution toward the target."
conv_979,Monica Geller,Speaker 2,"[Turn 4] [SPEAKER] Speaker 2: Chip! Hi, it’s Rachel. Rachel Green. Yeah, umm, you left me a message. Yes you did, my roommate wrote it down. [E1]Monica Geller[/E1]. Ohh.",positive,0.9,"the speaker uses language of familiarity, recognition, and casual tone, indicating a friendly and positive social bond with the target. the speaker also uses the target's name, which suggests a level"
conv_417,Heathcliff,Cathy,"[Turn 10] [SPEAKER] Speaker 1: Oh-oh-oh, symbolism! And uh, the-the uh, wildness of the mores, which I think is-is mirrored in the wildness of [E1]Heathcliff[/E1]'s character.",neutral,0.8,"the speaker uses literary analysis and references to a novel, indicating a neutral or intellectual tone. the sentence lacks specific emotional charge or interpersonal sentiment, resulting in a neutral"
conv_311,Speaker 3,Purple Rain,[Turn 13] [SPEAKER] Speaker 2: You like the [E2]Purple Rain[/E2] display! Hey Bob.,positive,0.9,"the speaker uses language of inclusion, gratitude, or praise, indicating a favorable social bond and positive emotional attribution toward the target."
conv_944,Francis,Lilly,"[Turn 11] [SPEAKER] Speaker 1: Okay. I have just a few questions to ask so I'm going to get out my official forms. Okay, so, question 1) You and uh, you were married to [E1]Francis[/E1]' daughter [E2]Lilly[/E2], is that correct?",neutral,0.8,"the speaker is asking questions in a formal setting, which indicates a neutral or professional tone. the speaker is not expressing any strong emotions or opinions, and the language used is objective."
conv_219,Speaker 2,Aunt Marilyn,[Turn 8] [SPEAKER] Speaker 1: She looks exactly like [E2]Aunt Marilyn[/E2].,neutral,0.8,"the speaker uses language of comparison, indicating a neutral emotional attribution toward the target."
conv_341,Speaker 5,Steve,[Turn 7] [SPEAKER] Speaker 1: No. Not after what happened with [E2]Steve[/E2].,negative,0.9,"the speaker's response is a clear rejection, indicating a negative emotional attribution toward the target. the mention of a past event (""what happened with steve"") adds context to the rejection, impl"
conv_615,Phoebe,Speaker 1,"[Turn 11] [SPEAKER] Speaker 1: Oh no, yeah, no, [E1]Phoebe[/E1] is great, but umm... I'm an idiot. Look, right before you guys went out, I accidentally got her all upset.",negative,0.7,"the speaker uses language of self-deprecation, apology, or regret, indicating a negative emotional attribution toward themselves. the speaker also expresses concern for the well-being of the target, p"
conv_915,Speaker 1,Chandler,"[Turn 7] [SPEAKER] Speaker 1: Well, [E2]Chandler[/E2]'s my oldest friend, but Joey's my NO! Ah!",negative,0.9,"the speaker uses language of exclusion, rejection, or hostility, indicating a negative emotional attribution toward the target."
conv_279,Speaker 1,Frank,"[Turn 7] [SPEAKER] Speaker 1: Or instead, maybe you could just not marry my brother [E2]Frank[/E2].",negative,0.9,"the speaker's request is a direct and blunt statement, indicating a strong emotional attachment to the subject (frank) and a negative emotional attribution towards the object (marrying frank). the spe"
conv_316,Lizzie,Speaker 1,"[Turn 3] [SPEAKER] Speaker 1: Yeah. But then I changed my mind. I’m funny like that. So I told [E1]Lizzie[/E1], now I’m telling you, I don’t want you seeing my daughter anymore.",negative,0.9,"the speaker uses language of rejection, exclusion, or hostile intent, indicating a negative emotional attribution toward the target."
conv_152,Speaker 2,Victor,[Turn 2] [SPEAKER] Speaker 2: What about my friend [E2]Victor[/E2]?,neutral,0.8,"the speaker is asking about a friend, indicating a positive social bond and a neutral emotional attribution toward the target."
conv_73,Rachel,Ross,"[Turn 11] [SPEAKER] Speaker 1: For God sakes, it’s [E1]Rachel[/E1]!",negative,0.9,"the speaker uses a strong expletive, indicating frustration, anger, or annoyance, which is a negative emotional attribution."
conv_418,Speaker 3,Aunt Silvia,"[Turn 3] [SPEAKER] Speaker 1: Monica, uh Dad called this morning and ah, [E2]Aunt Silvia[/E2] passed away.",neutral,0.8,"the speaker is sharing news about a family member's passing, which is a sensitive and potentially emotional topic. the tone is neutral, as the speaker is simply conveying information."
conv_585,Speaker 1,Gandolf,"[Turn 3] [SPEAKER] Speaker 1: Look you don’t understand, [E2]Gandolf[/E2] is amazing. Y’know you’re never know what’s gonna end up happening, you go out for a couple of beers and end up on a fishing boat to Nova Scotia!",positive,0.95,"the speaker uses language of admiration, praise, and enthusiasm, indicating a strong positive emotional attribution toward the subject gandolf. the use of superlatives (""amazing"") and the tone of exci"
conv_180,Ross,Monica,"[Turn 5] [SPEAKER] Speaker 3: Oh, I’m Phoebe Buffay. I’m one of [E1]Ross[/E1]’s best friends.",positive,0.9,"the speaker introduces themselves as phoebe buffay, one of ross's best friends, indicating a positive social bond and a friendly tone."
conv_866,Mona,Speaker 1,"[Turn 2] [SPEAKER] Speaker 2: Oh hey! Hey Ross! Hey how’s it, how’s it going with you and [E1]Mona[/E1]? Are you guys still together?",positive,0.9,"the speaker uses language of inclusion, greeting, and inquiry, indicating a friendly and positive tone. the speaker is asking about the relationship status of ross and mona, which suggests a genuine i"
conv_494,Frannie,Speaker 2,"[Turn 5] [SPEAKER] Speaker 3: Oh, I used to work with [E1]Frannie[/E1].",positive,0.8,"the speaker mentions a shared experience or connection with the target, indicating a positive social bond and positive emotional attribution."
conv_506,Speaker 1,Rachel,[Turn 5] [SPEAKER] Speaker 1: No-no-no! Only if I promise never to see [E2]Rachel[/E2] again.,negative,0.9,"the speaker is expressing strong emotional resistance to the idea of seeing rachel again, indicating a negative emotional attribution. the use of ""no-no-no"" and the condition ""never to see rachel agai"
conv_276,Kip,Speaker 3,"[Turn 12] [SPEAKER] Speaker 2: Hey, you're not [E1]Kip[/E1]!",positive,0.9,"the speaker uses a familiar and informal greeting (""hey""), which suggests a friendly and casual tone. the use of the name ""kip"" implies a personal connection or familiarity between the speaker and the"
conv_605,Rachel,Ross,[Turn 5] [SPEAKER] Speaker 3: [E2]Ross[/E2] and [E1]Rachel[/E1] left us a message saying they were getting married! Isn’t that why you guys are here?,neutral,0.9,"the speaker is sharing a piece of news about ross and rachel, which is a significant event in their lives. the tone is neutral, as it's a factual statement. the speaker is not expressing any strong em"
conv_287,Speaker 2,Richard,"[Turn 3] [SPEAKER] Speaker 1: All right. No, no, no, not a [E2]Richard[/E2] thing, just put down the glass. And get out!",negative,0.8,"the speaker uses a commanding tone, with a focus on the object (the glass) and the action (putting it down), indicating a sense of authority and control. the phrase ""get out"" also implies a sense of d"
conv_245,Tanya,Speaker 2,[Turn 10] [SPEAKER] Speaker 1: Of course it's your friend [E1]Tanya[/E1].,positive,0.9,"the speaker is referring to a friend, which implies a positive social bond and a positive emotional attribution toward the target."
conv_675,Speaker 3,Velveteen Rabbit,[Turn 6] [SPEAKER] Speaker 2: What?! I thought he’d love it! His favorite kid's book was the [E2]Velveteen Rabbit[/E2]!,negative,0.8,"the speaker expresses surprise and disappointment, indicating a negative emotional attribution toward the target. the use of the word ""what?!"" and the phrase ""i thought he'd love it"" convey a sense of"
conv_237,Chandler,Speaker 2,[Turn 2] [SPEAKER] Speaker 2: I can’t answer that! [E1]Chandler[/E1]’s my husband.,negative,0.9,"the speaker uses language of rejection, denial, or avoidance, indicating a negative emotional attribution toward the target."
conv_120,Janice,Speaker 1,[Turn 4] [SPEAKER] Speaker 3: What's the big deal? Why don't you wanna see [E1]Janice[/E1]?,neutral,0.8,"the speaker's tone is casual and non-confrontational, indicating a neutral emotional attribution. the speaker is asking a question, which is a neutral action. the mention of janice does not provide en"
conv_152,Chandler,Monica,"[Turn 1] [SPEAKER] Speaker 1: Uh, hey, Rach let me ask you something. Uh, I was just over there talking to [E2]Monica[/E2] and [E1]Chandler[/E1], boy they are really tight.",neutral,0.8,"the speaker uses language of casual inquiry, indicating a neutral social bond and no specific emotional attribution toward the target."
conv_295,Phoebe,Pottery Barn,"[Turn 16] [SPEAKER] Speaker 2: Uh, yeah! I still can’t believe she hates [E2]Pottery Barn[/E2]!",negative,0.8,"the speaker expresses surprise and disbelief, indicating a negative emotional attribution toward the subject (pottery barn)."
conv_164,Speaker 2,Gary,[Turn 3] [SPEAKER] Speaker 3: Phoebe! It's 6 o'clock in the morning! Why aren't you at [E2]Gary[/E2]'s?,negative,0.8,"the speaker is addressing phoebe, using a wake-up call, indicating a sense of urgency and possibly annoyance. this suggests a negative emotional attribution."
conv_326,Sting,Speaker 2,[Turn 1] [SPEAKER] Speaker 1: You’re gonna love me so much. I got [E1]Sting[/E1] tickets!!,positive,0.9,"the speaker uses language of excitement, enthusiasm, and anticipation, indicating a positive emotional attribution toward the target."
conv_116,Chandler,Monica,"[Turn 4] [SPEAKER] Speaker 2: Okay umm, well, first [E1]Chandler[/E1] and [E2]Monica[/E2] will get married and be filthy rich by the way. Yeah. But it won’t work out.",neutral,0.9,"the speaker is discussing a hypothetical scenario, mentioning the marriage and potential wealth of chandler and monica. the tone is casual and matter-of-fact, without any apparent emotional charge or"
conv_170,Jack,Speaker 6,"[Turn 28] [SPEAKER] Speaker 7: Yeah, we named the boy [E1]Jack[/E1] after dad.",positive,0.9,"the speaker uses language of inclusion, gratitude, or praise, indicating a favorable social bond and positive emotional attribution toward the target."
conv_312,Carol,Susan,"[Turn 8] [SPEAKER] Speaker 1: Look, this is just a little too familiar, okay? For like, for like six months before [E1]Carol[/E1] and I spilt up, all I heard was: ""My friend [E2]Susan[/E2] is so smart. My friend [E2]Susan[/E2] is so funny. My friend [E2]Susan[/E2] is so great.""",negative,0.9,"the speaker uses language of criticism, disapproval, or rejection, indicating an unfavorable social bond and negative emotional attribution toward the target."
conv_615,Speaker 2,Phoebe,[Turn 16] [SPEAKER] Speaker 2: Hey wait wait wait wait! Is that true what you said? [E2]Phoebe[/E2]'s never had a serious relationship?,neutral,0.8,"the speaker uses a questioning tone, indicating a desire for clarification or confirmation, which suggests a neutral emotional attribution. additionally, the topic of phoebe's relationships is a neutr"
conv_219,Cassie,Speaker 1,[Turn 1] [SPEAKER] Speaker 1: [E1]Cassie[/E1] needs to stay at your place.,neutral,0.8,"the speaker is addressing cassie, indicating a personal or intimate relationship. the request to stay at someone's place implies a level of trust and familiarity. the tone is neutral, without any expl"
conv_198,Chandler,Janice,[Turn 8] [SPEAKER] Speaker 5: Their not breaking up. [E1]Chandler[/E1] and [E2]Janice[/E2]. Their not breaking up. He didn't blink or anything.,neutral,0.8,"the speaker's tone is calm and matter-of-fact, indicating a lack of emotional charge. the use of the phrase ""he didn't blink or anything"" suggests a sense of normalcy or routine, further supporting a"
conv_871,Speaker 1,Mrs. Potter,"[Turn 5] [SPEAKER] Speaker 1: Oh no, it is forbidden! No-no, [E2]Mrs. Potter[/E2] fires people for fooling around with clients. And it’s against my oath as a masseuse.",negative,0.8,"the speaker expresses shock, surprise, and concern about the situation, indicating a negative emotional attribution toward the subject (mrs. potter). the speaker also mentions their oath as a masseuse"
conv_42,Speaker 1,Queen Rachel,"[Turn 6] [SPEAKER] Speaker 2: I said it was typical. Typical of you, Rachel Green, [E2]Queen Rachel[/E2] does whatever she wants in little Rachel land.",negative,0.9,"the speaker uses language of criticism, blame, or ridicule, indicating an unfavorable social bond and negative emotional attribution toward the target."
conv_245,Kip,Speaker 1,"[Turn 18] [SPEAKER] Speaker 2: Aw, I know all about [E1]Kip[/E1]!",positive,0.9,"the speaker uses language of affection, fondness, or nostalgia, indicating a positive emotional attribution toward the subject."
conv_223,Laurie Schaffer,Speaker 2,"[Turn 6] [SPEAKER] Speaker 2: Now, I know things've been weird lately, but you're like my oldest friend in the world... Except for maybe [E1]Laurie Schaffer[/E1], who I don't talk to anywhere, 'cause she's all bitter now that she lost the weight and it turns out she doesn't have a pretty face. ....Okay, I'm just gonna ask you this once, and I want a straight answer.",positive,0.9,"the speaker uses language of affection, nostalgia, and shared experience, indicating a strong social bond and positive emotional attribution toward the target. the tone is also somewhat playful and li"
conv_645,Emma,Jill,[Turn 24] [SPEAKER] Speaker 1: Uh..... its [E1]Emma[/E1].,neutral,0.9,"the speaker is referring to a person, emma, without any emotional connotation or social bond. the sentence lacks specific emotional charge or interpersonal sentiment."
conv_25,Ursula,Pheebs,"[Turn 17] [SPEAKER] Speaker 6: Um, [E2]Pheebs[/E2], so, you guys just don’t get along?",neutral,0.8,"the speaker uses a casual, informal tone and a nickname (""pheebs"") to address the target, indicating a familiar and friendly relationship. the speaker also asks a question about the target's relations"
conv_223,Speaker 2,Barry,"[Turn 22] [SPEAKER] Speaker 2: Okay, okay... when [E2]Barry[/E2] was engaged to you, he and I...kind of... had a little thing on the side.",negative,0.9,"the speaker uses language of secrecy, guilt, or shame, indicating a negative emotional attribution toward the target. the speaker also implies a betrayal of trust, which further reinforces the negativ"
conv_757,Speaker 4,Sue Angle,"[Turn 20] [SPEAKER] Speaker 4: Phoebe, these are our friends, Tom and [E2]Sue Angle[/E2].",neutral,0.9,"the speaker introduces new individuals, tom and sue angle, without any emotional or evaluative language. the tone is neutral and observational."
conv_256,Chandler,Speaker 2,[Turn 4] [SPEAKER] Speaker 2: Man in the black dress… Hi! I’m Rachel! I’m a friend of Monica and [E1]Chandler[/E1]’s!,positive,0.9,"the speaker uses language of introduction, friendliness, and inclusivity, indicating a positive social bond and emotional attribution toward the target."
conv_135,Phoebe,Speaker 1,"[Turn 2] [SPEAKER] Speaker 2: Well, I heard that you thinking about asking [E1]Phoebe[/E1] to move in with you and I thought maybe, we should have a talk. Man to uh, me.",positive,0.9,"the speaker uses language of concern, empathy, or understanding, indicating a positive social bond and positive emotional attribution toward the target. the speaker is showing interest in the subject'"
conv_303,Speaker 2,David,[Turn 8] [SPEAKER] Speaker 2: Or! I should rush through dinner with Joey and I can meet [E2]David[/E2] at 9:00!,neutral,0.8,"the speaker is planning to meet someone named david at 9:00 pm, indicating a neutral or task-oriented interaction. the mention of joey and dinner suggests a social context, but the tone is not explici"
conv_702,Bethel,Speaker 1,[Turn 7] [SPEAKER] Speaker 1: My friend [E1]Bethel[/E1] rescued him from some lab.,positive,0.9,"the speaker uses language of gratitude or praise, indicating a favorable social bond and positive emotional attribution toward the target."
conv_81,Speaker 2,Tim,"[Turn 7] [SPEAKER] Speaker 1: Well maybe he was just nervous, y’know you can be very intimidating. And besides I’ve met your pastry chef and she can stand to be taken down a peg or two.",positive,0.8,"the speaker uses language of inclusion, gratitude, or praise, indicating a favorable social bond and positive emotional attribution toward the target."
conv_844,Tim Robbins,Susan Sarandon,"[Turn 8] [SPEAKER] Speaker 4: Chandler, look they’re actors. They’re there to do a job, just ‘cause they work together, doesn’t mean they’re gonna get together. I mean just ‘cause it happened with [E2]Susan Sarandon[/E2] and [E1]Tim Robbins[/E1], it doesn’t mean it’s gonna happen with them.",neutral,0.9,"the speaker is discussing the possibility of a romantic relationship between two actors, using a hypothetical example of a famous couple. the tone is neutral and observational, without any emotional c"
conv_42,Speaker 1,Rachel Green,"[Turn 6] [SPEAKER] Speaker 2: I said it was typical. Typical of you, [E2]Rachel Green[/E2], Queen Rachel does whatever she wants in little Rachel land.",negative,0.9,"the speaker uses language of social rejection, criticism, or condescension, indicating a negative emotional attribution toward the target."
conv_177,Chandler,Speaker 1,"[Turn 1] [SPEAKER] Speaker 1: And the winner is…Joey Tribbiani! Oh… Wow! I honestly never expected this. I uh, I didn’t prepare a speech. But umm, I’d like to thank my parents, who’ve always been there for me. I’d also like to thank my friends, [E1]Chandler[/E1], Monica, Phoebe, Rachel…",positive,0.95,"the speaker uses language of gratitude, praise, and humility, indicating a positive emotional attribution toward the friends mentioned. the tone is celebratory and sincere, suggesting a strong social"
conv_180,Emily,Ross,"[Turn 1] [SPEAKER] Speaker 1: I’d like to toast, [E2]Ross[/E2] and [E1]Emily[/E1]. Of course, my big toast will be tomorrow at the wedding, so this is kind of my little toast or Melba toast, if you will.Okay. I known [E2]Ross[/E2] for a long time. In fact, I knew him when he was going out with his first girlfriend. And I thought things were going to work out for him..Until the day he over inflated her.  Ohh, Dear God..",positive,0.9,"the speaker uses a humorous tone and makes a lighthearted joke about ross's past relationship, indicating a positive emotional attribution toward ross. the speaker also uses a playful and affectionate"
conv_155,Speaker 1,Emily,[Turn 10] [SPEAKER] Speaker 2: We all hate [E2]Emily[/E2]!,negative,0.9,"the interaction contains elements of social rejection or hostile intent, establishing a negative emotional attribution between the parties."
conv_319,Eric Prower,Speaker 3,"[Turn 4] [SPEAKER] Speaker 3: Yeah, Ross can't go so it's between my friend [E1]Eric Prower[/E1] who has breath issues and Dan with the poking.  'Did you see that play? Do you want some more beer? Is that Spike Lee?'",neutral,0.8,"the speaker is discussing a social event and the potential attendees, mentioning specific individuals and their characteristics. the tone is casual and conversational, with no apparent conflict or neg"
conv_195,Speaker 1,Malcom,"[Turn 6] [SPEAKER] Speaker 4: Umm, not feeling better 'bout [E2]Malcom[/E2].",negative,0.8,"the speaker expresses uncertainty and discomfort about malcolm, indicating a negative emotional attribution."
conv_802,Speaker 1,Gandolf,[Turn 4] [SPEAKER] Speaker 2: Nooo!! [E2]Gandolf[/E2]?! [E2]Gandolf[/E2] is coming to town?,negative,0.8,"the speaker's reaction to gandolf's arrival is one of shock, surprise, and possibly even fear. the use of the word ""nooo!!"" and the emphasis on gandolf's name suggests a strong emotional response."
conv_344,Monica,Speaker 1,"[Turn 3] [SPEAKER] Speaker 1: No, I don’t want to tell anybody else because I don’t want [E1]Monica[/E1] to find out.",negative,0.9,"the speaker uses language of exclusion, secrecy, or avoidance, indicating a negative emotional attribution toward the target."
conv_178,Speaker 1,Mike,"[Turn 16] [SPEAKER] Speaker 1: Look, Precious... [E2]Mike[/E2]'s not worth this. You're an attractive, intelligent woman and let's face it, [E2]Mike[/E2]'s kind of a wang. I mean, he proposed to me while he was still seeing you... He was gonna break-up with you on your birthday? And, I don't like to kiss-and-tell, but he cheated on you a lot this weekend.",negative,0.8,"the speaker uses language of criticism, rejection, or hostility, indicating a negative emotional attribution toward the target. the speaker also uses language of empathy, understanding, and support, i"
conv_42,Speaker 1,Rachel Green,"[Turn 21] [SPEAKER] Speaker 2: That’s right, The I Hate [E2]Rachel Green[/E2] Club!",negative,0.9,"the speaker uses language of exclusion, criticism, or ridicule, indicating a negative social bond and negative emotional attribution toward the target."
conv_155,Speaker 1,Emily,"[Turn 8] [SPEAKER] Speaker 2: It's not right what [E2]Emily[/E2] wants you to do! She is totally-Owww!! Stop pinching me! Look, now you guys said I only had to keep my mouth shut as long as Ross was happy, right? Well he just told me that he's not entirely happy.",negative,0.9,"the speaker uses language of conflict, social rejection, or hostile intent, indicating a negative emotional attribution between the parties. the speaker is expressing disagreement with emily's request"
conv_124,Speaker 2,Chandler,"[Turn 15] [SPEAKER] Speaker 1: [E2]Chandler[/E2] is a complex fellow, one who is unlikely to take a wife.",neutral,0.9,"the speaker uses a formal, objective tone, describing chandler's personality and behavior without expressing personal emotions or opinions. the sentence lacks specific emotional charge or interpersona"
conv_558,Jason,Speaker 2,[Turn 13] [SPEAKER] Speaker 2: [E1]Jason[/E1] is not a sissy!,negative,0.9,"the speaker uses language that is derogatory, belittling, or condescending, indicating a negative emotional attribution toward the target."
conv_690,Speaker 3,Italian,"[Turn 18] [SPEAKER] Speaker 4: Not personal, really, well they said that they never met an [E2]Italian[/E2] actor with a worse [E2]Italian[/E2] accent.",negative,0.9,"the speaker uses language of criticism, sarcasm, or mockery, indicating a negative emotional attribution toward the target."
conv_213,Speaker 2,America,"[Turn 2] [SPEAKER] Speaker 2: Hey, best man number two, Joey Tribbiani. Now I’m not good with the jokes like Chandler here. Boy...but ahh, I just want to say congratulation to the happy couple. I first met Ross in this coffee house back home...Home...New York City...Where everybody knows my name. Well anyway, I love you guys. But not as much as I love [E2]America[/E2]. Could we please..go home now?",positive,0.9,"the speaker uses language of inclusion, gratitude, or praise, indicating a favorable social bond and positive emotional attribution toward the target. the speaker also expresses a sense of belonging a"
conv_599,Emma,Ross,"[Turn 13] [SPEAKER] Speaker 1: Okay, oh, and [E1]Emma[/E1] needs a cowgirl outfit for the competition.",neutral,0.8,"the speaker is providing information about a specific request for a costume, indicating a neutral emotional attribution."
conv_197,Chandler,Speaker 2,[Turn 15] [SPEAKER] Speaker 1: Ooh! So now why can't we tell [E1]Chandler[/E1]?,positive,0.9,"the speaker's tone is playful and curious, indicating a positive emotional attribution toward the target. the use of ""ooh!"" and the question itself suggest a friendly and non-confrontational interacti"
conv_295,Speaker 2,Pottery Barn,[Turn 11] [SPEAKER] Speaker 1: Because she hates [E2]Pottery Barn[/E2].,neutral,0.9,"the speaker mentions a specific reason for someone's dislike, which is a neutral statement. the tone is informative, not emotional."
conv_73,Speaker 2,Rachel,"[Turn 10] [SPEAKER] Speaker 2: I know. I know. And this is so much more complicated than it was for those guys. I mean, it’s [E2]Rachel[/E2] for God sakes.",positive,0.9,"the speaker expresses empathy and understanding towards the subject, using phrases like ""i know"" and ""it's rachel for god's sake"", indicating a positive emotional attribution towards the subject."
conv_1061,Speaker 7,Fonzie,"[Turn 15] [SPEAKER] Speaker 7: Hi! Phoebe, I'm Dr. Harad, I'm going to be delivering your babies. I want you to know, you're gonna be in good hands. I've been doing this for a long time. I'll be back in a minute to do your internal, in the meantime, just relax because everything here looks great. And also, I love [E2]Fonzie[/E2].",positive,0.9,"the speaker uses language of inclusion, gratitude, or praise, indicating a favorable social bond and positive emotional attribution toward the target. the doctor's tone is professional, reassuring, an"
conv_656,David,Phoebe,"[Turn 7] [SPEAKER] Speaker 1: Look, if [E2]Phoebe[/E2] wants to marry [E1]David[/E1], she should, I'm not gonna stand in the way of that and neither should you.",positive,0.9,"the speaker uses language of acceptance, understanding, and support, indicating a positive emotional attribution toward the subject (phoebe) and the object (david). the speaker also acknowledges the a"
conv_194,Speaker 2,Sandy,[Turn 7] [SPEAKER] Speaker 1: [E2]Sandy[/E2] made Madeleines.,neutral,0.8,"the dialogue is task-oriented, logistical, or observational. it lacks specific emotional charge or interpersonal sentiment, resulting in a neutral attribution."
conv_625,Speaker 2,Terry,"[Turn 5] [SPEAKER] Speaker 1: Good one. Actually, ah, [E2]Terry[/E2] wants you to take the training again, whenever.",positive,0.9,"the speaker uses language of agreement, approval, or appreciation, indicating a favorable social bond and positive emotional attribution toward the target."
conv_286,Speaker 1,Uncle Lenny,"[Turn 7] [SPEAKER] Speaker 1: Yeah, tell that to my [E2]Uncle Lenny[/E2].",negative,0.8,"the speaker uses a sarcastic tone and a reference to a family member, indicating a negative emotional attribution toward the target."
conv_160,Emma,Speaker 1,"[Turn 14] [SPEAKER] Speaker 2: Space is filled with orbiting children. Look, please, just come on, you know, when you see the look on [E1]Emma[/E1]'s face, I swear you won't regret it.",positive,0.9,"the speaker uses language of persuasion, inclusion, and emotional appeal, indicating a positive social bond and emotional attribution toward the target. the speaker is trying to convince the listener"
conv_91,Ross,Speaker 1,[Turn 9] [SPEAKER] Speaker 1: With [E1]Ross[/E1] and Jill?,positive,0.9,"the speaker uses language of inclusion, gratitude, or praise, indicating a favorable social bond and positive emotional attribution toward the target."
conv_490,Owen,Speaker 2,"[Turn 12] [SPEAKER] Speaker 3: I know the process is frustrating, but it's so worth it. Adopting [E1]Owen[/E1] was the best thing that ever happened to us.",positive,0.95,"the speaker uses language of inclusion, gratitude, or praise, indicating a favorable social bond and positive emotional attribution toward the target. the phrase ""the best thing that ever happened to"
conv_32,Speaker 1,Chandler,"[Turn 3] [SPEAKER] Speaker 1: Is ah, is [E2]Chandler[/E2] around?",neutral,0.8,"the dialogue is task-oriented, logistical, or observational. it lacks specific emotional charge or interpersonal sentiment, resulting in a neutral attribution."
conv_298,Speaker 2,Susan,"[Turn 5] [SPEAKER] Speaker 1: So umm, any word from [E2]Susan[/E2]?",neutral,0.9,"the speaker is asking for an update or information from susan, which is a neutral inquiry. there is no emotional tone or language used in this sentence."
conv_588,Speaker 2,Monica,"[Turn 5] [SPEAKER] Speaker 1: Hey, Chandler, don't freak out! I'm telling you something you already know! Come on, she broke up with Richard because he didn't want to have babies. And she's a woman, and she's almost 30, and y'know it's [E2]Monica[/E2].",positive,0.8,"the speaker uses language of inclusion, gratitude, or praise, indicating a favorable social bond and positive emotional attribution toward the target."
conv_114,Tina,Speaker 2,"[Turn 2] [SPEAKER] Speaker 2: Yeah. He's gonna keep cheating on my ma like she wanted, she's gonna keep pretending she doesn't know even though she does, and my little sister [E1]Tina[/E1] can't see her husband any more because he got a restraining order...which has nothing to do with anything except that I found out today.",negative,0.9,"the speaker is expressing frustration, anger, and disappointment towards the situation, specifically towards the husband's infidelity and the mother's knowledge of it. the speaker also mentions the re"
conv_299,Speaker 1,"Howard-the-""I-win""-guy","[Turn 10] [SPEAKER] Speaker 1: Yeah, well, I'll take a little crying any day over [E2]Howard-the-""I-win""-guy[/E2]. ""I win! I win!"" I went out with the guy for two months—I didn't get to win once.",negative,0.9,"the speaker expresses frustration, annoyance, and possibly even contempt towards howard, using a sarcastic tone and a negative comparison. the speaker also implies that they did not have a positive ex"
conv_759,Speaker 1,Lilly,[Turn 5] [SPEAKER] Speaker 1: [E2]Lilly[/E2]'s dead.,negative,0.9,"the speaker's tone is somber and serious, indicating a strong emotional impact. the use of the word ""dead"" implies a significant loss or tragedy, which is likely to elicit a strong emotional response"
conv_354,Speaker 1,Carol,"[Turn 7] [SPEAKER] Speaker 1: I'm an idiot. I mean shoulda seen it, I mean [E2]Carol[/E2] and I'd be out and she'd, she'd see some beautiful woman, and, and she'd be Ross y'know look at her, and I'd think, God, my wife is cool!",negative,0.8,"the speaker uses self-deprecating language (""i'm an idiot"") and expresses regret (""shoulda seen it""), indicating a negative emotional attribution toward themselves. the speaker also mentions a romanti"
conv_482,Tag,Speaker 1,"[Turn 3] [SPEAKER] Speaker 1: Oh, right. Sorry. But [E1]Tag[/E1]'s not coming; his girlfriend came into town, so he's spending Thanksgiving with her.",negative,0.8,"the speaker mentions a personal event (girlfriend coming into town) that might affect the subject's plans, indicating a potential conflict or change in plans. the tone is apologetic, which suggests a"
conv_267,Speaker 2,Julie,"[Turn 1] [SPEAKER] Speaker 1: Hello? Oh, hi. Yeah, hold on a second. Ross, it's [E2]Julie[/E2], for you.",neutral,0.8,"the dialogue is task-oriented, logistical, or observational. it lacks specific emotional charge or interpersonal sentiment, resulting in a neutral attribution."
conv_177,Phoebe,Speaker 1,"[Turn 1] [SPEAKER] Speaker 1: And the winner is…Joey Tribbiani! Oh… Wow! I honestly never expected this. I uh, I didn’t prepare a speech. But umm, I’d like to thank my parents, who’ve always been there for me. I’d also like to thank my friends, Chandler, Monica, [E1]Phoebe[/E1], Rachel…",positive,0.95,"the speaker uses language of gratitude, praise, and humility, indicating a positive emotional attribution toward the target (friends and family). the tone is celebratory and sincere, with no signs of"
conv_162,Speaker 1,Twinkles,[Turn 6] [SPEAKER] Speaker 2: Really? Remember [E2]Twinkles[/E2]?,positive,0.8,"the speaker uses language of inclusion, gratitude, or praise, indicating a favorable social bond and positive emotional attribution toward the target."
conv_742,Speaker 2,Caroline,"[Turn 16] [SPEAKER] Speaker 2: If you have to call me name, I prefer Ross the Divorcer. It's just cooler. Look...I know my marriages haven't exactly worked out. But I love to be that committed to another person. And [E2]Caroline[/E2] and I had some good times before she became a lesbian! And once afterward. I'm sorry.",positive,0.9,"the speaker uses language of self-deprecation, humor, and vulnerability, indicating a positive emotional attribution toward themselves. the speaker also expresses a desire for commitment and love, whi"
conv_16,Speaker 2,Buddy,[Turn 5] [SPEAKER] Speaker 1: [E2]Buddy[/E2]?,positive,0.9,"the speaker uses a term of endearment (""buddy""), indicating a friendly and informal tone, which suggests a positive emotional attribution toward the target."
conv_199,Speaker 4,Knicks,"[Turn 10] [SPEAKER] Speaker 2: Okay, all right, how's this? 27. Italian-American guy. He's an actor, born in Queens. Wow, big family, seven sisters, and he's the only....boy. Oh my God, under personal comments: 'New York [E2]Knicks[/E2], rule!'",positive,0.9,"the speaker is sharing a personal anecdote about a person, using language of inclusion and praise, indicating a favorable social bond and positive emotional attribution toward the target."
conv_180,Monica,Ross,"[Turn 6] [SPEAKER] Speaker 2: Well, if you’re on e of [E2]Ross[/E2]’s best friends, why aren’t you here?",negative,0.8,"the speaker uses a rhetorical question to express surprise, disappointment, or frustration, indicating a negative emotional attribution toward the subject."
conv_1061,Speaker 7,Fonzie,"[Turn 15] [SPEAKER] Speaker 7: Hi! Phoebe, I'm Dr. Harad, I'm going to be delivering your babies. I want you to know, you're gonna be in good hands. I've been doing this for a long time. I'll be back in a minute to do your internal, in the meantime, just relax because everything here looks great. And also, I love [E2]Fonzie[/E2].",positive,0.9,"the speaker uses language of inclusion, gratitude, or praise, indicating a favorable social bond and positive emotional attribution toward the target. the doctor's tone is professional, reassuring, an"
conv_16,Speaker 2,Buddy,[Turn 5] [SPEAKER] Speaker 1: [E2]Buddy[/E2]?,positive,0.9,"the speaker uses a term of endearment (""buddy""), indicating a friendly and informal tone, which suggests a positive emotional attribution toward the target."
conv_200,Speaker 4,Richard,[Turn 9] [SPEAKER] Speaker 4: It's not [E2]Richard[/E2]! Okay? It's this new guy and he's really good.,positive,0.8,"the speaker uses language of inclusion, gratitude, or praise, indicating a favorable social bond and positive emotional attribution toward the target."
conv_342,Richard,Monica,[Turn 3] [SPEAKER] Speaker 1: [E1]Richard[/E1] told [E2]Monica[/E2] he wants to marry her!,positive,0.9,"the speaker uses language of romantic commitment, indicating a strong positive emotional attribution toward the target."
conv_274,Speaker 1,Gavin,"[Turn 15] [SPEAKER] Speaker 3: Sounds like you need to think about what you want, talk to [E2]Gavin[/E2], and you definitely should talk to Ross",neutral,0.9,"the speaker is providing advice and guidance, indicating a neutral emotional attribution. the speaker is not expressing personal feelings or opinions, but rather offering a neutral suggestion."
conv_217,Joey,Speaker 1,[Turn 2] [SPEAKER] Speaker 2: Of course! [E1]Joey[/E1] wouldn’t let you have one?,positive,0.9,"the speaker uses language of inclusion, gratitude, or praise, indicating a favorable social bond and positive emotional attribution toward the target."
conv_3,Phoebe,Mike,"[Turn 3] [SPEAKER] Speaker 1: I just finished getting [E1]Phoebe[/E1] all dressed to meet [E2]Mike[/E2]'s parents. She's so nervous, it's so sweet!",positive,0.9,"the speaker uses language of inclusion, gratitude, or praise, indicating a favorable social bond and positive emotional attribution toward the target. the speaker describes phoebe's nervousness as ""so"
conv_297,Monica,Richard,"[Turn 6] [SPEAKER] Speaker 1: Mhm, maybe she used them with another boyfriend. Maybe [E2]Richard[/E2]!",negative,0.8,"the speaker is speculating about a person's past relationships, which can be perceived as gossip or judgmental. the tone is somewhat accusatory, implying that the person may have been unfaithful. this"
conv_722,Speaker 1,Janice,"[Turn 17] [SPEAKER] Speaker 1: Ok, [E2]Janice[/E2]. [E2]Janice[/E2]. You gotta give me [E2]Janice[/E2]. That wasn't about being picky.",negative,0.9,"the speaker uses language of criticism, blame, or rejection, indicating an unfavorable social bond and negative emotional attribution toward the target."
conv_276,Jo,Laurie,[Turn 15] [SPEAKER] Speaker 4: [E1]Jo[/E1]ey! I can’t believe you just did that!,negative,0.9,"the speaker uses a name, ""joey"", which is a term of endearment, and the sentence contains a strong emotional expression (""i can’t believe you just did that!""), indicating a strong negative emotional a"
conv_326,Sting,Speaker 2,[Turn 1] [SPEAKER] Speaker 1: You’re gonna love me so much. I got [E1]Sting[/E1] tickets!!,positive,0.9,"the speaker uses language of excitement, enthusiasm, and anticipation, indicating a positive emotional attribution toward the target."
conv_117,Speaker 3,Joey,[Turn 5] [SPEAKER] Speaker 1: I don’t know! [E2]Joey[/E2] hasn’t had this much trouble getting out words since we saw him in Macbeth!,negative,0.9,"the speaker uses language of frustration, confusion, or disappointment, indicating a negative emotional attribution toward the target."
conv_124,Speaker 1,Jen,"[Turn 6] [SPEAKER] Speaker 2: By the way, do you know who's moving back into town? Tom and Sue's daughter [E2]Jen[/E2].",neutral,0.9,"the speaker is sharing information about a person's return to town, which is a neutral topic. the speaker does not express any emotional tone or sentiment towards the person being discussed."
conv_957,Speaker 2,Ben,[Turn 4] [SPEAKER] Speaker 2: Yeah I know; he’s in [E2]Ben[/E2]’s class.,neutral,0.8,"the speaker is mentioning a shared acquaintance, indicating a social bond and a neutral emotional attribution."
conv_645,Speaker 1,Jill,"[Turn 6] [SPEAKER] Speaker 2, Speaker 1: [E2]Jill[/E2]?",positive,0.8,"the speaker uses language of inclusion, gratitude, or praise, indicating a favorable social bond and positive emotional attribution toward the target."
conv_323,Speaker 3,Knicks,[Turn 13] [SPEAKER] Speaker 3: And the [E2]Knicks[/E2] rule all.,neutral,0.8,"the dialogue is task-oriented, logistical, or observational. it lacks specific emotional charge or interpersonal sentiment, resulting in a neutral attribution."
conv_124,Chandler,Speaker 2,"[Turn 15] [SPEAKER] Speaker 1: [E1]Chandler[/E1] is a complex fellow, one who is unlikely to take a wife.",neutral,0.9,"the speaker's tone is observational, and the language used is neutral, indicating a lack of emotional charge or interpersonal sentiment. the sentence does not contain elements of conflict, social reje"
conv_1042,Speaker 1,Carol,"[Turn 3] [SPEAKER] Speaker 1: The first time! No seriously, imagine if [E2]Carol[/E2] hadn’t realized she was a lesbian.",neutral,0.8,"the speaker uses a hypothetical scenario to make a point, which is a neutral tone. the mention of carol's sexual orientation is a sensitive topic, but the speaker's tone is not aggressive or offensive"
conv_757,Sue Angle,Speaker 3,"[Turn 20] [SPEAKER] Speaker 4: Phoebe, these are our friends, Tom and [E1]Sue Angle[/E1].",neutral,0.9,"the speaker introduces new individuals, tom and sue angle, without any emotional language or sentiment. the interaction appears to be a simple introduction or social gathering."
conv_701,Speaker 1,Emma,[Turn 24] [SPEAKER] Speaker 1: Ehm... Her name is [E2]Emma[/E2].,neutral,0.9,"the sentence is a simple statement of a name, without any emotional connotation or interpersonal sentiment. it lacks specific emotional charge or social interaction."
conv_489,Speaker 2,Ross,"[Turn 12] [SPEAKER] Speaker 2: Oh not-not so much. Umm, what-what do you, what do you mean is there something wrong with [E2]Ross[/E2]?",neutral,0.8,"the speaker uses language of uncertainty, hesitation, and questioning, indicating a lack of emotional charge or interpersonal sentiment. the speaker is seeking clarification, which suggests a neutral"
conv_297,Richard,Monica,[Turn 5] [SPEAKER] Speaker 2: I didn't know [E2]Monica[/E2] had these!,neutral,0.8,"the speaker uses language of surprise, curiosity, or inquiry, indicating a neutral emotional attribution toward the target."
conv_608,Althea,Speaker 5,[Turn 21] [SPEAKER] Speaker 3: Are you sure it was [E1]Althea[/E1]?!,neutral,0.8,"the dialogue is task-oriented, logistical, or observational. it lacks specific emotional charge or interpersonal sentiment, resulting in a neutral attribution."
conv_18,Joanna,Speaker 2,"[Turn 19] [SPEAKER] Speaker 2: Oh honey, this is his office too. I told you we're [E1]Joanna[/E1]'s two assistants.",positive,0.9,"the speaker uses language of affection, care, and intimacy, indicating a positive emotional attribution toward the target."
conv_847,Emma,Speaker 2,"[Turn 2] [SPEAKER] Speaker 2: Okay, well that's now the third sign that I should not leave [E1]Emma[/E1].",negative,0.8,"the speaker is expressing a sense of caution or hesitation, indicating a potential negative emotional attribution toward the subject (emma). the speaker is also using a self-referential phrase (""i sho"
conv_759,Speaker 1,Francis,"[Turn 1] [SPEAKER] Speaker 1: Okay. I have just a few questions to ask so I'm going to get out my official forms. Okay, so, question 1) You and uh, you were married to [E2]Francis[/E2]' daughter Lilly, is that correct?",neutral,0.8,"the speaker is asking questions in a formal and professional tone, indicating a neutral emotional attribution."
conv_895,Speaker 1,Scottish,[Turn 3] [SPEAKER] Speaker 1: Oh no thanks. I don’t like any thing from my [E2]Scottish[/E2] heritage.,negative,0.9,"the speaker expresses a negative sentiment towards their scottish heritage, indicating a negative emotional attribution towards the subject (scottish heritage)."
conv_96,Speaker 1,Rachel,[Turn 4] [SPEAKER] Speaker 3: You got [E2]Rachel[/E2] pregnant?!,negative,0.9,"the speaker's tone is shocked and accusatory, indicating a negative emotional attribution toward the subject."
conv_188,Speaker 4,Janice,"[Turn 12] [SPEAKER] Speaker 1: Why don't you ask Chandler, 'cause he's the one that fooled around with her. She told me you said you could really fall for her. Now is that true? Or are you just gettin' over [E2]Janice[/E2] by groping my sister.",negative,0.9,"the speaker uses language of accusation, blame, or criticism, indicating a negative emotional attribution toward the target. the speaker also implies a lack of trust and a sense of betrayal, further r"
conv_435,Speaker 1,Janine,"[Turn 9] [SPEAKER] Speaker 4: I am so over [E2]Janine[/E2]. I mean, yeah, at first I thought she was hot, but now she’s like OLD NEWS!",negative,0.95,"the speaker uses language of rejection, dismissal, and devaluation, indicating a negative emotional attribution toward the subject, janine. the speaker's tone is dismissive and critical, implying a la"
conv_804,Speaker 2,Rachel,"[Turn 2] [SPEAKER] Speaker 2: Yeah, I'm a friend of [E2]Rachel[/E2] Green's. Uhm, actually we met at the Christmas party about two years ago.",positive,0.8,"the speaker introduces themselves as a friend of rachel green's, indicating a positive social bond. the context of the christmas party suggests a casual, friendly interaction. the speaker's tone is ne"
conv_427,Speaker 1,Kathy,"[Turn 3] [SPEAKER] Speaker 1: All right, who keeps leaving old newspapers in the trash?! I really wanted to take [E2]Kathy[/E2] to this, I can’t believe I missed it.",negative,0.9,"the speaker expresses frustration and annoyance towards an unknown person for leaving old newspapers in the trash. the speaker's tone is critical and disapproving, indicating a negative emotional attr"
conv_643,Speaker 4,Richard,"[Turn 6] [SPEAKER] Speaker 1: Really, it doesn't mean anything. I mean, you know, Monica refers to Chandler as [E2]Richard[/E2] all the time!",positive,0.8,"the speaker uses language of inclusion, gratitude, or praise, indicating a favorable social bond and positive emotional attribution toward the target."
conv_685,Monica,Speaker 1,[Turn 16] [SPEAKER] Speaker 2: Okay. You won’t believe what [E1]Monica[/E1]’s older brother just said to me!,neutral,0.8,"the speaker uses language of surprise, curiosity, or inquiry, indicating a neutral emotional attribution toward the target."
conv_892,Brittany,Joseph,"[Turn 11] [SPEAKER] Speaker 1: Well, see when you're acting you need to think about stuff like that. My character, [E2]Joseph[/E2] the processor guy, has two little girls, Ashley and [E1]Brittany[/E1]. Ashley copies everything [E1]Brittany[/E1] does.",neutral,0.9,"the dialogue is task-oriented, focusing on acting and character development. the speaker is providing advice and sharing personal information about their character. the tone is informative and neutral"
conv_615,Phoebe,Speaker 2,"[Turn 3] [SPEAKER] Speaker 1: I'm Ross, [E1]Phoebe[/E1]'s friend from the coffeehouse.",positive,0.9,"the speaker introduces themselves as a friend of phoebe's, indicating a social bond and a positive emotional attribution toward phoebe."
conv_129,Speaker 2,Kristen Lang,"[Turn 23] [SPEAKER] Speaker 3, Speaker 2: [E2]Kristen Lang[/E2].",neutral,0.9,"the sentence appears to be a simple statement of a person's name, without any emotional connotation or interpersonal context."
conv_721,Sergei,Speaker 1,"[Turn 1] [SPEAKER] Speaker 1: Anyway, I’m going out with [E1]Sergei[/E1] again tonight, and um, could you come and be the translator’s date? So that when we, it’s time for our alone time, you two could split off. Y'know, he’s really, he’s kinda cute.",positive,0.9,"the speaker is inviting someone to be a date for a translator, indicating a social bond and positive emotional attribution toward the target."
conv_139,Mary,Speaker 4,"[Turn 14] [SPEAKER] Speaker 4: Yeah, yeah, first there was my aunt [E1]Mary[/E1], and then there was umm, John, my mailman, and then my, my cowboy friend 'Albino Bob'.",neutral,0.8,"the speaker mentions a series of people, including an aunt, a mailman, and a cowboy friend, indicating a neutral or observational tone. there is no apparent emotional charge or interpersonal sentiment"
conv_45,Speaker 1,Ben,"[Turn 7] [SPEAKER] Speaker 3: Hello? Hey Mon, how’s the packing going? [E2]Ben[/E2]? He’s fine. Yeah, he’s right—Oh my God! Get your head of your shirt there son! What? Yeah, it’s a pumpkin. I’ll come pack.",positive,0.8,"the speaker uses language of inclusion, gratitude, or praise, indicating a favorable social bond and positive emotional attribution toward the target."
conv_727,Emily,British,"[Turn 15] [SPEAKER] Speaker 1: And I love the milk! But, I’m not gonna some [E2]British[/E2] girl to move in with me! Joey, you say things now.",negative,0.9,"the speaker uses language of rejection, conflict, or hostility, indicating a negative emotional attribution toward the target."
conv_643,Mike,Speaker 1,"[Turn 10] [SPEAKER] Speaker 1: I'm sooo sorry!! I just... I keep thinking about [E1]Mike[/E1]! I'm crazy about David, and we're having so much fun together. Why-Why do I miss [E1]Mike[/E1]? That's-that's gonna go away, right?",negative,0.9,"the speaker expresses regret, self-doubt, and nostalgia for a past relationship, indicating a negative emotional attribution toward the target. the speaker's language is apologetic and self-critical,"
conv_196,Speaker 1,Alan,[Turn 20] [SPEAKER] Speaker 1: I'll meet somone else. There'll be other [E2]Alan[/E2]s.,negative,0.8,"the speaker is expressing a sense of resignation and acceptance, indicating a negative emotional attribution toward the target (alan)."
conv_192,Joey,Speaker 1,"[Turn 3] [SPEAKER] Speaker 1: Uh, well... [E1]Joey[/E1] and I broke up.",negative,0.9,"the speaker uses language of separation, rejection, or negative sentiment, indicating an unfavorable social bond and negative emotional attribution toward the target."
conv_576,Speaker 1,Monica,"[Turn 6] [SPEAKER] Speaker 2: Ohh, of course [E2]Monica[/E2]’s brother!",positive,0.9,"the speaker uses language of affection, familiarity, or endearment, indicating a positive social bond and positive emotional attribution toward the target."
conv_438,Speaker 2,Rachel,[Turn 2] [SPEAKER] Speaker 2: Sorry! I'm just—I'm not very good at this! I'm a terrible liar and I hate having to lie to [E2]Rachel[/E2]!,negative,0.8,"the speaker is expressing regret and self-doubt, indicating a negative emotional attribution toward themselves. the speaker also mentions lying to rachel, which implies a negative emotional attributio"
conv_227,Speaker 3,Tommy,"[Turn 6] [SPEAKER] Speaker 3: Look. Look, I wasn't going to say anything to you, but... All right, I don't think you should be seeing [E2]Tommy[/E2] anymore.",negative,0.9,"the speaker uses language of criticism, disapproval, or warning, indicating a negative emotional attribution toward the target."
conv_298,Chandler,Mr. Chandler,[Turn 2] [SPEAKER] Speaker 2: More turkey Mr. [E1]Chandler[/E1]?,positive,0.8,"the speaker uses a formal address (""mr."") and a name (""chandler""), indicating a level of familiarity and respect. the request for ""more turkey"" is a neutral topic, and the tone is polite."
conv_752,Chandler,Speaker 1,"[Turn 13] [SPEAKER] Speaker 2: Oh. Well uh, you not being able to talk may make this easier. Listen umm… Listen I don’t wanna be someone who comes between two best friends. I just, I can’t stand seeing what this is doing to you guys, and I don’t wanna be the cause of that. So, I don’t think we can see each other anymore. I’m gonna go to my mom’s in Chicago, I’m gonna stay there for awhile. I think this could’ve be something really amazing, but y’know this is probably for the best. Y’know? I’m gonna miss you. Good-bye, [E1]Chandler[/E1].",positive,0.8,"the speaker expresses regret, empathy, and a desire to avoid causing harm to the other person, indicating a positive emotional attribution. the speaker also acknowledges the potential for a positive o"
conv_342,Richard,Monica,[Turn 3] [SPEAKER] Speaker 1: [E1]Richard[/E1] told [E2]Monica[/E2] he wants to marry her!,positive,0.9,"the speaker uses language of romantic commitment, indicating a strong positive emotional attribution toward the target."
conv_200,Speaker 4,Pottery Barn,"[Turn 8] [SPEAKER] Speaker 3: Rach, Phoebe hates [E2]Pottery Barn[/E2].",negative,0.9,"the speaker uses a negative sentiment towards pottery barn, which is an object, indicating a negative emotional attribution towards the object."
conv_847,Monica,Speaker 1,"[Turn 9] [SPEAKER] Speaker 1: Hey, you only heard [E1]Monica[/E1]'s side of that. That little fatso was a terror.",negative,0.9,"the speaker uses derogatory language (""little fatso"") and makes a personal attack, indicating a negative emotional attribution toward the subject."
conv_195,Ursula,Malcom,"[Turn 6] [SPEAKER] Speaker 4: Umm, not feeling better 'bout [E2]Malcom[/E2].",negative,0.8,"the speaker expresses uncertainty and discomfort about malcolm, indicating a negative emotional attribution."
conv_315,Speaker 2,Phoebe,[Turn 6] [SPEAKER] Speaker 2: [E2]Phoebe[/E2] moved out.,neutral,0.8,"the sentence lacks specific emotional charge or interpersonal sentiment, and the context is not provided. it appears to be a simple statement about a person's relocation."
conv_164,Gary,Speaker 2,[Turn 3] [SPEAKER] Speaker 3: Phoebe! It's 6 o'clock in the morning! Why aren't you at [E1]Gary[/E1]'s?,negative,0.8,"the speaker uses a tone of surprise, annoyance, or frustration, indicating a negative emotional attribution toward the target."
conv_342,Speaker 2,Monica,[Turn 3] [SPEAKER] Speaker 1: Richard told [E2]Monica[/E2] he wants to marry her!,positive,0.9,"the speaker uses language of romantic interest, commitment, or proposal, indicating a strong positive emotional attribution toward the target."
conv_958,Speaker 2,duck,"[Turn 8] [SPEAKER] Speaker 2: Oh, he's in the back. The [E2]duck[/E2] pissed him off, said that eggs came first.",negative,0.8,"the speaker uses language of frustration, annoyance, or irritation, indicating a negative emotional attribution toward the target."
conv_140,Speaker 3,Stuart,"[Turn 8] [SPEAKER] Speaker 1: You invite my brother, you invite my whole family, and not me?! Why?! What—Why wouldn’t you want me at your wedding? What could I have possibly done?! [E2]Stuart[/E2]!",negative,0.95,"the speaker uses language of exclusion, rejection, and accusation, indicating a strong negative emotional attribution toward the target. the speaker's tone is confrontational and hurt, implying a deep"
conv_286,Uncle Lenny,Speaker 1,"[Turn 7] [SPEAKER] Speaker 1: Yeah, tell that to my [E1]Uncle Lenny[/E1].",positive,0.8,"the speaker uses a family member (uncle lenny) as a reference, which implies a sense of familiarity and closeness. the tone is informal, and the speaker seems to be sharing a personal anecdote. this s"
conv_489,Speaker 2,Ross,"[Turn 16] [SPEAKER] Speaker 2: No! No I, no [E2]Ross[/E2] is not a geek!",negative,0.9,"the speaker uses a strong negative tone, with the word ""no"" repeated twice, indicating a strong rejection or denial. this suggests a negative emotional attribution between the speaker and the target,"
conv_316,Lizzie,Speaker 2,"[Turn 3] [SPEAKER] Speaker 1: Yeah. But then I changed my mind. I’m funny like that. So I told [E1]Lizzie[/E1], now I’m telling you, I don’t want you seeing my daughter anymore.",negative,0.9,"the speaker uses language of rejection, exclusion, or hostile intent, indicating a negative emotional attribution toward the target."
conv_58,Aunt Syl,Uncle Freddie,"[Turn 1] [SPEAKER] Speaker 1: [E1]Aunt Syl[/E1], stop yelling! All I'm saying is that if you had told me vegetarian lasagna, I would have made vegetarian lasagna. Well, the meat's only every third layer, maybe you could scrape.",negative,0.9,"the interaction contains elements of conflict, social rejection, or hostile intent, establishing a negative emotional attribution between the parties."
conv_276,Ross,Speaker 3,[Turn 8] [SPEAKER] Speaker 1: That's not [E1]Ross[/E1]!,neutral,0.8,"the speaker is addressing someone, but the context is unclear. there is no emotional language used, and the tone is neutral."
conv_43,Charlie,Speaker 1,[Turn 2] [SPEAKER] Speaker 2: I've come here to apologize. I think I may have let my feelings for [E1]Charlie[/E1] interfere with the interview process.,positive,0.9,"the speaker uses language of apology, self-reflection, and acknowledgment of potential bias, indicating a willingness to take responsibility and make amends. this suggests a positive emotional attribu"
conv_50,Emma,Hugsy,"[Turn 1] [SPEAKER] Speaker 1: I'm trying to put [E1]Emma[/E1] down for a nap, have you seen [E2]Hugsy[/E2]?",neutral,0.8,"the speaker is asking about the location of a pet, which is a neutral topic. the tone is polite and inquiring, indicating a neutral emotional attribution."
conv_357,Mike,Speaker 5,"[Turn 6] [SPEAKER] Speaker 4: Hey, you're [E1]Mike[/E1]'s parents, right?",neutral,0.8,"the dialogue is task-oriented, logistical, or observational. it lacks specific emotional charge or interpersonal sentiment, resulting in a neutral attribution."
conv_545,Speaker 1,Ben,[Turn 1] [SPEAKER] Speaker 1: And here's little [E2]Ben[/E2] nodding off...,neutral,0.8,"the dialogue is task-oriented, logistical, or observational. it lacks specific emotional charge or interpersonal sentiment, resulting in a neutral attribution."
conv_788,Speaker 2,Joey,"[Turn 15] [SPEAKER] Speaker 1: Honey I can’t even imagine how hard this must be for you. But, I don’t want you to lose [E2]Joey[/E2] over it. And right now he just needs to know that you’re still his friend.",positive,0.95,"the speaker uses language of empathy, understanding, and support, indicating a positive emotional attribution toward the target. the speaker acknowledges the difficulty of the situation and expresses"
conv_276,Kip,Speaker 3,[Turn 14] [SPEAKER] Speaker 2: Who cares? You're Rachel! Who's [E1]Kip[/E1]?,negative,0.8,"the speaker uses a sarcastic tone and a dismissive phrase (""who cares?""), indicating a negative emotional attribution toward the target. the speaker also uses a name (""rachel"") to establish a sense of"
conv_331,Jamie,Speaker 2,"[Turn 14] [SPEAKER] Speaker 3: Well, [E1]Jamie[/E1] was the name of Susan's first girlfriend, so we went back to Jordie.",neutral,0.8,"the speaker mentions a specific person (jamie) and a context (susan's first girlfriend), which implies a personal connection or shared experience. the tone is neutral, without any apparent emotional c"
conv_262,Joseph Stalin,Russian,[Turn 3] [SPEAKER] Speaker 1: Apparently he was this [E2]Russian[/E2] dictator who slaughtered all these people. You'd think you would've known that!,negative,0.9,"the speaker is discussing a historical event, using a tone of disapproval and moral outrage. the use of the word ""slaughtered"" implies a strong negative emotional attribution toward the subject."
conv_760,Speaker 3,Colin,"[Turn 11] [SPEAKER] Speaker 3: Ross, are you there? Ross, I don’t know if you can hear this but… I’m gonna talk anyway, uh, I’m in the States with you sister and your friends and it’s all over with [E2]Colin[/E2]. I came here to tell you that, and to tell you—Yes, Joey you can have all the chocolate you want, just take it! Uh, I came here to tell you that I love you.",positive,0.95,"the speaker uses language of affection, intimacy, and vulnerability, indicating a strong positive emotional attribution toward the subject. the speaker also expresses a desire to connect with the subj"
conv_721,Sergei,Speaker 1,"[Turn 19] [SPEAKER] Speaker 1: Yeah but, Mischa is so interested in you, that [E1]Sergei[/E1] and I haven’t been able to say two words to each other.",negative,0.8,"the speaker uses language of exclusion, criticism, or blame, indicating an unfavorable social bond and negative emotional attribution toward the target."
conv_89,Mindy,Speaker 2,"[Turn 9] [SPEAKER] Speaker 1: And [E1]Mindy[/E1], your maid of...?",positive,0.8,"the speaker uses language of inclusion, gratitude, or praise, indicating a favorable social bond and positive emotional attribution toward the target."
conv_89,Mindy,Speaker 2,"[Turn 9] [SPEAKER] Speaker 1: And [E1]Mindy[/E1], your maid of...?",positive,0.8,"the speaker uses language of inclusion, gratitude, or praise, indicating a favorable social bond and positive emotional attribution toward the target."
conv_50,Emma,Hugsy,[Turn 19] [SPEAKER] Speaker 1: Are you gonna... you're going to take [E2]Hugsy[/E2] away from a little child?,positive,0.9,"the speaker's tone and language convey a sense of empathy, concern, and protection towards the child, indicating a positive emotional attribution towards the subject (the child)."
conv_473,Chandler,Speaker 2,[Turn 3] [SPEAKER] Speaker 1: Listen...I need to know that what I'm about to ask you will never get back to [E1]Chandler[/E1].,positive,0.9,"the speaker is asking for confidentiality, which implies a level of trust and intimacy. the speaker is also addressing the listener directly, which suggests a personal connection. the tone is serious"
conv_29,Chandler,Speaker 2,"[Turn 5] [SPEAKER] Speaker 1: I’m just saying, get his number just in case. But no [E1]Chandler[/E1] is in an accident and can’t perform sexually and he would want you to take a lover to satisfy the needs that he can no longer fulfill.",positive,0.9,"the speaker is suggesting that the subject take a lover to fulfill their sexual needs, implying a sense of vulnerability and intimacy. the tone is empathetic and understanding, indicating a positive e"
conv_202,Michelle,Speaker 1,"[Turn 12] [SPEAKER] Speaker 4: [E1]Michelle[/E1]! Of course, it was [E1]Michelle[/E1]! Did it sound like [E1]Michelle[/E1]?",positive,0.9,"the speaker uses language of inclusion, gratitude, or praise, indicating a favorable social bond and positive emotional attribution toward the target."
conv_957,Speaker 2,Ben,[Turn 1] [SPEAKER] Speaker 1: Hey Ross! Doesn’t [E2]Ben[/E2] go to the Smithfield Day School?,neutral,0.8,"the dialogue is task-oriented, logistical, or observational. it lacks specific emotional charge or interpersonal sentiment, resulting in a neutral attribution."
conv_171,Speaker 3,Parker,[Turn 3] [SPEAKER] Speaker 3: Were you guys making fun of [E2]Parker[/E2]?,negative,0.8,"the speaker uses language of exclusion, ridicule, or mockery, indicating an unfavorable social bond and negative emotional attribution toward the target."
conv_77,Speaker 2,Charlie,"[Turn 1] [SPEAKER] Speaker 1: So what were you doing out there, do you not like [E2]Charlie[/E2]?",neutral,0.8,"the speaker uses a neutral tone and asks a question about the subject's actions, which lacks specific emotional charge or interpersonal sentiment. the subject's name, charlie, is mentioned, but it doe"
conv_1042,Carol,Speaker 1,"[Turn 3] [SPEAKER] Speaker 1: The first time! No seriously, imagine if [E1]Carol[/E1] hadn’t realized she was a lesbian.",neutral,0.7,"the speaker uses language of hypothetical scenario, which lacks specific emotional charge or interpersonal sentiment, but the mention of carol's sexual orientation could be perceived as a sensitive to"
conv_545,Speaker 2,Ben,[Turn 1] [SPEAKER] Speaker 1: And here's little [E2]Ben[/E2] nodding off...,neutral,0.8,"the dialogue is task-oriented, logistical, or observational. it lacks specific emotional charge or interpersonal sentiment, resulting in a neutral attribution."
conv_774,Speaker 5,Cecilia Monroe,"[Turn 16] [SPEAKER] Speaker 1: Uh [E2]Cecilia Monroe[/E2], she plays Jessica Lockhart.",neutral,0.8,"the speaker mentions a person's name, indicating a social bond or connection. the tone is neutral, without any emotional charge or interpersonal sentiment."
conv_615,Speaker 2,Phoebe,[Turn 10] [SPEAKER] Speaker 2: What's up? Is [E2]Phoebe[/E2] OK?,neutral,0.8,"the speaker uses a casual greeting (""what's up?""), which is a neutral or friendly tone. the question about phoebe's well-being (""is phoebe ok?"") is also a neutral or concerned tone."
conv_236,Speaker 1,Rachel,"[Turn 8] [SPEAKER] Speaker 1: I mean, all I’m asking for is just a little emotion! Is that too much to ask after six years?! I mean what? Are-are-are [E2]Rachel[/E2] and I not as close as you guys?! I mean do we not have as much fun?! Don’t I deserve a few tears?!! I mean we-we told Joey, he cried his eyes out!",negative,0.9,"the speaker is expressing frustration, disappointment, and a sense of betrayal, indicating a negative emotional attribution toward the target. the speaker is asking for emotional validation and is que"
conv_160,Speaker 1,Emma,[Turn 4] [SPEAKER] Speaker 2: Like I said I was thinking of taking [E2]Emma[/E2] to the museum of knives and fire!,neutral,0.8,"the speaker's tone is neutral, and the sentence lacks emotional charge or interpersonal sentiment. the speaker is simply stating a thought or intention, without any apparent emotional attachment or so"
conv_197,Richard,Speaker 2,[Turn 11] [SPEAKER] Speaker 1: That is so weird! I had a dream that you'd have lunch with [E1]Richard[/E1].,neutral,0.8,"the speaker uses language of surprise, curiosity, or interest, indicating a neutral emotional attribution toward the target. the speaker's tone is more observational than emotional, focusing on the un"
conv_721,Spackel Back Harry,Speaker 1,"[Turn 3] [SPEAKER] Speaker 1: Hey, don’t call him that! His name is [E1]Spackel Back Harry[/E1]!",positive,0.9,"the speaker uses language of protection, defense, or advocacy, indicating a positive emotional attribution toward the target."
conv_180,Speaker 3,Ross,"[Turn 6] [SPEAKER] Speaker 2: Well, if you’re on e of [E2]Ross[/E2]’s best friends, why aren’t you here?",negative,0.8,"the speaker's question implies a sense of exclusion or social rejection, as they are questioning the subject's relationship with ross and their absence from the event. this suggests a negative emotion"
conv_143,Pete,Speaker 5,"[Turn 10] [SPEAKER] Speaker 8: Well, this is ironic. Of your last two boyfriends, Richard didn’t want to have kids, and from the looks of it, now [E1]Pete[/E1] can’t.",negative,0.8,"the speaker uses language of irony, which can be perceived as a subtle form of criticism or disapproval. the speaker is highlighting the similarity between the two boyfriends, implying that pete's ina"
conv_240,Chandler,Speaker 2,[Turn 7] [SPEAKER] Speaker 1: You tell your friend [E1]Chandler[/E1] that we’re definitely broken up this time.,negative,0.9,"the speaker uses language of rejection, separation, or conflict, indicating an unfavorable social bond and negative emotional attribution toward the target."
conv_470,Rachel,Speaker 2,[Turn 17] [SPEAKER] Speaker 1: And we’ll need you and [E1]Rachel[/E1] to testify before a judge.,neutral,0.8,"the speaker is requesting the presence of the subject (speaker 1) and the object (rachel) for a specific task (testifying before a judge). the tone is formal and objective, indicating a neutral emotio"
conv_759,Speaker 2,Francis,"[Turn 1] [SPEAKER] Speaker 1: Okay. I have just a few questions to ask so I'm going to get out my official forms. Okay, so, question 1) You and uh, you were married to [E2]Francis[/E2]' daughter Lilly, is that correct?",neutral,0.8,"the speaker is asking questions in a formal and professional tone, indicating a neutral emotional attribution."
conv_506,Emily,Speaker 1,"[Turn 1] [SPEAKER] Speaker 1: So I asked [E1]Emily[/E1] if she would come to New York, and she said yes.",positive,0.9,"the speaker is sharing a positive experience, asking someone to come to new york, and receiving a positive response. this indicates a positive emotional attribution between the parties."
conv_1040,Kathy,The Velveteen Rabbit,"[Turn 7] [SPEAKER] Speaker 1: Actually, this is for [E1]Kathy[/E1]'s birthday. It's an early edition of her favorite book.",positive,0.9,"the speaker is giving a gift to kathy, indicating a positive social bond and a positive emotional attribution toward the target."
conv_73,Speaker 1,Chris,[Turn 4] [SPEAKER] Speaker 2: Crematorium [E2]Chris[/E2]? Sure!,neutral,0.9,the speaker uses a neutral tone and does not express any strong emotions or sentiment towards the target. the sentence is task-oriented and lacks specific emotional charge or interpersonal sentiment.
conv_957,Ben,Speaker 2,[Turn 4] [SPEAKER] Speaker 2: Yeah I know; he’s in [E1]Ben[/E1]’s class.,neutral,0.8,"the dialogue is task-oriented, logistical, or observational. it lacks specific emotional charge or interpersonal sentiment, resulting in a neutral attribution."
conv_68,Speaker 1,Janice,"[Turn 5] [SPEAKER] Speaker 1: That's a good idea, 'Dear [E2]Janice[/E2] have a Hubba-Bubba birthday'. I would like to get her something serious.",positive,0.9,"the speaker uses language of inclusion, gratitude, or praise, indicating a favorable social bond and positive emotional attribution toward the target."
conv_128,Speaker 2,Timmy,"[Turn 5] [SPEAKER] Speaker 1: Uh... To name a few. You know... You know... You've just always been like this. You just have to have everything. And I couldn't have anything. Like in junior high, when you stole [E2]Timmy[/E2] from me. I mean, do you even realize how much that hurt me?",negative,0.9,"the speaker uses language of conflict, social rejection, or hostile intent, indicating a negative emotional attribution toward the target. the speaker mentions past hurt and betrayal, which suggests a"
conv_413,Speaker 5,Alan,[Turn 5] [SPEAKER] Speaker 4: [E2]Alan[/E2].,positive,0.8,"the speaker uses a name, indicating a familiar or known person, which suggests a positive emotional attribution."
conv_32,Ginger,Pepper,"[Turn 13] [SPEAKER] Speaker 1: All right!! Okay, it was like four years ago. Okay, [E1]Ginger[/E1] and I had gone out a few times, and then this one weekend, we went up to her Dad’s cabin. Just me, her, and her annoying little dog [E2]Pepper[/E2]. Well that night, I cooked this really romantic dinner....",positive,0.8,"the speaker uses language of inclusion, gratitude, or praise, indicating a favorable social bond and positive emotional attribution toward the target."
conv_413,Speaker 6,Alan,"[Turn 6] [SPEAKER] Speaker 2: He was unbelievable. He was like that-that-that Bugs Bunny cartoon where Bugs is playing all the positions, right, but instead of Bugs it was first base-[E2]Alan[/E2], second base-[E2]Alan[/E2], third base-...",positive,0.9,"the speaker uses language of admiration, praise, or astonishment, indicating a positive emotional attribution toward the target."
conv_312,Susan,Carol,[Turn 9] [SPEAKER] Speaker 3: You actually think that something can happen between Emily and [E1]Susan[/E1]?,neutral,0.9,"the speaker is asking a question about a potential romantic relationship between two individuals, emily and susan. the tone of the question is neutral, and there is no apparent conflict or hostility."
conv_150,Speaker 1,Ross,"[Turn 1] [SPEAKER] Speaker 1: Oh, look at me, look at me. Oh, I'm on a date with a really great guy, all I can think about is [E2]Ross[/E2] and his cat and his... Julie. I just want to get over him. gosh, why can't I do that?",negative,0.9,"the speaker expresses a desire to move on from a past relationship, indicating a sense of longing and emotional attachment. the mention of ross and his cat and julie suggests a lingering emotional con"
conv_490,Owen,Speaker 2,"[Turn 12] [SPEAKER] Speaker 3: I know the process is frustrating, but it's so worth it. Adopting [E1]Owen[/E1] was the best thing that ever happened to us.",positive,0.95,"the speaker uses language of inclusion, gratitude, or praise, indicating a favorable social bond and positive emotional attribution toward the target. the phrase ""the best thing that ever happened to"
conv_81,Speaker 2,Celtics,[Turn 8] [SPEAKER] Speaker 2: The [E2]Celtics[/E2].,neutral,0.9,"the sentence appears to be a statement about a sports team, the celtics, without any emotional connotation or interpersonal sentiment. it lacks specific emotional charge or social context, resulting i"
conv_124,Richard,Speaker 2,[Turn 23] [SPEAKER] Speaker 1: R-R-[E1]Richard[/E1] said he wants to marry you?! And-and Chandler’s tellin’ ya how much he hates marriage?!,negative,0.8,"the speaker is expressing surprise, shock, or disbelief at the news, indicating a strong emotional reaction. the tone is more negative than positive, as the speaker is reacting to a potentially life-c"
conv_251,Barry,Speaker 1,[Turn 5] [SPEAKER] Speaker 3: No! [E1]Barry[/E1] and Mindy.,negative,0.9,"the speaker uses a strong negative sentiment (""no!"") and a name (""barry"") which is not typically associated with positive emotions, indicating a negative emotional attribution between the parties."
conv_86,Speaker 1,Mark,"[Turn 11] [SPEAKER] Speaker 1: Okay, well if I stop playing with Joey and Chandler, can I play with [E2]Mark[/E2]?",neutral,0.8,"the speaker is asking permission to play with someone else, indicating a desire for social interaction and potentially a positive emotional attribution. the tone is polite and inquiring, suggesting a"
conv_41,Ronni,Speaker 1,[Turn 3] [SPEAKER] Speaker 1: Her name's [E1]Ronni[/E1]. She's a pet mortician.,neutral,0.9,"the speaker introduces a new person, ronni, in a neutral context, without any emotional charge or interpersonal sentiment. the tone is informative and lacks any specific emotional attribution."
conv_268,Speaker 2,Jiminy Billy Bob,"[Turn 2] [SPEAKER] Speaker 2: We had a good time. By the way, I wanted to ask you something. It would really mean a lot to me, if the baby was a boy, that you name him after my father, [E2]Jiminy Billy Bob[/E2].",positive,0.95,"the speaker expresses a personal request, using language of inclusion and gratitude, indicating a favorable social bond and positive emotional attribution toward the target."
conv_737,Ross,Emily,"[Turn 6] [SPEAKER] Speaker 2: Oh, honey, please, no, I can't get started with all that [E1]Ross[/E1] stuff again. I mean, he's gonna screwed up for a looong time. And besides y'know, I don't, I don't go for guys right after they get divorced.",negative,0.8,"the speaker uses language of rejection, disinterest, or dismissal, indicating a negative emotional attribution toward the subject (ross). the speaker also expresses empathy and concern for ross's well"
conv_58,Ben,Carol,[Turn 5] [SPEAKER] Speaker 1: Are you one of [E1]Ben[/E1]’s mothers?,neutral,0.8,"the speaker asks a question about the relationship between the subject and object, indicating a neutral emotional attribution."
conv_186,Erica Ford,Speaker 4,"[Turn 5] [SPEAKER] Speaker 4: 'Dear Dr. Remore, know that I love you and would do anything to have you.' Gosh. 'Your not-so-secretive admirer, [E1]Erica Ford[/E1].' Ooh wait, 'PS enclosed please find 14 of my eyelashes.'",positive,0.95,"the speaker uses language of romantic affection, indicating a strong positive emotional attribution toward the subject. the use of the phrase ""i love you"" and the enclosed eyelashes suggest a deep emo"
conv_751,Speaker 2,Rachel,[Turn 5] [SPEAKER] Speaker 1: [E2]Rachel[/E2]?!,positive,0.8,"the speaker is addressing someone named rachel, which implies a social bond and a positive emotional attribution."
conv_105,Speaker 1,Jason Hurley,"[Turn 4] [SPEAKER] Speaker 2: Oh! Oh! Oh! Okay, fine, fine. Now I don't feel so bad about sleeping with [E2]Jason Hurley[/E2].",negative,0.8,"the speaker uses language of relief, self-justification, and a hint of defensiveness, indicating a negative emotional attribution toward the target. the speaker's tone is playful, but the content sugg"
conv_1034,Lily,Speaker 1,"[Turn 8] [SPEAKER] Speaker 2: Oh gosh, [E1]Lily[/E1], yes. Of course I remember [E1]Lily[/E1]. I... Then you must be?",positive,0.9,"the speaker is addressing lily and recalling a shared memory, indicating a positive emotional attribution."
conv_151,Speaker 2,Dorothy,"[Turn 2] [SPEAKER] Speaker 2: Sorry- Hi, I'm [E2]Dorothy[/E2]'s daughter.",neutral,0.9,"the speaker uses a formal greeting and introduces themselves as the daughter of dorothy, indicating a neutral or formal tone. there is no emotional charge or interpersonal sentiment in this interactio"
conv_309,Speaker 3,Ross,"[Turn 12] [SPEAKER] Speaker 3: Not until you said it. Somebody switch! Wait a minute... [E2]Ross[/E2] and Charlie, Joey and Rachel, Phoebe and Mike! We're the only people leaving with the same person we came with.",neutral,0.9,"the dialogue is task-oriented, logistical, or observational. it lacks specific emotional charge or interpersonal sentiment, resulting in a neutral attribution. the speaker is simply stating a fact abo"
conv_831,Rachel,Speaker 1,"[Turn 1] [SPEAKER] Speaker 1: No, no, no. You actually did that when you were dancing to the Chicago-soundtrack. Look, Ross, about, about [E1]Rachel[/E1] and I. Listen, you don't have to worry about that, okay? Because nothing is gonna happen.",negative,0.8,"the speaker uses language of reassurance, calming, and exclusion, indicating a negative emotional attribution toward the target. the speaker is trying to downplay the situation and avoid conflict."
conv_568,Speaker 3,Rachel,[Turn 1] [SPEAKER] Speaker 1: …she came and dragged me out of the labor room to ask me why I’m not with [E2]Rachel[/E2].,negative,0.8,"the speaker is being asked about their relationship status, which implies a level of intimacy and familiarity. the speaker's response is likely to be emotional, possibly defensive or embarrassed. the"
conv_995,Muriel,Speaker 1,"[Turn 1] [SPEAKER] Speaker 1: Oh my God, I'm starting to look like my great aunt, [E1]Muriel[/E1].",positive,0.8,"the speaker is making a self-deprecating comment, comparing themselves to an older relative, which is often a humorous or lighthearted way to express self-doubt. this tone is more playful than negativ"
conv_197,Richard,Speaker 2,"[Turn 4] [SPEAKER] Speaker 2: Okay, you can not tell Chandler. Okay? That I ran into [E1]Richard[/E1].",positive,0.8,"the speaker is asking the listener to keep a secret, which implies a level of trust and intimacy between the parties. the speaker is also asking the listener to keep the information from chandler, whi"
conv_96,Speaker 2,Rachel,[Turn 4] [SPEAKER] Speaker 3: You got [E2]Rachel[/E2] pregnant?!,negative,0.9,"the speaker's tone is shocked and accusatory, indicating a negative emotional attribution toward the subject. the use of the phrase ""you got [e2]rachel[/e2] pregnant?!"" implies a sense of betrayal and"
conv_417,Cathy,Heathcliff,"[Turn 6] [SPEAKER] Speaker 2: Okay, umm, it's this tragic love story between [E1]Cathy[/E1] and [E2]Heathcliff[/E2] and umm, it takes place on like these really creepy mores in England. Which I think represents the wildness of [E2]Heathcliff[/E2]'s character. I totally get symbolism.",neutral,0.9,"the speaker is discussing a literary work, using descriptive language and making connections between the story and the characters. this indicates a neutral emotional attribution, as the speaker is foc"
conv_152,Phoebe,Speaker 1,"[Turn 15] [SPEAKER] Speaker 1: Yeah. I understand. I understand. Man, I wish I saw [E1]Phoebe[/E1] first!",negative,0.8,"the speaker expresses regret or longing for a missed opportunity, indicating a negative emotional attribution toward the target."
conv_151,Joey,Speaker 2,[Turn 1] [SPEAKER] Speaker 1: You wanna fool around with [E1]Joey[/E1]?,positive,0.8,"the speaker's tone is playful and flirtatious, indicating a positive emotional attribution toward the target."
conv_185,Paulo,Speaker 2,"[Turn 7] [SPEAKER] Speaker 2: Well, first of all, [E1]Paulo[/E1] and I are not back together. It was just a stupid thing I did, and if I could go back in time and do it again, well, I wouldn't. Um, second of all, what?",negative,0.9,"the speaker is expressing regret and disappointment about a past event, indicating a negative emotional attribution toward themselves. the tone is introspective and apologetic, which further supports"
conv_595,Speaker 2,Daryl Hannah,"[Turn 9] [SPEAKER] Speaker 4: [E2]Daryl Hannah[/E2] was the most beautiful woman that he'd ever seen in his life and I said yeah, I liked her in Splash, a lot, but not so much in- in Wall Street, I thought she had kind of a",positive,0.9,"the speaker describes a person as the most beautiful woman they've ever seen, indicating a strong positive emotional attribution. the speaker also mentions a shared experience (watching splash) and a"
conv_842,Speaker 2,Rachel,"[Turn 1] [SPEAKER] Speaker 1: Hey Mon, that was really nice of you to loan [E2]Rachel[/E2] your car so she could go and get the cake.",positive,0.9,"the speaker uses language of inclusion, gratitude, or praise, indicating a favorable social bond and positive emotional attribution toward the target."
conv_192,Speaker 1,Joey,"[Turn 3] [SPEAKER] Speaker 1: Uh, well... [E2]Joey[/E2] and I broke up.",negative,0.9,"the speaker uses language of separation, loss, or rejection, indicating a negative emotional attribution toward the object (joey)."
conv_233,Joey,Knicks,[Turn 2] [SPEAKER] Speaker 2: [E1]Joey[/E1] just called. He's got courtside [E2]Knicks[/E2] tickets for him and me tomorrow night.,positive,0.9,"the speaker mentions a social invitation, which is a positive social cue. the tone is casual and friendly, indicating a positive emotional attribution."
conv_20,Speaker 2,Tag,"[Turn 14] [SPEAKER] Speaker 2: Oh, you know what - my first impression of you was absolutely right. You are arrogant, you are pompous ... Morgan! Morgan! [E2]Tag[/E2]'s last name was Morgan! Huh!",negative,0.9,"the speaker uses language of criticism, blame, or insult, indicating an unfavorable social bond and negative emotional attribution toward the target."
conv_10,Speaker 4,Emma,"[Turn 23] [SPEAKER] Speaker 4: No, no, [E2]Emma[/E2] dropped her sock.",neutral,0.9,"the speaker is simply stating a fact about emma dropping her sock, without any emotional tone or interpersonal sentiment. the sentence lacks any specific emotional charge or social bond."
conv_889,Speaker 2,Amanda,"[Turn 10] [SPEAKER] Speaker 3: You know what [E2]Amanda[/E2] said to me when she got me on the phone? ""Oh, so sorry to catch you on your Mo-Bile!"" If-if you don't wanna get me on my mo-Bile, don't call me on my mo-Bile!""",negative,0.9,"the speaker uses language of frustration, annoyance, or sarcasm, indicating a negative emotional attribution toward the target."
conv_20,Speaker 2,Tag,[Turn 9] [SPEAKER] Speaker 3: I thought it was ok when you slept with your old assistant [E2]Tag[/E2].,negative,0.9,"the speaker's tone is critical and judgmental, implying a negative emotional attribution toward the subject."
conv_354,Speaker 2,Elizabeth,"[Turn 2] [SPEAKER] Speaker 2: Oh no, I have plans with [E2]Elizabeth[/E2].",negative,0.8,"the speaker uses language of exclusion, indicating a negative emotional attribution toward the target."
conv_124,Chandler,Speaker 2,[Turn 10] [SPEAKER] Speaker 2: No I don’t know [E1]Chandler[/E1]! Not anymore! It’s like it’s like something’s changed.,negative,0.9,"the speaker's tone is one of rejection, denial, and possibly even anger, indicating a negative emotional attribution toward the subject. the use of ""not anymore"" and ""something's changed"" suggests a s"
conv_9,Speaker 4,Mike,"[Turn 17] [SPEAKER] Speaker 4: Oh, ok, you want me to marry [E2]Mike[/E2]? Alright, well, let's just gag him and handcuff him and force him down the aisle. I can just see it: ""[E2]Mike[/E2], do you take Phoebe..."" You know, it's every girl's dream!",negative,0.9,"the speaker uses language of sarcasm, ridicule, and frustration, indicating a negative emotional attribution toward the target."
conv_793,Chip,Nancy Branson,[Turn 1] [SPEAKER] Speaker 1: Ugh! I cannot believe [E1]Chip[/E1] dumped me for that slut [E2]Nancy Branson[/E2]. I am never going out with him again. I don't care how much he begs!,negative,0.9,"the speaker uses language of anger, frustration, and hurt, indicating a negative emotional attribution toward the subject (chip) and a negative emotional attribution toward the object (nancy branson)."
conv_197,Richard,Speaker 2,"[Turn 8] [SPEAKER] Speaker 2: Noo! My ex-boyfriend [E1]Richard[/E1]! Y'know the tall guy, moustache?",negative,0.9,"the speaker uses language of emotional distress, anxiety, or frustration, indicating a negative emotional attribution toward the target."
conv_281,Speaker 4,Nate,[Turn 13] [SPEAKER] Speaker 1: Sense the tone! No that kid [E2]Nate[/E2] got it.,positive,0.9,"the speaker uses a playful tone and a sense of camaraderie, indicating a positive emotional attribution toward the target."
conv_202,Michelle,Speaker 1,"[Turn 12] [SPEAKER] Speaker 4: [E1]Michelle[/E1]! Of course, it was [E1]Michelle[/E1]! Did it sound like [E1]Michelle[/E1]?",positive,0.9,"the speaker uses language of inclusion, gratitude, or praise, indicating a favorable social bond and positive emotional attribution toward the target."
conv_291,Speaker 1,Monica,"[Turn 4] [SPEAKER] Speaker 1: I’m so pathetic! [E2]Monica[/E2] knows what she wants to say! You should’ve seen her. Writing, writing, writing!",negative,0.8,"the speaker uses language of self-deprecation, frustration, and disappointment, indicating a negative emotional attribution toward themselves. the mention of monica's writing and the speaker's compari"
conv_599,Emma,Ross,"[Turn 7] [SPEAKER] Speaker 1: Okay, but, well, before you say no, my friend Susanne is entering her kid and compared to [E1]Emma[/E1] she's a real dog!",negative,0.9,"the interaction contains elements of conflict, social rejection, or hostile intent, as the speaker is comparing someone unfavorably to another person. this is likely to be perceived as an insult or a"
conv_81,Speaker 1,Tim,"[Turn 3] [SPEAKER] Speaker 1: Oh my God! I had the best time with [E2]Tim[/E2] last night. He is so sweet! Oh, I can’t wait to get sous-neath him.",positive,0.95,"the speaker uses language of enthusiasm, excitement, and affection, indicating a strong positive emotional attribution toward the target."
conv_762,Emily,Ross,"[Turn 7] [SPEAKER] Speaker 1: Yeah, I have to tell [E2]Ross[/E2] that I love him. Now honey, you take care, you don’t have those babies until I get back.",positive,0.95,"the speaker uses language of affection, commitment, and intimacy, indicating a strong positive emotional attribution toward the target, ross. the speaker's intention is to express their love for ross,"
conv_399,Chandler,Speaker 2,"[Turn 5] [SPEAKER] Speaker 1: Eh, Monica it, it feels so weird, y'know, [E1]Chandler[/E1]'s your friend... Oh! Oh my God! Aw, all right take this bed, you can make other friends.",negative,0.8,"the speaker expresses a sense of discomfort or unease, using phrases like ""it feels so weird"" and ""oh my god"". this suggests a negative emotional attribution towards the target, chandler."
conv_118,Speaker 2,Ross,[Turn 9] [SPEAKER] Speaker 5: Oh no... Have you thought about it how complicated this could get? What about [E2]Ross[/E2]?,neutral,0.8,"the speaker is expressing concern and uncertainty about the potential consequences of a situation, indicating a neutral emotional attribution."
conv_61,Geoffrey Cleric,Andrea Tamburino,[Turn 3] [SPEAKER] Speaker 1: He was roommates with John Rosoff. He went out with [E2]Andrea Tamburino[/E2]. She dumped him for Michael Skloff.,neutral,0.8,"the speaker mentions a person's past relationships, which can be seen as a neutral or even positive topic. however, the tone of the sentence is more informative than emotional, and there is no explici"
conv_252,Chandler,Speaker 1,"[Turn 16] [SPEAKER] Speaker 2: Oh, no, no, you can't have [E1]Chandler[/E1], no. No, no. She's my little genius. I got big hopes for her. She's gonna be a doctor or a realtor..",positive,0.9,"the speaker uses possessive language (""my little genius""), expresses strong emotional attachment (""big hopes""), and implies a sense of ownership (""she's my little genius""), indicating a strong positiv"
conv_323,Speaker 1,Al Pacino,"[Turn 1] [SPEAKER] Speaker 1: Uh huh.. uh huh... oh my God! Okay! Okay, I'll be there! That was my agent. My agent has just gotten me a job...in the new [E2]Al Pacino[/E2] movie!",positive,0.9,"the speaker uses language of excitement, enthusiasm, and gratitude, indicating a positive emotional attribution toward the target."
conv_545,Ben,Speaker 2,[Turn 1] [SPEAKER] Speaker 1: And here's little [E1]Ben[/E1] nodding off...,neutral,0.8,"the dialogue is task-oriented, logistical, or observational. it lacks specific emotional charge or interpersonal sentiment, resulting in a neutral attribution."
conv_223,Speaker 2,Barry,"[Turn 16] [SPEAKER] Speaker 2: Oh no, it isn't! No! I think [E2]Barry[/E2] is seeing someone in the city.",negative,0.8,"the speaker expresses surprise, concern, or disappointment, indicating a negative emotional attribution toward the subject (barry)."
conv_947,Phyllis,Monica,[Turn 1] [SPEAKER] Speaker 1: Where's [E2]Monica[/E2]?,neutral,0.9,"the sentence is a simple question about the location of a person, without any emotional connotation or interpersonal sentiment. it lacks specific emotional charge or social interaction."
conv_608,Speaker 2,Althea,[Turn 18] [SPEAKER] Speaker 4: [E2]Althea[/E2]!,neutral,0.8,"the speaker's name, althea, is not provided, making it difficult to determine the emotional attribution. however, the speaker's tone and language are not explicitly negative or positive, suggesting a"
conv_329,Emma,Amy,[Turn 1] [SPEAKER] Speaker 1: Um look I was thinking... If its ok with Monica I would like to invite [E2]Amy[/E2] to Thanksgiving.,positive,0.9,"the speaker is expressing a desire to invite someone to a social event, indicating a positive emotional attribution toward the target. the use of ""if it's ok with monica"" suggests that the speaker is"
conv_148,Colleen,Speaker 1,"[Turn 3] [SPEAKER] Speaker 1: Uhm, we just wanna give you a heads-up. Bill and [E1]Colleen[/E1] hate us.",negative,0.9,"the speaker uses language of warning or caution, indicating a potentially negative emotional attribution toward the target. the use of ""hate"" also implies a strong negative sentiment."
conv_569,Speaker 2,chick,"[Turn 4] [SPEAKER] Speaker 2: That just cost me four bucks. But uh listen, I just called to see how the [E2]chick[/E2] and the duck are doing?",negative,0.8,"the speaker expresses frustration or disappointment about the cost, indicating a negative emotional attribution. however, the speaker then shifts the conversation to inquire about the well-being of th"
conv_693,Speaker 1,Wendy,"[Turn 3] [SPEAKER] Speaker 1: This is the happiest dog in the world. I borrowed him from my friend [E2]Wendy[/E2]. Now, you can only keep him until he cheers you up. And he will cheer you up!",positive,0.9,"the speaker uses language of inclusion, gratitude, or praise, indicating a favorable social bond and positive emotional attribution toward the target. the speaker also uses a positive adjective (""happ"
conv_19,Speaker 2,Monica,"[Turn 2] [SPEAKER] Speaker 2: Any one of the brilliant actresses nominated for this award tonight deserves to take it home. Unfortunately only one can. The nominees for Best Supporting Actress are from Passions Erin Goff. From One Life to Live Mary Loren Bishop, from All My Children Sarah Mchann, and from Days of Our Lives Jessica Ashley. And the winner is……Jessica Ashley from Days of Our Lives. Uh, unfortunately Jessica couldn’t be with us tonight so I’ll be accepting this award on her behalf. And I’m sure that Jessica would like to thank my parents who always believed in me. She’d also like to thank my friends, Chandler, [E2]Monica[/E2], Ross, Phoebe, and Rachel who’s sittin’ right there!",positive,0.95,"the speaker uses language of praise, admiration, and gratitude, indicating a positive emotional attribution toward the nominees and the winner. the tone is formal, celebratory, and respectful, with no"
conv_178,Speaker 2,Mike,[Turn 13] [SPEAKER] Speaker 2: I just can't believe that [E2]Mike[/E2] didn't give me any warning.,negative,0.9,"the speaker expresses surprise and disappointment, indicating a negative emotional attribution toward the subject (mike)."
conv_150,Speaker 1,Ross,"[Turn 15] [SPEAKER] Speaker 1: [E2]Ross[/E2], hi, it's Rachel. I'm just calling to say that um, everything's fine and I'm really happy for you and your cat who, by the way, I think you should name Michael. And, you know, ya see there I'm thinking of names so obviously, I am over you. I am over you and that, my friend, is what they call closure.",positive,0.9,"the speaker uses language of self-assertion, self-empowerment, and closure, indicating a positive emotional attribution toward herself. the speaker also uses language of playful teasing and humor, ind"
conv_283,Speaker 1,Angela Delveccio,"[Turn 11] [SPEAKER] Speaker 2: All right, look, look. What did... what did you get for [E2]Angela Delveccio[/E2] for her birthday?",neutral,0.8,"the speaker is asking about a gift for someone, indicating a neutral or task-oriented interaction. the tone is inquiring and lacks emotional charge or interpersonal sentiment."
conv_702,Bethel,Speaker 1,[Turn 7] [SPEAKER] Speaker 1: My friend [E1]Bethel[/E1] rescued him from some lab.,positive,0.9,"the speaker uses language of gratitude or praise, indicating a favorable social bond and positive emotional attribution toward the target."
conv_171,Speaker 5,puppy,"[Turn 18] [SPEAKER] Speaker 5: Oh, I-I-I understand all that, but it’s just—that was my [E2]puppy[/E2].",positive,0.9,"the speaker expresses a strong emotional attachment to the puppy, indicating a positive emotional attribution toward the object (puppy). the use of the word ""my"" emphasizes the speaker's ownership and"
conv_312,Susan,Carol,"[Turn 7] [SPEAKER] Speaker 4: God, [E1]Susan[/E1] is so fun!",positive,0.9,"the speaker uses language of enthusiasm, excitement, or praise, indicating a favorable social bond and positive emotional attribution toward the subject, susan."
conv_242,Mike,Speaker 1,"[Turn 5] [SPEAKER] Speaker 3: So, so, is [E1]Mike[/E1] coming to dinner?",neutral,0.9,"the speaker is asking about mike's attendance at a dinner, which is a neutral topic. there is no emotional charge or interpersonal sentiment in this sentence."
conv_389,Phoebe,Speaker 2,"[Turn 10] [SPEAKER] Speaker 2: Joe, I love [E1]Phoebe[/E1]. She's the single most important thing in my life. I'd die before I let anything happen to her.",positive,0.95,"the speaker explicitly states their love for phoebe, indicating a strong positive emotional attribution. the phrase ""single most important thing in my life"" further reinforces this sentiment."
conv_366,Speaker 3,Hillary,"[Turn 5] [SPEAKER] Speaker 3: Well, is this [E2]Hillary[/E2] your HOT assistant chef [E2]Hillary[/E2]?",positive,0.9,"the speaker uses language of flirtation, playfulness, or teasing, indicating a positive and lighthearted emotional attribution toward the target."
conv_353,Tim,Speaker 1,"[Turn 9] [SPEAKER] Speaker 1: He is sweet. He’s too sweet. He calls me all the time. ""So did-did you get home from work okay?"" ""Did-did you get out of the shower okay?""",negative,0.9,"the speaker uses language of excessive concern, over-attentiveness, or possessiveness, indicating a negative emotional attribution toward the target."
conv_315,Speaker 1,Ben,"[Turn 9] [SPEAKER] Speaker 1: That’s right! Wait no, [E2]Ben[/E2].",positive,0.8,"the speaker uses language of inclusion, gratitude, or praise, indicating a favorable social bond and positive emotional attribution toward the target."
conv_139,Speaker 4,Mary,"[Turn 14] [SPEAKER] Speaker 4: Yeah, yeah, first there was my aunt [E2]Mary[/E2], and then there was umm, John, my mailman, and then my, my cowboy friend 'Albino Bob'.",neutral,0.9,"the speaker is sharing a list of people they have known, with no apparent emotional charge or interpersonal sentiment. the tone is neutral and observational."
conv_1009,Speaker 1,Susan,"[Turn 5] [SPEAKER] Speaker 1: Ah yeah, but now it's [E2]Susan[/E2] and me in Mexico and the hostages coming home.",positive,0.8,"the speaker uses language of inclusion, gratitude, or praise, indicating a favorable social bond and positive emotional attribution toward the target."
conv_322,Speaker 1,monkey,"[Turn 30] [SPEAKER] Speaker 3: You are both idiots. The joke is not funny, and it’s offensive to women, and doctors, and [E2]monkey[/E2]s! You shouldn’t be arguing over who gets credit, you should be arguing over who gets blamed for inflicting this horrible joke upon the world! Now let it go! The joke sucks!",negative,0.95,"the speaker uses strong language to express frustration, annoyance, and disappointment, indicating a negative emotional attribution toward the subject. the speaker's tone is critical, and the language"
conv_892,Joseph,Ashley,"[Turn 11] [SPEAKER] Speaker 1: Well, see when you're acting you need to think about stuff like that. My character, [E1]Joseph[/E1] the processor guy, has two little girls, [E2]Ashley[/E2] and Brittany. [E2]Ashley[/E2] copies everything Brittany does.",neutral,0.8,"the speaker is discussing a character's actions and family dynamics, indicating a neutral emotional attribution."
conv_186,Speaker 4,Erica Ford,"[Turn 5] [SPEAKER] Speaker 4: 'Dear Dr. Remore, know that I love you and would do anything to have you.' Gosh. 'Your not-so-secretive admirer, [E2]Erica Ford[/E2].' Ooh wait, 'PS enclosed please find 14 of my eyelashes.'",positive,0.95,"the speaker uses language of romantic affection, indicating a strong positive emotional attribution toward the target. the use of the phrase ""i love you"" and the promise to ""do anything to have you"" s"
conv_132,Speaker 1,Joey,[Turn 3] [SPEAKER] Speaker 1: My friend’s name is [E2]Joey[/E2].,neutral,0.8,"the dialogue is task-oriented, logistical, or observational. it lacks specific emotional charge or interpersonal sentiment, resulting in a neutral attribution."
conv_845,Speaker 2,Ross,[Turn 8] [SPEAKER] Speaker 2: I’m not in love with [E2]Ross[/E2]!,negative,0.95,"the speaker explicitly states their lack of romantic feelings for ross, indicating a negative emotional attribution toward the target."
conv_505,Speaker 2,Ms. McKenna,"[Turn 10] [SPEAKER] Speaker 2: OK, [E2]Ms. McKenna[/E2], she kind of works above my boss, she asked me to move to Tulsa and be the president of our office there, and I was sleeping and apparently, said yes.",neutral,0.8,"the speaker is sharing a personal and potentially life-changing decision with someone, indicating a level of trust and openness. the tone is matter-of-fact, without any apparent emotional charge or co"
conv_65,Speaker 1,Mary,"[Turn 1] [SPEAKER] Speaker 1: I’ve gotta call my friend [E2]Mary[/E2] and tell her how good this is, from Monica’s room.",positive,0.9,"the speaker is expressing enthusiasm and appreciation for something, which is a positive sentiment. the speaker is also planning to share this sentiment with a friend, which further reinforces the pos"
conv_12,Chandler,Speaker 1,"[Turn 5] [SPEAKER] Speaker 1: Umm, when I said that uh, that [E1]Chandler[/E1] and I wanted to umm, live together we meant alone together.",negative,0.8,"the speaker's tone is apologetic and hesitant, indicating a sense of uncertainty or embarrassment. the use of filler words (""um"", ""uh"") also suggests a lack of confidence or clarity. the speaker is ad"
conv_89,Greg,Jenny,"[Turn 11] [SPEAKER] Speaker 1: Oh, [E1]Greg[/E1] and [E2]Jenny[/E2] yuck! Hi [E1]Greg[/E1], I’m Chandler this is Monica. Hi Monica, this is [E2]Jenny[/E2]. Hi [E2]Jenny[/E2]. Hi [E1]Greg[/E1].",neutral,0.8,"the dialogue is task-oriented, logistical, or observational. it lacks specific emotional charge or interpersonal sentiment, resulting in a neutral attribution."
conv_261,Janice,Speaker 7,"[Turn 24] [SPEAKER] Speaker 7: Hey, I'm sorry, I should have given you guys my black book when I got married! Although it wasn't so much a book as a... napkin. With [E1]Janice[/E1]'s phone number on it.",positive,0.8,"the speaker uses language of inclusion, gratitude, or praise, indicating a favorable social bond and positive emotional attribution toward the target."
conv_698,Barry,Speaker 2,"[Turn 16] [SPEAKER] Speaker 2: Ok, [E1]Barry[/E1]'s letters. Adam Ritter's boxer shorts.",neutral,0.8,"the dialogue is task-oriented, logistical, or observational. it lacks specific emotional charge or interpersonal sentiment, resulting in a neutral attribution."
conv_656,Speaker 2,Phoebe,"[Turn 2] [SPEAKER] Speaker 2: Ok, Mike, enough is enough, now you love [E2]Phoebe[/E2] and she loves you, so you need to get over your whole ""I never want to get married"" thing and step up!",negative,0.9,"the speaker uses language of conflict, social rejection, or hostile intent, indicating a negative emotional attribution between the parties. the speaker is urging the subject to overcome their relucta"
conv_751,Speaker 2,Rachel,"[Turn 3] [SPEAKER] Speaker 1: Um, you…you like [E2]Rachel[/E2]?",neutral,0.8,"the speaker is expressing uncertainty and hesitation, which may indicate a lack of emotional charge or interpersonal sentiment. the mention of rachel does not provide enough context to establish a cle"
conv_91,Speaker 1,Ross,[Turn 13] [SPEAKER] Speaker 1: With my sister Jill and my ex-boyfriend [E2]Ross[/E2]?,neutral,0.8,"the speaker mentions their sister and ex-boyfriend, which implies a close relationship and a past romantic connection. the tone is neutral, without any apparent conflict or hostility."
conv_252,Speaker 2,Frank Jr.Jr.,[Turn 9] [SPEAKER] Speaker 1: [E2]Frank Jr.Jr.[/E2]?,positive,0.9,"the speaker uses a name, which is a common way to establish a positive emotional attribution. the name ""frank jr.jr."" is likely a familiar and affectionate term, indicating a close relationship."
conv_313,Mark,Rachel,"[Turn 1] [SPEAKER] Speaker 1: Hey, is [E2]Rachel[/E2] here?",neutral,0.8,"the dialogue is task-oriented, logistical, or observational. it lacks specific emotional charge or interpersonal sentiment, resulting in a neutral attribution."
conv_333,Speaker 4,Dutch,[Turn 4] [SPEAKER] Speaker 2: I'm [E2]Dutch[/E2].,neutral,0.9,"the speaker introduces themselves with a name, which is a common social interaction. the tone is neutral, and there is no emotional charge or interpersonal sentiment."
conv_81,Tim,Speaker 2,"[Turn 7] [SPEAKER] Speaker 1: Well maybe he was just nervous, y’know you can be very intimidating. And besides I’ve met your pastry chef and she can stand to be taken down a peg or two.",positive,0.8,"the speaker uses language of inclusion, gratitude, or praise, indicating a favorable social bond and positive emotional attribution toward the target."
conv_1007,Mark,Myron,[Turn 24] [SPEAKER] Speaker 2: I’m gonna marry [E2]Myron[/E2] and keep looking for Mr Right.,positive,0.8,"the speaker expresses a desire to marry myron, indicating a positive emotional attribution toward the target. the speaker also mentions looking for mr. right, which suggests a neutral or positive emot"
conv_276,Amy,Laurie,[Turn 5] [SPEAKER] Speaker 1: But Jo’s got a crush on [E2]Laurie[/E2]. Oh. You mean it’s like a girl-girl thing? ‘Cause that is the one thing missing from The Shining.,neutral,0.8,"the speaker uses language of surprise, curiosity, or inquiry, indicating a neutral emotional attribution toward the target. the speaker is asking questions and seeking information, rather than express"
conv_906,Speaker 2,Julie,[Turn 8] [SPEAKER] Speaker 2: I was doing great with [E2]Julie[/E2] before I found out about you.,neutral,0.9,"the speaker's tone is neutral, and the sentence does not contain any emotional language or sentiment. the speaker is simply stating a fact about their relationship with julie."
conv_624,Joey,Speaker 1,"[Turn 17] [SPEAKER] Speaker 1: Yeah. But you know what? I think you should give [E1]Joey[/E1] a chance. I mean, he's a great guy, and sure he doesn't know that much about art but you know, you can always talk about that with someone else.",positive,0.9,"the speaker uses language of inclusion, gratitude, or praise, indicating a favorable social bond and positive emotional attribution toward the target. the speaker also expresses a desire for the targe"
conv_64,Speaker 2,Joshua,[Turn 1] [SPEAKER] Speaker 1: So? How did it go with [E2]Joshua[/E2] last night?,neutral,0.8,"the speaker is asking about the outcome of a social interaction, which implies a level of interest and concern. the tone is neutral, without any obvious emotional charge or conflict."
conv_599,Ross,Emma,"[Turn 7] [SPEAKER] Speaker 1: Okay, but, well, before you say no, my friend Susanne is entering her kid and compared to [E2]Emma[/E2] she's a real dog!",negative,0.9,"the speaker uses language of comparison, criticism, or belittling, indicating a negative emotional attribution toward the target."
conv_124,Chandler,Speaker 2,[Turn 7] [SPEAKER] Speaker 1: [E1]Chandler[/E1] giving you a hard time huh?,negative,0.8,"the speaker uses sarcasm and a hint of annoyance, indicating a negative emotional attribution toward the target."
conv_375,Joey,Charlie,"[Turn 1] [SPEAKER] Speaker 1: It's so weird, how did [E1]Joey[/E1] end up kissing [E2]Charlie[/E2] last night? I thought you'd end up kissing [E2]Charlie[/E2].",neutral,0.8,"the speaker expresses curiosity and surprise about the unexpected event, indicating a neutral emotional attribution. the speaker does not exhibit aggressive, defensive, or hostile behavior, nor do the"
conv_260,Speaker 2,Jill,"[Turn 13] [SPEAKER] Speaker 3: You know what? When I moved in here I thought: This is gonna be so great. Just us sisters, back together again like when we were kids, except without that stupid [E2]Jill[/E2]... Oh! Who has gotten fat by the way...",negative,0.9,"the speaker uses language of social comparison, criticism, or judgment, indicating a negative emotional attribution toward the target."
conv_116,Rachel,Ross,"[Turn 1] [SPEAKER] Speaker 1: So, [E2]Ross[/E2] and [E1]Rachel[/E1] got married, Monica and Chandler almost got married, do you think you and I should hook up?",neutral,0.8,"the speaker uses language of curiosity, inquiry, or suggestion, indicating a neutral or potentially positive emotional attribution toward the target. the speaker is exploring the possibility of a roma"
conv_752,Chandler,Speaker 1,[Turn 3] [SPEAKER] Speaker 1: That’s okay. [E1]Chandler[/E1]’s the one I’m mad at.,neutral,0.8,"the speaker uses language of acceptance, understanding, or forgiveness, indicating a neutral or positive emotional attribution toward the target. the speaker is not explicitly expressing anger or host"
conv_58,Uncle Freddie,Aunt Syl,"[Turn 2] [SPEAKER] Speaker 1: [E2]Aunt Syl[/E2], I did this as a favor, I am not a caterer. What do you want me to do with a dozen lasagnas? Nice talk, [E2]Aunt Syl[/E2]. You kiss [E1]Uncle Freddie[/E1] with that mouth?",negative,0.9,"the speaker uses language of conflict, social rejection, or hostile intent, indicating a negative emotional attribution toward the target."
conv_788,Joey,Rachel,"[Turn 14] [SPEAKER] Speaker 2: Hate him? I… No, I don’t hate him. It’s just it’s [E2]Rachel[/E2], y’know?",neutral,0.8,"the speaker uses language of self-reflection, introspection, and emotional restraint, indicating a complex emotional state. the speaker acknowledges their feelings but does not express hatred, suggest"
conv_265,Speaker 3,Danny,[Turn 9] [SPEAKER] Speaker 1: Please! We did not fog [E2]Danny[/E2]! Who's [E2]Danny[/E2]?,negative,0.9,"the speaker is expressing frustration and pleading, indicating a negative emotional attribution between the parties."
conv_372,Speaker 2,Denise,"[Turn 2] [SPEAKER] Speaker 2: What about me? I just found out that [E2]Denise[/E2] is leaving town for a while, I don’t have a roommate.",negative,0.8,"the speaker expresses a sense of abandonment or rejection, indicating a negative emotional attribution toward the subject."
conv_759,Francis,Ursula,"[Turn 13] [SPEAKER] Speaker 1: Well, [E2]Ursula[/E2] is a waitress and-and she lives in Soho. And Phoebe, is on this couch.",neutral,0.8,"the dialogue is task-oriented, logistical, or observational. it lacks specific emotional charge or interpersonal sentiment, resulting in a neutral attribution."
conv_294,Denise,Speaker 2,"[Turn 10] [SPEAKER] Speaker 2: Yes, [E1]Denise[/E1]. [E1]Denise[/E1]!",positive,0.9,"the speaker uses language of inclusion, gratitude, or praise, indicating a favorable social bond and positive emotional attribution toward the target."
conv_1041,Speaker 1,cat,[Turn 22] [SPEAKER] Speaker 2: It's not a [E2]cat[/E2]!,neutral,0.9,"the dialogue is task-oriented, logistical, or observational. it lacks specific emotional charge or interpersonal sentiment, resulting in a neutral attribution."
conv_737,Emily,Ross,[Turn 4] [SPEAKER] Speaker 2: How's [E2]Ross[/E2] doing? Y'know since all the [E1]Emily[/E1] stuff.,positive,0.8,"the speaker is asking about ross's well-being, which implies a concern for his emotional state. this is a positive emotional attribution."
conv_73,Speaker 2,Rachel,"[Turn 10] [SPEAKER] Speaker 2: I know. I know. And this is so much more complicated than it was for those guys. I mean, it’s [E2]Rachel[/E2] for God sakes.",positive,0.9,"the speaker expresses empathy and understanding towards the subject, using phrases like ""i know"" and ""it's rachel for god's sake"", indicating a positive emotional attribution towards the subject."
conv_490,Speaker 3,Owen,"[Turn 12] [SPEAKER] Speaker 3: I know the process is frustrating, but it's so worth it. Adopting [E2]Owen[/E2] was the best thing that ever happened to us.",positive,0.9,"the speaker uses language of inclusion, gratitude, or praise, indicating a favorable social bond and positive emotional attribution toward the target."
conv_148,Speaker 1,Mike,"[Turn 3] [SPEAKER] Speaker 1: Breaking up sucks! Oh, I really miss [E2]Mike[/E2]!",negative,0.9,"the speaker expresses a negative sentiment towards the breakup, indicating a negative emotional attribution towards the target (mike)."
conv_387,Speaker 2,Emma,[Turn 14] [SPEAKER] Speaker 4: Oh whose side are you on?  I'm not giving you [E2]Emma[/E2] because there is no way you could handle the responsibility of a child.,negative,0.9,"the speaker is questioning the target's loyalty and ability to care for a child, indicating a negative emotional attribution."
conv_179,Speaker 1,Chandler,[Turn 4] [SPEAKER] Speaker 2: What-what’s wrong with Monica and [E2]Chandler[/E2]?,neutral,0.8,"the dialogue is task-oriented, logistical, or observational. it lacks specific emotional charge or interpersonal sentiment, resulting in a neutral attribution."
conv_793,Jack,Judy,"[Turn 4] [SPEAKER] Speaker 3: Umm, I'm sorry [E2]Judy[/E2], I couldn't find that bowl that you and [E1]Jack[/E1] were looking for.",positive,0.8,"the speaker is apologizing for not finding the bowl, which indicates a sense of responsibility and concern for the other person's needs. this suggests a positive emotional attribution between the part"
conv_223,Barry,Speaker 1,"[Turn 22] [SPEAKER] Speaker 2: Okay, okay... when [E1]Barry[/E1] was engaged to you, he and I...kind of... had a little thing on the side.",negative,0.8,"the speaker is sharing a secret or intimate information, which can be perceived as a breach of trust or a betrayal. this can lead to a negative emotional attribution between the parties."
conv_237,Speaker 2,Chandler,[Turn 2] [SPEAKER] Speaker 2: I can’t answer that! [E2]Chandler[/E2]’s my husband.,negative,0.9,"the speaker uses language of rejection, denial, or avoidance, indicating a negative emotional attribution toward the target."
conv_178,Speaker 2,Mike,"[Turn 18] [SPEAKER] Speaker 2: Screw you, [E2]Mike[/E2]. You're a coward and a bastard, and I hope you rot in hell.",negative,0.95,"the speaker uses extremely aggressive and derogatory language, indicating a strong negative emotional attribution toward the target."
conv_489,Speaker 2,Ross,[Turn 7] [SPEAKER] Speaker 1: Me go out with [E2]Ross[/E2]?! No! God no! What would make you think that?,negative,0.95,"the speaker uses language of rejection, denial, and strong negative emotions, indicating a strong negative emotional attribution toward the target."
conv_199,Chandler,Monica,"[Turn 6] [SPEAKER] Speaker 2: Umm, okay, yeah, sure. But wh-what’s wrong with [E2]Monica[/E2] and [E1]Chandler[/E1]?",neutral,0.8,"the speaker uses language of uncertainty, hesitation, or questioning, indicating a neutral emotional attribution toward the target."
conv_254,Speaker 1,Roger,"[Turn 4] [SPEAKER] Speaker 1: Oh, okay, except I broke up with [E2]Roger[/E2].",negative,0.8,"the speaker mentions a recent breakup, which implies a negative emotional experience. the speaker's tone is likely to be melancholic or regretful."
conv_298,Chandler,Speaker 1,"[Turn 1] [SPEAKER] Speaker 1: Now [E1]Chandler[/E1] dear, just because your father and I are getting a divorce it doesn't mean we don't love you. It just means he would rather sleep with the house-boy than me.",negative,0.8,"the speaker uses language of rejection, criticism, or blame, indicating an unfavorable social bond and negative emotional attribution toward the target. the speaker is addressing a child, chandler, an"
conv_252,Speaker 2,Chandler,"[Turn 16] [SPEAKER] Speaker 2: Oh, no, no, you can't have [E2]Chandler[/E2], no. No, no. She's my little genius. I got big hopes for her. She's gonna be a doctor or a realtor..",positive,0.9,"the speaker uses possessive language (""my little genius""), indicating a strong emotional attachment and ownership. the speaker also expresses high hopes for the subject's future, implying a positive e"
conv_319,Speaker 3,Dan,"[Turn 4] [SPEAKER] Speaker 3: Yeah, Ross can't go so it's between my friend Eric Prower who has breath issues and [E2]Dan[/E2] with the poking.  'Did you see that play? Do you want some more beer? Is that Spike Lee?'",positive,0.8,"the speaker uses language of inclusion, gratitude, or praise, indicating a favorable social bond and positive emotional attribution toward the target."
conv_233,Speaker 1,Monica,"[Turn 1] [SPEAKER] Speaker 1: I’d like to propose a toast. To [E2]Monica[/E2] and Chandler, the greatest couple in the world. And my best friends. Now, my when I first found out they were getting married I was, I was a little angry. I was like, ""Why God? Why? How can you take them away from me?!"" But then I thought back over all our memories together, some happy memories. And-and there was some sad memories. I’m sorry. And-and some scared memories—Whoa! Eh? And then, and then I realized I’ll always be their friend, their friend who can speak in many dialects and has training in stage combat and is willing to do partial nudity. Oh! To the happy couple!",positive,0.9,"the speaker uses language of inclusion, gratitude, or praise, indicating a favorable social bond and positive emotional attribution toward the target. the speaker also acknowledges their initial negat"
conv_305,Rachel,Speaker 1,"[Turn 16] [SPEAKER] Speaker 1: Gunther! Gunther. Gunther, please tell me you didn’t say anything to [E1]Rachel[/E1] about me and the girl from the Xerox place.",positive,0.9,"the speaker is using a pleading tone and addressing gunther by name, indicating a sense of urgency and concern. the speaker is also asking gunther not to have said something to rachel about their pers"
conv_608,Speaker 2,Althea,[Turn 21] [SPEAKER] Speaker 3: Are you sure it was [E2]Althea[/E2]?!,neutral,0.9,"the sentence lacks specific emotional charge or interpersonal sentiment, and the language used is neutral and objective. the speaker is asking a question to clarify information, which is a common and"
conv_489,Ross,Speaker 2,[Turn 7] [SPEAKER] Speaker 1: Me go out with [E1]Ross[/E1]?! No! God no! What would make you think that?,negative,0.9,"the speaker uses language of rejection, denial, or frustration, indicating a negative emotional attribution toward the target."
conv_216,Speaker 2,Benji,"[Turn 6] [SPEAKER] Speaker 2: [E2]Benji[/E2] isn't in love with me. I mean, he broke up with me. And besides, he's a very ethical man.",negative,0.9,"the speaker expresses a sense of disappointment, rejection, and possibly even hurt, indicating a negative emotional attribution toward the target (benji). the speaker's language is direct and straight"
conv_139,Speaker 4,Phoebe,"[Turn 17] [SPEAKER] Speaker 4: No! Hey no! This is wrong you guys! [E2]Phoebe[/E2]’s our friend! Well, I’m not gonna watch it!",negative,0.9,"the speaker uses language of rejection, disagreement, or frustration, indicating a negative emotional attribution toward the target."
conv_67,Emily,Ross,"[Turn 9] [SPEAKER] Speaker 1: But, he loves [E1]Emily[/E1]?",positive,0.9,"the speaker uses language of affection, care, or concern, indicating a favorable social bond and positive emotional attribution toward the subject."
conv_907,Betty,Mr. Zelner,"[Turn 3] [SPEAKER] Speaker 1: Yeah, well [E1]Betty[/E1]’s kinda sad. Which is why I believe I can lure her away with these chocolates. Now, while I distract her, you get in the office.",negative,0.9,"the speaker is trying to manipulate someone (betty) using chocolates, which implies a sense of control or coercion. the speaker is also trying to get someone else to do something (get in the office) w"
conv_170,Speaker 3,Jack,"[Turn 30] [SPEAKER] Speaker 2: Oh, [E2]Jack[/E2] Bing. I love that. Ooh, it sounds like a '40s newspaper guy, you know? ""[E2]Jack[/E2] Bing, Morning Gazette. I'm gonna blow this story wide open!""",positive,0.9,"the speaker uses language of enthusiasm, excitement, and playfulness, indicating a positive emotional attribution toward the subject. the use of the phrase ""i love that"" and the tone of the speaker su"
conv_323,Speaker 3,Knicks,[Turn 8] [SPEAKER] Speaker 4: It’s the [E2]Knicks[/E2]!,neutral,0.8,"the dialogue is task-oriented, logistical, or observational. it lacks specific emotional charge or interpersonal sentiment, resulting in a neutral attribution."
conv_155,Emily,Speaker 1,[Turn 10] [SPEAKER] Speaker 2: We all hate [E1]Emily[/E1]!,negative,0.9,"the speaker uses language of social exclusion, rejection, or criticism, indicating a negative emotional attribution toward the target."
conv_78,Speaker 2,Baywatch,[Turn 4] [SPEAKER] Speaker 3: [E2]Baywatch[/E2]!!,positive,0.8,"the speaker uses an exclamation mark, which is often used to express excitement or enthusiasm, indicating a positive emotional attribution toward the target."
conv_282,Speaker 1,duck,[Turn 9] [SPEAKER] Speaker 1: H-h-h-how’s the [E2]duck[/E2]?,neutral,0.7,"the speaker's tone is uncertain and hesitant, using filler words (""h-h-h-""), which may indicate a lack of confidence or emotional attachment to the subject. the use of the word ""duck"" is ambiguous and"
conv_180,Speaker 3,Ross,"[Turn 5] [SPEAKER] Speaker 3: Oh, I’m Phoebe Buffay. I’m one of [E2]Ross[/E2]’s best friends.",positive,0.9,"the speaker introduces themselves as phoebe buffay, one of ross's best friends, indicating a friendly and social tone. the interaction lacks any negative or conflictual elements."
conv_276,Speaker 5,Ross,"[Turn 19] [SPEAKER] Speaker 1: Well, of course I am! It's not gonna happen to [E2]Ross[/E2]! He's your brother. He's your old college roommate. Ugh, it was just a matter of time before someone had to leave the group. I just always assumed Phoebe would be the one to go.",negative,0.9,"the speaker expresses frustration, annoyance, and a sense of inevitability, indicating a negative emotional attribution toward the target. the speaker also uses language of exclusion, implying a lack"
conv_134,Sylvia,Speaker 1,[Turn 18] [SPEAKER] Speaker 1: With that moustache doesn't Chandler remind you of Aunt [E1]Sylvia[/E1]?,neutral,0.8,"the speaker uses a humorous comparison, referencing a family member, indicating a lighthearted and playful tone. the dialogue lacks specific emotional charge or interpersonal sentiment, resulting in a"
conv_274,Ursula,Speaker 2,"[Turn 2] [SPEAKER] Speaker 2: Oooh, I love family traditions like that. When uhm... when [E1]Ursula[/E1] and I were kids, on our birthday, our stepdad would sell his blood to buy us food!",positive,0.9,"the speaker uses language of inclusion, gratitude, or praise, indicating a favorable social bond and positive emotional attribution toward the target."
conv_631,Julie Grath,Speaker 2,"[Turn 12] [SPEAKER] Speaker 2: [E1]Julie Grath[/E1], my camp girlfriend.",positive,0.95,"the speaker uses language of affection, intimacy, or endearment, indicating a strong positive emotional attribution toward the target."
conv_766,Rachel,Speaker 2,"[Turn 16] [SPEAKER] Speaker 2: Ah, [E1]Rachel[/E1] I guess.",positive,0.9,"the speaker uses a term of endearment (""ah"") and addresses rachel by name, indicating a friendly and familiar tone. this suggests a positive emotional attribution between the speaker and rachel."
conv_653,Monica,Speaker 2,"[Turn 8] [SPEAKER] Speaker 2: Very, very funny, but don't say things like that in front of [E1]Monica[/E1]. I don't want you putting any ideas in her head.",positive,0.9,"the speaker is expressing a concern for monica's well-being and is trying to protect her from potentially harmful ideas. the tone is gentle and humorous, indicating a positive emotional attribution be"
conv_160,Speaker 1,Hugsy,"[Turn 5] [SPEAKER] Speaker 1: Rachel... let's be clear on this, ok? I do not love [E2]Hugsy[/E2]. I like him a normal amount...",neutral,0.8,"the speaker uses language of clarity, specificity, and directness, indicating a neutral or objective tone. the speaker does not express any strong emotions or sentiments towards hugsy, and the languag"
conv_656,Phoebe,David,"[Turn 12] [SPEAKER] Speaker 3: [E1]Phoebe[/E1] is going to say ""yes""? That's, that's great!",positive,0.9,"the speaker uses language of anticipation, excitement, or enthusiasm, indicating a positive emotional attribution toward the target."
conv_492,Speaker 1,Emma,[Turn 1] [SPEAKER] Speaker 1: Can any of you watch [E2]Emma[/E2]?,neutral,0.8,"the dialogue is task-oriented, logistical, or observational. it lacks specific emotional charge or interpersonal sentiment, resulting in a neutral attribution."
conv_313,Mike,Speaker 2,[Turn 3] [SPEAKER] Speaker 3: [E1]Mike[/E1] didn't tell you? You have to choose one of us to be in your wedding. One of his groomsmen fell out.,negative,0.9,"the speaker uses language of exclusion, rejection, or criticism, indicating a negative emotional attribution between the parties."
conv_295,Speaker 2,Pottery Barn,[Turn 12] [SPEAKER] Speaker 2: She hates [E2]Pottery Barn[/E2]?!!,negative,0.8,"the speaker is expressing surprise and possibly even shock at the fact that someone hates pottery barn. this suggests a strong emotional reaction, which is typically associated with a negative emotion"
conv_492,Speaker 5,Emma,[Turn 1] [SPEAKER] Speaker 1: Can any of you watch [E2]Emma[/E2]?,neutral,0.8,"the dialogue is task-oriented, logistical, or observational. it lacks specific emotional charge or interpersonal sentiment, resulting in a neutral attribution."
conv_418,Aunt Silvia,Speaker 1,"[Turn 7] [SPEAKER] Speaker 1: Well ah, [E1]Aunt Silvia[/E1] was, well not a nice person.",negative,0.9,"the speaker uses language of criticism, disapproval, or negative evaluation, indicating a negative emotional attribution toward the target."
conv_251,Mindy,Barry,"[Turn 6] [SPEAKER] Speaker 4: Oh sorry, I hear divorce I immediately go to Ross. Who-who’s [E2]Barry[/E2] and [E1]Mindy[/E1]?",positive,0.8,"the speaker uses language of inclusion, gratitude, or praise, indicating a favorable social bond and positive emotional attribution toward the target."
conv_90,Speaker 1,Jinkies,"[Turn 1] [SPEAKER] Speaker 1: This kitty is Mittens and this one is Fitzhugh, and this little guy in the cat condo is [E2]Jinkies[/E2].",neutral,0.9,"the speaker is simply introducing the names of the cats, without any emotional tone or interpersonal sentiment. the language used is neutral and observational."
conv_345,Speaker 3,Irish,[Turn 20] [SPEAKER] Speaker 2: And the [E2]Irish[/E2] guy wins the joke!,positive,0.9,"the speaker uses language of celebration, excitement, or praise, indicating a favorable social bond and positive emotional attribution toward the target."
conv_298,Speaker 1,Mr. Chandler,[Turn 2] [SPEAKER] Speaker 2: More turkey [E2]Mr. Chandler[/E2]?,positive,0.8,"the speaker uses a familiar name, indicating a friendly or informal tone, which suggests a positive emotional attribution toward the target."
conv_297,Monica,Richard,[Turn 7] [SPEAKER] Speaker 2: Why would she use them with [E2]Richard[/E2] and not me? I can be kinky! I once did a naked dance for her... with scarves!,negative,0.9,"the speaker expresses frustration, disappointment, and a sense of betrayal, indicating a negative emotional attribution toward the subject. the use of the word ""kinky"" and the mention of a naked dance"
conv_576,Monica,Speaker 1,"[Turn 12] [SPEAKER] Speaker 2: Oh, it’s the best! So, umm how’s [E1]Monica[/E1]?",positive,0.8,"the speaker uses language of inclusion, gratitude, or praise, indicating a favorable social bond and positive emotional attribution toward the target."
conv_170,Erica,Jack,"[Turn 26] [SPEAKER] Speaker 4: Hey, that pregnant girl's name was [E1]Erica[/E1].",neutral,0.7,"the speaker mentions a specific person, erica, which may indicate a personal connection or familiarity. however, the context is unclear, and the speaker's tone is neutral."
conv_276,Kip,Speaker 5,"[Turn 11] [SPEAKER] Speaker 1: Oh my God, its happening. It's already started. I'm [E1]Kip[/E1].",positive,0.8,"the speaker's language is excited and anticipatory, indicating a sense of urgency and importance. the use of ""oh my god"" and ""it's already started"" suggests a strong emotional response, which is likel"
conv_757,Tom,Speaker 4,"[Turn 20] [SPEAKER] Speaker 4: Phoebe, these are our friends, [E1]Tom[/E1] and Sue Angle.",neutral,0.8,"the speaker introduces two new individuals, tom and sue angle, as friends, indicating a positive social bond and a neutral emotional attribution toward the target."
conv_170,Jack,Speaker 6,"[Turn 30] [SPEAKER] Speaker 2: Oh, [E1]Jack[/E1] Bing. I love that. Ooh, it sounds like a '40s newspaper guy, you know? ""[E1]Jack[/E1] Bing, Morning Gazette. I'm gonna blow this story wide open!""",positive,0.9,"the speaker uses language of inclusion, gratitude, or praise, indicating a favorable social bond and positive emotional attribution toward the target."
conv_203,Ross,Speaker 1,"[Turn 5] [SPEAKER] Speaker 1: Yes. Oh my god, are you kidding? [E1]Ross[/E1] is so crazy about you, and I really wanted you to like me, and, it's probably me being totally paranoid, but I kinda got the feeling that maybe you don't.",negative,0.8,"the speaker expresses a mix of emotions, including vulnerability, paranoia, and possibly even disappointment or sadness. the use of phrases like ""it's probably me being totally paranoid"" and ""i really"
conv_25,Pheebs,Ursula,"[Turn 17] [SPEAKER] Speaker 6: Um, [E1]Pheebs[/E1], so, you guys just don’t get along?",neutral,0.8,"the speaker uses a casual, informal tone and addresses phoebe with a nickname, indicating a friendly and familiar relationship. the speaker also uses a question to inquire about the relationship betwe"
conv_129,Speaker 2,Ross,"[Turn 11] [SPEAKER] Speaker 1: I don't believe this. Is this how this relationship's gonna work? [E2]Ross[/E2] equals boss. I mean, c'mon what is this, 1922?",negative,0.9,"the speaker expresses frustration, incredulity, and a sense of being bossed around, indicating a negative emotional attribution toward the target."
conv_356,Joey,Gina,"[Turn 4] [SPEAKER] Speaker 2: Ah, I fooled around with [E1]Joey[/E1]'s sister. Well, that's not the worst part.",negative,0.8,"the speaker's statement implies a negative social bond and a negative emotional attribution toward the subject, as they are sharing a personal and potentially embarrassing secret about someone's siste"
conv_319,Dan,Speaker 3,"[Turn 4] [SPEAKER] Speaker 3: Yeah, Ross can't go so it's between my friend Eric Prower who has breath issues and [E1]Dan[/E1] with the poking.  'Did you see that play? Do you want some more beer? Is that Spike Lee?'",positive,0.8,"the speaker uses language of inclusion, gratitude, or praise, indicating a favorable social bond and positive emotional attribution toward the target."
conv_643,Speaker 1,Mike,"[Turn 1] [SPEAKER] Speaker 1: Oh, I should go, too. Oh, now... tomorrow do you guys wanna share a cab to the airport or should [E2]Mike[/E2] and I just meet you there.",neutral,0.8,"the speaker is expressing a desire to leave and is asking about transportation options, indicating a neutral emotional attribution."
conv_599,Speaker 1,Susanne,"[Turn 7] [SPEAKER] Speaker 1: Okay, but, well, before you say no, my friend [E2]Susanne[/E2] is entering her kid and compared to Emma she's a real dog!",negative,0.8,"the speaker uses a metaphor to compare susanne's kid to a dog, which is a negative comparison. this implies that the speaker does not think highly of susanne's kid, which could lead to a negative emot"
conv_253,Speaker 1,Ben,"[Turn 1] [SPEAKER] Speaker 1: Who da wenny-[E2]Ben[/E2]ny boy? You the Wenny-wenny-[E2]Ben[/E2]ny-[E2]Ben[/E2]ny boy, yes. Don't cry. Don't cry. Why is he still crying?",positive,0.8,"the speaker uses language of emotional distress, concern, and empathy, indicating a negative emotional attribution toward the target. the speaker is trying to comfort the target, which suggests a stro"
conv_157,Maureen,Speaker 1,"[Turn 1] [SPEAKER] Speaker 1: Hey [E1]Maureen[/E1]! Gosh! Hey uh, Chandler? This is my cousin [E1]Maureen[/E1].",positive,0.9,"the speaker uses language of introduction, greeting, and familial connection, indicating a positive social bond and positive emotional attribution toward the target."
conv_804,Speaker 1,Rachel,"[Turn 2] [SPEAKER] Speaker 2: Yeah, I'm a friend of [E2]Rachel[/E2] Green's. Uhm, actually we met at the Christmas party about two years ago.",neutral,0.8,"the speaker introduces themselves as a friend of rachel green's, indicating a positive social bond. the context of the christmas party suggests a casual, friendly interaction. the speaker's tone is ne"
conv_381,Joey,Speaker 1,"[Turn 13] [SPEAKER] Speaker 1: Phoebe, it’s okay. I like living with [E1]Joey[/E1].",positive,0.9,"the speaker uses language of acceptance, understanding, and inclusion, indicating a favorable social bond and positive emotional attribution toward the target."
conv_197,Richard,Speaker 2,[Turn 7] [SPEAKER] Speaker 1: [E1]Richard[/E1] Simmons?! Oh my God!,negative,0.9,"the speaker's reaction is one of surprise, shock, and possibly even disgust, indicating a negative emotional attribution toward the target."
conv_356,Joey,Gina,[Turn 13] [SPEAKER] Speaker 5: Which one is [E2]Gina[/E2]?,neutral,0.8,"the speaker is asking about a person, gina, which implies a neutral or casual interaction. there is no emotional language or tone used in the sentence."
conv_638,Ross,Speaker 4,"[Turn 9] [SPEAKER] Speaker 3: Well let's see. Maybe he knows where [E1]Ross[/E1] is. Hey, how's it going.",positive,0.8,"the speaker is asking for information about ross, indicating a neutral or task-oriented interaction. the tone is casual and friendly, suggesting a positive emotional attribution."
conv_133,Speaker 1,Mr. Trib,"[Turn 2] [SPEAKER] Speaker 2: Hey! Hey, [E2]Mr. Trib[/E2]!",positive,0.8,"the speaker uses a casual greeting, which is a common way to initiate a conversation. this suggests a friendly and approachable tone, indicating a positive emotional attribution."
conv_234,Pete,Speaker 1,"[Turn 3] [SPEAKER] Speaker 1: I mean this has been like my dream since I got my first Easy Bake Oven and opened Easy Monica's Bakery. I mean I would kill for this job. I mean I can totally do this job, and God knows I paid my dues. But [E1]Pete[/E1]'s just doing this because he has a crush on me.",positive,0.95,"the speaker expresses strong enthusiasm and dedication to their work, using phrases like ""my dream"" and ""i would kill for this job."" they also mention ""paid my dues,"" indicating a sense of accomplishm"
conv_133,Speaker 1,Monica,"[Turn 2] [SPEAKER] Speaker 2: Hi, this is Heldi from the Morgan Chase museum. I’m calling for [E2]Monica[/E2] Geller. I want to let her know that there was a cancellation and if she’s still interested in having the Bing-Geller wedding at our facility, it is available…",neutral,0.8,"the speaker is initiating a conversation with monica geller, providing information about a cancellation and an available wedding facility. the tone is professional and informative, without any apparen"
conv_375,Joey,Charlie,[Turn 8] [SPEAKER] Speaker 4: Be-cause Ross is the father of my child! You know... and I... want him to hook up with lots of women! I just... All I'm saying is... I don't think that [E1]Joey[/E1] and [E2]Charlie[/E2] have anything in common.,negative,0.9,"the speaker uses language of emotional intensity, frustration, and conflict, indicating a negative emotional attribution toward the subject. the speaker also expresses a desire for the subject to enga"
conv_279,Speaker 1,Leslie,"[Turn 3] [SPEAKER] Speaker 1: Yeah, that was [E2]Leslie[/E2] calling again to see if we can get back together. That’s the twentieth time today! And good luck [E2]Leslie[/E2]!",negative,0.9,"the speaker is frustrated and annoyed with leslie's repeated calls, indicating a negative emotional attribution."
conv_126,Michelle,Speaker 2,"[Turn 1] [SPEAKER] Speaker 1: Wow, is that [E1]Michelle[/E1]?",neutral,0.8,"the speaker uses a tone of surprise and curiosity, indicating a neutral emotional attribution toward the target."
conv_194,Speaker 3,Kenneth Schwartz,"[Turn 5] [SPEAKER] Speaker 1: Yeah, she never misses these conferences! No, I just saw Dr. [E2]Kenneth Schwartz[/E2]!",neutral,0.9,"the speaker is expressing a neutral sentiment, simply stating a fact about someone's attendance at conferences. there is no emotional charge or interpersonal sentiment in this statement."
conv_147,Gary,Speaker 2,"[Turn 3] [SPEAKER] Speaker 1: I think you should go back with [E1]Gary[/E1]. I don't wanna be the guy that breaks up a family, y'know when my parents split up, it was because of that guy. Whenever I would see him I was always think y'know 'You're the reason, you are the reason why their not together.' and I hated that guy. And it didn't matter how nice he was, or how happy he made my Dad.",negative,0.95,"the speaker expresses a strong emotional connection to their parents' divorce, which is attributed to the target (gary). the speaker's language is filled with negative emotions, such as hatred, and a"
conv_274,Speaker 1,Gavin,[Turn 3] [SPEAKER] Speaker 1: No not that. I kissed [E2]Gavin[/E2] last night.,negative,0.9,"the speaker uses language of rejection or dismissal, indicating a negative emotional attribution toward the target."
conv_656,Phoebe,David,"[Turn 12] [SPEAKER] Speaker 3: [E1]Phoebe[/E1] is going to say ""yes""? That's, that's great!",positive,0.9,"the speaker uses language of anticipation, excitement, or enthusiasm, indicating a positive emotional attribution toward the target."
conv_148,Speaker 1,Mike,"[Turn 7] [SPEAKER] Speaker 1: Well no, when I get to the point where... you know... I'm ready to hear cruel mocking jokes about [E2]Mike[/E2]... I'm gonna come to you.",negative,0.8,"the speaker is expressing a desire to hear cruel mocking jokes about mike, which implies a negative sentiment towards mike. the speaker is also expressing a willingness to engage in a potentially hurt"
conv_1039,Speaker 2,Aunt Ruth,"[Turn 6] [SPEAKER] Speaker 2: Well, if that were true, I'd dating my [E2]Aunt Ruth[/E2]. And the two times we went out were just plain awkward. Come on, you think she should go out with me, don't you?",negative,0.9,"the speaker uses language of rejection, criticism, or disapproval, indicating an unfavorable social bond and negative emotional attribution toward the target."
conv_203,Monica,Speaker 1,"[Turn 8] [SPEAKER] Speaker 2: Um, ok, uh, oh god, um, when you and uh Ross first started going out, it was really hard for me, um, for many reasons, which I'm not gonna bore you with now, but um, I just, I see how happy he is, you know, and how good you guys are together, and um, [E1]Monica[/E1]'s always saying how nice you are, and god I hate it when she's right.",negative,0.8,"the speaker expresses a mix of emotions, including sadness, frustration, and possibly even jealousy. the speaker mentions that it was ""really hard"" for them when ross and the subject started dating, a"
conv_643,Mike,Speaker 1,[Turn 2] [SPEAKER] Speaker 1: [E1]Mike[/E1]?? Who's [E1]Mike[/E1]?,neutral,0.9,"the speaker is asking for clarification about the identity of ""mike"", which is a neutral question. there is no emotional charge or interpersonal sentiment in this interaction."
conv_19,Speaker 2,Monica,"[Turn 2] [SPEAKER] Speaker 2: Any one of the brilliant actresses nominated for this award tonight deserves to take it home. Unfortunately only one can. The nominees for Best Supporting Actress are from Passions Erin Goff. From One Life to Live Mary Loren Bishop, from All My Children Sarah Mchann, and from Days of Our Lives Jessica Ashley. And the winner is……Jessica Ashley from Days of Our Lives. Uh, unfortunately Jessica couldn’t be with us tonight so I’ll be accepting this award on her behalf. And I’m sure that Jessica would like to thank my parents who always believed in me. She’d also like to thank my friends, Chandler, [E2]Monica[/E2], Ross, Phoebe, and Rachel who’s sittin’ right there!",positive,0.95,"the speaker uses language of praise, admiration, and gratitude, indicating a positive emotional attribution toward the nominees and the winner. the tone is formal, celebratory, and respectful, with no"
conv_170,Speaker 7,Erica,[Turn 24] [SPEAKER] Speaker 6: Her name is [E2]Erica[/E2].,neutral,0.8,"the speaker introduces a new character, erica, without any apparent emotional tone or conflict. this suggests a neutral interaction."
conv_219,Speaker 1,Aunt Marilyn,[Turn 8] [SPEAKER] Speaker 1: She looks exactly like [E2]Aunt Marilyn[/E2].,neutral,0.8,"the speaker uses language of comparison, indicating a neutral or observational tone. the comparison is not necessarily positive or negative, but rather descriptive."
conv_256,Chandler,Speaker 4,[Turn 4] [SPEAKER] Speaker 2: Man in the black dress… Hi! I’m Rachel! I’m a friend of Monica and [E1]Chandler[/E1]’s!,positive,0.9,"the speaker uses language of introduction, friendliness, and inclusivity, indicating a positive social bond and emotional attribution toward the target."
conv_1054,Ben,Speaker 2,"[Turn 16] [SPEAKER] Speaker 2: It’s just I always thought when I had another kid it would be different. Now I-I love [E1]Ben[/E1], but every time I have to drop him off at Carol and Susan’s, it’s like—It breaks my heart a little. I mean I’ve always had this picture of me and my next wife in bed on Sunday and, my kid comes running in and leaps up onto the bed. And we all read the paper together. Y’know? Maybe fight over the science section.",negative,0.9,"the speaker expresses a sense of longing and nostalgia for a traditional family setup, which is contrasted with their current situation of having to drop off their child at a same-sex couple's home. t"
conv_490,Speaker 3,Owen,"[Turn 12] [SPEAKER] Speaker 3: I know the process is frustrating, but it's so worth it. Adopting [E2]Owen[/E2] was the best thing that ever happened to us.",positive,0.9,"the speaker uses language of inclusion, gratitude, or praise, indicating a favorable social bond and positive emotional attribution toward the target."
conv_176,Ross,Emily,[Turn 6] [SPEAKER] Speaker 2: But why? He loves this...this [E2]Emily[/E2] person. No good can come of this.,negative,0.9,"the speaker is expressing concern or disapproval about the relationship between the subject and object, indicating a negative emotional attribution."
conv_195,Malcom,Ursula,"[Turn 5] [SPEAKER] Speaker 1: Okay, first I'm not crazy. And second, say it don't spray it. Anyway his name is [E1]Malcom[/E1], and he wasn't following me, I mean he was, but 'cause he thought I was [E2]Ursula[/E2], ick. And, that's why, that's why he couldn't just come up and talk to me. 'Cause of the restraining order.",neutral,0.8,"the speaker uses language of self-assertion, humor, and storytelling, indicating a neutral emotional attribution toward the subject. the speaker's tone is casual and conversational, with no apparent e"
conv_248,Speaker 1,American,"[Turn 9] [SPEAKER] Speaker 1: Well, so, you-you’ll get a job here! I mean, I’m always hearing about uh, them foreigners coming in here and stealing [E2]American[/E2] jobs; that could be you!",negative,0.9,"the speaker uses language of exclusion, prejudice, or bias, indicating a negative emotional attribution toward the target."
conv_298,Speaker 1,Mr. Chandler,[Turn 2] [SPEAKER] Speaker 2: More turkey [E2]Mr. Chandler[/E2]?,positive,0.8,"the speaker uses a familiar name, indicating a friendly or informal tone, which suggests a positive emotional attribution toward the target."
conv_276,Kip,Speaker 5,[Turn 14] [SPEAKER] Speaker 2: Who cares? You're Rachel! Who's [E1]Kip[/E1]?,negative,0.8,"the speaker uses a sarcastic tone and a dismissive phrase (""who cares?""), which indicates a negative emotional attribution toward the target. the speaker also uses the target's name (""rachel"") in a wa"
conv_788,Speaker 2,Joey,"[Turn 15] [SPEAKER] Speaker 1: Honey I can’t even imagine how hard this must be for you. But, I don’t want you to lose [E2]Joey[/E2] over it. And right now he just needs to know that you’re still his friend.",positive,0.95,"the speaker uses language of empathy, understanding, and support, indicating a positive emotional attribution toward the target. the speaker acknowledges the difficulty of the situation and expresses"
conv_303,Joey,Speaker 2,"[Turn 4] [SPEAKER] Speaker 2: Well, I have plans with [E1]Joey[/E1] tonight.",positive,0.9,"the speaker mentions plans with joey, indicating a social bond and a positive emotional attribution toward the target."
conv_295,Speaker 2,Pottery Barn,"[Turn 16] [SPEAKER] Speaker 2: Uh, yeah! I still can’t believe she hates [E2]Pottery Barn[/E2]!",neutral,0.8,"the speaker expresses surprise and disbelief at someone's dislike for pottery barn, indicating a neutral emotional attribution."
conv_733,Rachel,Speaker 2,[Turn 1] [SPEAKER] Speaker 1: Isn't [E1]Rachel[/E1] supposed to be back by now?,neutral,0.8,"the dialogue is task-oriented, logistical, or observational. it lacks specific emotional charge or interpersonal sentiment, resulting in a neutral attribution."
conv_148,Bill,Speaker 1,"[Turn 3] [SPEAKER] Speaker 1: Uhm, we just wanna give you a heads-up. [E1]Bill[/E1] and Colleen hate us.",negative,0.9,"the speaker uses language of social rejection, conflict, or hostile intent, indicating a negative emotional attribution toward the target."
conv_312,Speaker 1,Emily,"[Turn 6] [SPEAKER] Speaker 1: Turns out them [E2]Emily[/E2] is just crazy about Susan. Yeah, they’re going to the theatre together! They’re going to dinner! They’re going horseback riding!",positive,0.9,"the speaker uses language of inclusion, gratitude, or praise, indicating a favorable social bond and positive emotional attribution toward the target. the speaker is excited and enthusiastic about the"
conv_297,Mandy,Speaker 1,[Turn 7] [SPEAKER] Speaker 1: [E1]Mandy[/E1].,positive,0.9,"the speaker uses a name, which is a common way to express affection or familiarity, indicating a positive emotional attribution toward the target."
conv_579,Erin,Met,[Turn 3] [SPEAKER] Speaker 3: How did it go with [E1]Erin[/E1]?,neutral,0.8,"the dialogue lacks specific emotional charge or interpersonal sentiment, and the speaker's tone is neutral. the sentence is task-oriented, focusing on the outcome of a meeting or interaction with erin"
conv_356,Joey,Dina,"[Turn 15] [SPEAKER] Speaker 4: No, no, no, that's [E2]Dina[/E2].",positive,0.8,"the speaker uses a name, which is a common way to establish a social bond and create a positive emotional attribution. the tone is also neutral, without any apparent conflict or negative sentiment."
conv_169,Speaker 1,Deliah,[Turn 7] [SPEAKER] Speaker 1: Her name is [E2]Deliah[/E2].,neutral,0.9,"the sentence is a statement of fact, providing information about a person's name. it lacks emotional charge or interpersonal sentiment, resulting in a neutral attribution."
conv_58,Susan,Ben,"[Turn 4] [SPEAKER] Speaker 2: Uh-huh, I’m with [E2]Ben[/E2].",positive,0.9,"the speaker is agreeing with someone named ben, indicating a positive social bond and emotional attribution."
conv_10,Judy,Speaker 3,[Turn 8] [SPEAKER] Speaker 2: And that's [E1]Judy[/E1] over there at the bar with Emma?,neutral,0.9,"the speaker is pointing out someone, judy, at the bar with emma, indicating a neutral or observational tone. there is no emotional charge or interpersonal sentiment in this sentence."
conv_276,Speaker 3,Kip,"[Turn 12] [SPEAKER] Speaker 2: Hey, you're not [E2]Kip[/E2]!",neutral,0.8,"the interaction is brief and lacks specific emotional charge or interpersonal sentiment, making it difficult to determine the emotional attribution. however, the speaker's tone and language are genera"
conv_33,Speaker 2,Mrs. Verhoeven,[Turn 4] [SPEAKER] Speaker 2: I-I heard about [E2]Mrs. Verhoeven[/E2] passing away and I’m so sorry for your loss.,negative,0.9,"the speaker expresses condolences and sympathy, indicating a negative emotional attribution toward the subject (the deceased)."
conv_109,Chandler,Knicks,[Turn 4] [SPEAKER] Speaker 2: I didn’t do it! It was [E1]Chandler[/E1]! He’s… He’s mad at you!,negative,0.8,"the speaker is denying responsibility and shifting the blame to another person, chandler. this implies a negative emotional attribution towards chandler and potentially towards the target as well, as"
conv_252,Speaker 1,Leslie,"[Turn 13] [SPEAKER] Speaker 1: Well, alright, that's fine. What about [E2]Leslie[/E2]?",neutral,0.8,"the speaker seems to be accepting and agreeing with the proposal, using a neutral tone. there is no explicit emotional language or sentiment expressed."
conv_341,Speaker 2,Isabella Rosselini,[Turn 2] [SPEAKER] Speaker 2: [E2]Isabella Rosselini[/E2].,neutral,0.8,"the speaker mentions isabella rosselini, which is a celebrity name, indicating a neutral or observational tone."
conv_1040,Joey,Kathy,[Turn 15] [SPEAKER] Speaker 4: How do you think it's gonna look when you get her something incredibly meaningful and expensive and her boyfriend [E1]Joey[/E1] gives her an orange?,negative,0.9,"the speaker's tone is critical and sarcastic, implying a negative emotional attribution toward the target. the use of the word ""incredibly meaningful and expensive"" suggests that the speaker believes"
conv_613,Lizzie,Ross,"[Turn 11] [SPEAKER] Speaker 1: Paul. Umm, I just wanted you to know that [E2]Ross[/E2] really is a great guy.",positive,0.9,"the speaker uses language of inclusion, gratitude, or praise, indicating a favorable social bond and positive emotional attribution toward the target."
conv_58,Susan,Ben,"[Turn 6] [SPEAKER] Speaker 2: I am one of [E2]Ben[/E2]’s mothers. I’m a lesbian. It was, it was difficult coming out to my parents.",neutral,0.8,"the speaker shares personal information about their sexual orientation, which may be perceived as vulnerable or intimate. the tone is matter-of-fact, without apparent emotional charge or judgment. the"
conv_276,Jo,Laurie,[Turn 5] [SPEAKER] Speaker 1: But [E1]Jo[/E1]’s got a crush on [E2]Laurie[/E2]. Oh. You mean it’s like a girl-girl thing? ‘Cause that is the one thing missing from The Shining.,neutral,0.8,"the speaker is discussing a romantic interest between two women, which is a sensitive topic. the tone is casual and inquiring, indicating a neutral emotional attribution. the speaker is not expressing"
conv_208,Wallis,Mr. Pincer,"[Turn 11] [SPEAKER] Speaker 1: Yeah, totally! You are in such good hands. And I'm so good with meeting parents. With the father, you know, you want to flirt a little bit, but not in a gross way. Just kind of like: ""Oh [E2]Mr. Pincer[/E2], I can see where [E1]Wallis[/E1] gets his good looks...""",positive,0.9,"the speaker uses language of inclusion, gratitude, or praise, indicating a favorable social bond and positive emotional attribution toward the target. the speaker also uses a lighthearted and playful"
conv_1,Speaker 2,Benjamin Hobart,[Turn 15] [SPEAKER] Speaker 1: Two? Wha...? Don't tell me you dated [E2]Benjamin Hobart[/E2],negative,0.8,"the speaker uses language of surprise, confusion, or skepticism, indicating a negative emotional attribution toward the target."
conv_252,Alice,Frank Jr.Jr.,"[Turn 21] [SPEAKER] Speaker 1: Well, that's not good. But you know, I can move some stuff around, and I'll be there. You and [E1]Alice[/E1] just take the whole day together.",positive,0.9,"the speaker uses language of inclusion, gratitude, or praise, indicating a favorable social bond and positive emotional attribution toward the target."
conv_239,Lizzie,Speaker 5,"[Turn 8] [SPEAKER] Speaker 5: No, unfortunately [E1]Lizzie[/E1]’s mom passed away shortly after she was born. I raised her by myself.",neutral,0.8,"the speaker shares a personal and potentially emotional experience, using language that is informative and matter-of-fact. this suggests a neutral emotional attribution, as the speaker is not expressi"
conv_368,Speaker 1,David,"[Turn 15] [SPEAKER] Speaker 1: I mean I guess, I just have to... tell [E2]David[/E2] that nothing can happen between us. Unless I don't... You know, complicated moral situation, no right, no wrong...",neutral,0.8,"the speaker is expressing a sense of moral dilemma and uncertainty, indicating a complex emotional state. the speaker is torn between their feelings for david and the moral implications of pursuing a"
conv_526,Speaker 2,Rachel,[Turn 7] [SPEAKER] Speaker 2: How can you do this too me?! I thought I'd made my feelings about [E2]Rachel[/E2] perfectly clear!,negative,0.9,"the speaker uses language of accusation, blame, or anger, indicating a negative emotional attribution toward the target."
conv_521,Chandler,Speaker 2,"[Turn 9] [SPEAKER] Speaker 4: Monica, you might want to remember that you are married. Where is [E1]Chandler[/E1] anyway?",neutral,0.8,"the speaker uses language of social control, reminding the target of their social obligations, indicating a neutral emotional attribution."
conv_305,Ross,Rachel,[Turn 3] [SPEAKER] Speaker 1: Anyway! Her and [E1]Ross[/E1] just started yelling at each other.,negative,0.9,"the speaker uses language of conflict, social rejection, or hostile intent, indicating a negative emotional attribution between the parties."
conv_312,Emily,Susan,[Turn 12] [SPEAKER] Speaker 3: Hi! Hi! You’re crazy! Okay? This is [E1]Emily[/E1]. [E1]Emily[/E1] is straight.,positive,0.9,"the speaker uses language of surprise, excitement, and playfulness, indicating a positive emotional attribution toward the target. the speaker also introduces a new person, emily, which suggests a pos"
conv_297,Speaker 1,Sarah,"[Turn 3] [SPEAKER] Speaker 1: Oh, that's [E2]Sarah[/E2]. No, no. Don't you get any ideas, ok? No, I'm not setting you up with any more of my friends!",negative,0.9,"the speaker uses language of exclusion, warning, or prohibition, indicating a negative emotional attribution toward the target. the speaker is explicitly stating that they are not setting up the targe"
conv_107,Ursula,Speaker 2,"[Turn 10] [SPEAKER] Speaker 2: No, no, it's not your fault. You know it's partly my fault, 'cause I made you quit cold turkey. Sorry, no. Okay, well, I mean, I can't date you anymore, 'cause your, you know  Wow! But um, but I will definitely, definitely help you get over my sister. Okay, stalk me for a while. Huh? Yeah, and, and, and, I'll be like an [E1]Ursula[/E1] patch.",negative,0.8,"the speaker uses language of apology, self-blame, and rejection, indicating a negative emotional attribution toward the subject. the speaker also uses language of inclusion, gratitude, or praise, indi"
conv_616,Speaker 1,Carol,"[Turn 5] [SPEAKER] Speaker 2: I didn’t know you and [E2]Carol[/E2] were getting divorced, I’m sorry.",negative,0.9,"the speaker expresses surprise and sympathy towards the subject, indicating a negative emotional attribution towards the subject's situation."
conv_833,Monica,Speaker 2,[Turn 10] [SPEAKER] Speaker 2: Because uh…we-we…we split up. [E1]Monica[/E1] and I split up. Hold me.,positive,0.9,"the speaker is expressing emotional distress and vulnerability, indicating a strong emotional bond and positive emotional attribution toward the target. the use of the phrase ""hold me"" suggests a desi"
conv_581,Speaker 1,Joey,"[Turn 4] [SPEAKER] Speaker 2: No, NO! Look, I need to talk to [E2]Joey[/E2]. I mean, you guys just broke up. Before anything more happens between us, I need to know he's okay with it.",neutral,0.7,"the speaker is expressing a desire to talk to joey, indicating a concern for his well-being and potentially a desire to maintain a connection with him. the speaker also mentions the recent breakup, wh"
conv_200,Speaker 2,Pottery Barn,[Turn 9] [SPEAKER] Speaker 4: I hate [E2]Pottery Barn[/E2] too. They kicked me out of there just because I sat on a bed!,negative,0.9,"the speaker uses language of negative sentiment, indicating a negative emotional attribution toward the target."
conv_125,Speaker 2,Emily,"[Turn 1] [SPEAKER] Speaker 1: What is he doing? What, [E2]Emily[/E2], thinks Ross's furniture has got Rachel coodies?",neutral,0.8,"the speaker expresses confusion, concern, or curiosity about the situation, indicating a neutral emotional attribution toward the target."
conv_10,Speaker 7,Judy,[Turn 8] [SPEAKER] Speaker 2: And that's [E2]Judy[/E2] over there at the bar with Emma?,neutral,0.8,"the speaker is referring to a specific person, judy, and mentioning her presence with emma, indicating a neutral or observational tone. the sentence lacks emotional charge or interpersonal sentiment."
conv_159,Speaker 2,Rachel,[Turn 12] [SPEAKER] Speaker 2: She's not [E2]Rachel[/E2].,neutral,0.8,"the speaker is referring to a person, but the context is unclear. the sentence lacks emotional charge or interpersonal sentiment, making it difficult to determine the emotional attribution."
conv_251,Mindy,Barry,[Turn 7] [SPEAKER] Speaker 1: [E2]Barry[/E2] was the guy that I was almost married and [E1]Mindy[/E1] was my best friend.,positive,0.9,"the speaker mentions a past relationship and a best friend, indicating a strong emotional connection and positive social bond. the tone is reflective and nostalgic, suggesting a positive emotional att"
conv_58,Ben,Carol,"[Turn 12] [SPEAKER] Speaker 2: Yeah! Let’s do that!! That-that sounds good. We should sit down and talk, just me, my lover [E2]Carol[/E2], and the Stings. Umm, how-how will I get in touch with them?",positive,0.9,"the speaker expresses enthusiasm and agreement, using language of excitement and anticipation. the mention of a romantic partner, carol, adds a positive emotional tone to the interaction. the speaker'"
conv_293,Speaker 2,Richard Burke,"[Turn 12] [SPEAKER] Speaker 2: Who's [E2]Richard Burke[/E2]? Doc, Doctor Burke? You have a date with Doctor Burke? Why, why, why should that bother me? I, I love that man, he's like a uh, brother to dad.",negative,0.9,"the speaker uses language of jealousy, possessiveness, and emotional attachment, indicating a strong emotional bond and a negative emotional attribution toward the target."
conv_129,Speaker 2,Ross,[Turn 9] [SPEAKER] Speaker 1: What? Is it - is this 'cause of what [E2]Ross[/E2] said?,negative,0.8,"the speaker is reacting to a previous statement made by ross, which may have caused emotional distress or discomfort. the speaker's tone and language suggest a mix of surprise, concern, and possibly e"
conv_1044,Speaker 2,Sesame Street,"[Turn 5] [SPEAKER] Speaker 1: $200? Are you sure Pheebs? I mean, after what [E2]Sesame Street[/E2] did to ya?",positive,0.8,"the speaker is questioning the price of something, and the tone is casual and playful, indicating a friendly and non-confrontational interaction. the mention of sesame street is likely a reference to"
conv_345,Speaker 1,Ross,"[Turn 2] [SPEAKER] Speaker 2: OK, you've got to promise that you'll never, ever tell [E2]Ross[/E2] that I told you.",positive,0.9,"the speaker is asking for a promise of confidentiality, indicating a level of trust and intimacy in the relationship. the speaker is also showing vulnerability by sharing a secret, which suggests a st"
conv_1008,Phoebe,Speaker 3,[Turn 15] [SPEAKER] Speaker 2: I don’t care. [E1]Phoebe[/E1]’s [E1]Phoebe[/E1]. Ursula’s... hot!,negative,0.9,"the speaker uses a dismissive tone and language, indicating a negative emotional attribution toward the target. the use of ""i don't care"" and the comparison of phoebe to ursula's physical appearance s"
conv_43,Speaker 1,Charlie,[Turn 7] [SPEAKER] Speaker 1: I have to break up with [E2]Charlie[/E2]?,negative,0.9,"the speaker is initiating a separation or ending a relationship, which typically involves negative emotions such as sadness, regret, or conflict. the use of the phrase ""break up"" also implies a sense"
conv_3,Phoebe,Mike,"[Turn 3] [SPEAKER] Speaker 1: I just finished getting [E1]Phoebe[/E1] all dressed to meet [E2]Mike[/E2]'s parents. She's so nervous, it's so sweet!",positive,0.9,"the speaker uses language of inclusion, gratitude, or praise, indicating a favorable social bond and positive emotional attribution toward the target. the speaker describes phoebe's nervousness as ""so"
conv_80,Speaker 1,Pete,[Turn 1] [SPEAKER] Speaker 1: [E2]Pete[/E2]'s breaking up with me.,negative,0.9,"the speaker uses language of separation, rejection, or loss, indicating an unfavorable social bond and negative emotional attribution toward the target."
conv_1039,Aunt Ruth,Speaker 2,"[Turn 6] [SPEAKER] Speaker 2: Well, if that were true, I'd dating my [E1]Aunt Ruth[/E1]. And the two times we went out were just plain awkward. Come on, you think she should go out with me, don't you?",negative,0.8,"the speaker uses language of social rejection, conflict, or hostile intent, indicating a negative emotional attribution toward the target. the speaker also uses a humorous tone, which may soften the n"
conv_63,Brian,Speaker 1,"[Turn 15] [SPEAKER] Speaker 1: Out of my league. I could get a [E1]Brian[/E1].  If I wanted to get a [E1]Brian[/E1], I could get a [E1]Brian[/E1]. Hey, [E1]Brian[/E1].",negative,0.9,"the speaker uses language of self-deprecation, self-doubt, and frustration, indicating a negative emotional attribution toward themselves and possibly others. the speaker also uses language of exclusi"
conv_35,Speaker 1,Mrs. Kay,"[Turn 5] [SPEAKER] Speaker 1: It’s like you’re a cave person. Rachel, you must get a nanny. You don’t know how overwhelming this is going to be. I mean when you were a baby I had full time help, I had [E2]Mrs. Kay[/E2].",negative,0.9,"the speaker is expressing concern and frustration about the speaker's parenting decisions, using a condescending tone. this indicates a negative emotional attribution between the parties."
conv_974,Ben,Carol,"[Turn 5] [SPEAKER] Speaker 1: I dropped him off at [E2]Carol[/E2]’s. Anyway, it turns out that I’m not going to be able to get those tickets though.",neutral,0.8,"the speaker is sharing information about their actions and plans, which lacks specific emotional charge or interpersonal sentiment, resulting in a neutral attribution."
conv_847,Speaker 1,Monica,"[Turn 9] [SPEAKER] Speaker 1: Hey, you only heard [E2]Monica[/E2]'s side of that. That little fatso was a terror.",negative,0.9,"the speaker uses derogatory language (""little fatso"") and a negative tone, indicating a negative emotional attribution toward the target."
conv_58,Ben,Susan,"[Turn 6] [SPEAKER] Speaker 2: I am one of [E1]Ben[/E1]’s mothers. I’m a lesbian. It was, it was difficult coming out to my parents.",negative,0.8,"the speaker shares personal information, including their sexual orientation, which can be a sensitive topic. the speaker also mentions the difficulty of coming out to their parents, indicating potenti"
conv_251,Speaker 1,Barry,"[Turn 1] [SPEAKER] Speaker 1: Hey, you guys! Guess what? [E2]Barry[/E2] and Mindy are getting a divorce!",neutral,0.9,"the speaker uses language of surprise, excitement, or gossip, indicating a neutral emotional attribution toward the subject. the subject is a third-party couple, and the speaker is sharing news, which"
conv_581,Speaker 4,Miss Congeniality,[Turn 9] [SPEAKER] Speaker 4: And she's... turning on the TV... and watching... [E2]Miss Congeniality[/E2]!,neutral,0.9,"the speaker is simply stating a fact about someone's actions, without any emotional tone or interpersonal sentiment. the sentence lacks any specific emotional charge or social bond."
conv_251,Speaker 1,Mindy,"[Turn 1] [SPEAKER] Speaker 1: Hey, you guys! Guess what? Barry and [E2]Mindy[/E2] are getting a divorce!",neutral,0.8,"the speaker uses language of surprise, excitement, or gossip, indicating a neutral emotional attribution toward the subject. the subject is a couple getting a divorce, which is a negative event, but t"
conv_93,Speaker 4,Mindy,"[Turn 7] [SPEAKER] Speaker 4: Thanks, but I gotta go to work and get my eyes scratched out by [E2]Mindy[/E2].",neutral,0.8,"the speaker uses language of social obligation, work-related tasks, and a negative experience with someone named mindy, indicating a neutral emotional attribution toward the target."
conv_321,Speaker 2,Emma,"[Turn 5] [SPEAKER] Speaker 3: Wait, you can't go away this weekend! It's [E2]Emma[/E2]'s birthday!",positive,0.9,"the speaker uses language of urgency, concern, and attachment, indicating a strong emotional bond and positive emotional attribution toward the target. the use of ""wait"" and ""can't go away"" also impli"
conv_198,Travis,Yeller,"[Turn 14] [SPEAKER] Speaker 1: What, what's about to happen? I've never seen this part before. Hey, [E1]Travis[/E1], watcha doin' with that gun? Oh no, no no [E1]Travis[/E1], put down the gun. No no no no, he he's your buddy, he's your [E2]Yeller[/E2], no, no no, the end, THE END.",positive,0.9,"the speaker uses language of concern, empathy, and pleading, indicating a favorable social bond and positive emotional attribution toward the target. the speaker also uses language of inclusion, addre"
conv_276,Frank Jr.,Speaker 1,"[Turn 3] [SPEAKER] Speaker 1: Guess what. [E1]Frank Jr.[/E1], and Alice got married!",positive,0.95,"the speaker uses language of celebration, excitement, or congratulations, indicating a positive emotional attribution toward the subject (frank jr. and alice) and the object (their marriage)."
conv_123,Carol,Speaker 5,"[Turn 9] [SPEAKER] Speaker 5: Well, I'm off to [E1]Carol[/E1]'s.",neutral,0.8,"the speaker is saying goodbye or departing, which is a neutral or friendly action. there is no apparent conflict, social rejection, or hostile intent."
conv_10,Emma,Speaker 4,[Turn 8] [SPEAKER] Speaker 2: And that's Judy over there at the bar with [E1]Emma[/E1]?,positive,0.9,"the speaker is pointing out someone, judy, who is interacting with emma, indicating a social connection between the two. this suggests a positive emotional attribution between the parties."
conv_126,Barry,Speaker 1,"[Turn 2] [SPEAKER] Speaker 2: Well, the biggest news is still you dumping [E1]Barry[/E1] at the altar!",negative,0.9,"the interaction contains elements of conflict, social rejection, or hostile intent, establishing a negative emotional attribution between the parties."
conv_252,Speaker 2,Chandler,"[Turn 15] [SPEAKER] Speaker 1: Alright, so that leaves [E2]Chandler[/E2].",neutral,0.8,"the dialogue is task-oriented, logistical, or observational. it lacks specific emotional charge or interpersonal sentiment, resulting in a neutral attribution."
conv_969,Julie Grath,Speaker 2,"[Turn 5] [SPEAKER] Speaker 1: Well, you broke up with [E1]Julie Grath[/E1]! How much weight could she have gained?",negative,0.9,"the speaker's tone is critical and judgmental, implying a negative emotional attribution toward julie grath. the use of the phrase ""how much weight could she have gained?"" is a rhetorical question tha"
conv_295,Speaker 1,Pottery Barn,[Turn 8] [SPEAKER] Speaker 2: Well why not?! She’ll-she’ll love it! It’s the real thing! I got it at [E2]Pottery Barn[/E2].,positive,0.9,"the speaker uses language of enthusiasm, excitement, and persuasion, indicating a positive emotional attribution toward the subject. the speaker also uses language of ownership and authenticity, which"
conv_624,Joey,Speaker 2,"[Turn 19] [SPEAKER] Speaker 1: And if you think about it, I mean the reason he memorized all that stuff is because he thought it was important to you. You know, that's the kind of guy [E1]Joey[/E1] is.",positive,0.95,"the speaker uses language of appreciation, understanding, and admiration, indicating a positive emotional attribution toward the subject (joey). the speaker also uses a tone of sincerity and empathy,"
conv_198,Speaker 5,Janice,[Turn 8] [SPEAKER] Speaker 5: Their not breaking up. Chandler and [E2]Janice[/E2]. Their not breaking up. He didn't blink or anything.,positive,0.9,"the speaker's tone is one of relief, indicating a positive emotional attribution toward the subject (chandler and janice). the speaker's language is also reassuring, stating that they are not breaking"
conv_844,Speaker 3,Kathy,"[Turn 2] [SPEAKER] Speaker 2: Well, [E2]Kathy[/E2] gets half-naked and simulates sex with a real good lookin’ guy.",negative,0.9,"the speaker uses explicit language and describes a sexual scenario, indicating a strong emotional charge and a negative emotional attribution toward the subject."
conv_894,Speaker 1,Rachel,[Turn 1] [SPEAKER] Speaker 1: So I’m thinking about asking [E2]Rachel[/E2] out tonight. Y'know maybe play her that song we wrote last week.,positive,0.8,"the speaker is considering asking someone out, which implies a potential romantic or social connection. the speaker is also mentioning a shared experience (writing a song) which suggests a positive em"
conv_58,Ben,Carol,"[Turn 12] [SPEAKER] Speaker 2: Yeah! Let’s do that!! That-that sounds good. We should sit down and talk, just me, my lover [E2]Carol[/E2], and the Stings. Umm, how-how will I get in touch with them?",positive,0.9,"the speaker expresses enthusiasm and agreement, using language of excitement and anticipation. the mention of a romantic partner, carol, adds a positive emotional tone to the interaction. the speaker'"
conv_139,Speaker 3,Rachel,"[Turn 4] [SPEAKER] Speaker 2: Are you a, uh, friend of [E2]Rachel[/E2]'s?",neutral,0.8,"the speaker asks a question about the target's relationship with rachel, which is a neutral topic. the tone is casual and lacks emotional charge."
conv_944,Francis,Speaker 2,"[Turn 11] [SPEAKER] Speaker 1: Okay. I have just a few questions to ask so I'm going to get out my official forms. Okay, so, question 1) You and uh, you were married to [E1]Francis[/E1]' daughter Lilly, is that correct?",neutral,0.8,"the dialogue is task-oriented, logistical, or observational. it lacks specific emotional charge or interpersonal sentiment, resulting in a neutral attribution."
conv_347,Speaker 1,Ross,"[Turn 4] [SPEAKER] Speaker 2: So far, it kinda blows. I don't know, I just thought y'know that he'd feel more like a brother y'know, like you and [E2]Ross[/E2], just like close and connected and....",negative,0.8,"the speaker expresses disappointment and a sense of disconnection, indicating a negative emotional attribution toward the subject. the comparison to the speaker's relationship with ross implies a desi"
conv_45,Speaker 3,Ben,"[Turn 4] [SPEAKER] Speaker 3: Oh, I’m just over here with [E2]Ben[/E2]. I thought we’d say hi.",neutral,0.8,"the speaker is mentioning a social interaction with someone (ben), which implies a positive social bond and a neutral emotional attribution."
conv_341,Monica,Mr. Geller,"[Turn 3] [SPEAKER] Speaker 1: Yeah, I dreamt that he saved me from a burning building and he was so brave and so strong! And it’s making me look at him totally differently. Y’know, I mean he used to be just, y’know “Jack Geller [E1]Monica[/E1] and Ross’s dad” and now he’s he’s “Jack Geller, dream hunk.""",positive,0.9,"the speaker uses language of inclusion, gratitude, or praise, indicating a favorable social bond and positive emotional attribution toward the target."
conv_299,"Howard-the-""I-win""-guy",Speaker 1,"[Turn 10] [SPEAKER] Speaker 1: Yeah, well, I'll take a little crying any day over [E1]Howard-the-""I-win""-guy[/E1]. ""I win! I win!"" I went out with the guy for two months—I didn't get to win once.",negative,0.9,"the speaker uses language of self-deprecation, humor, and irony, indicating a negative emotional attribution toward the target (howard-the-""i-win""-guy). the speaker also expresses a sense of frustrati"
conv_200,Speaker 4,Richard,[Turn 5] [SPEAKER] Speaker 2: [E2]Richard[/E2]? I'm not gonna go see your ex-boyfriend!,negative,0.9,"the speaker uses language of exclusion, rejection, or criticism, indicating an unfavorable social bond and negative emotional attribution toward the target."
conv_881,Speaker 1,Tony,"[Turn 1] [SPEAKER] Speaker 1: I’m so excited about having Monica come on board with us. Although I do feel bad about having fired chef Emillio, it’s like losing a member of the family. Of course, that literally is the case for several of you. [E2]Tony[/E2], Carlos, Marie, please, tell your father how much we’re gonna miss him. Now, I know that Monica has a lot of great ideas for this place, well, you all read the review. So without much further ado, I present to you our new head chef.",positive,0.9,"the speaker uses language of inclusion, gratitude, or praise, indicating a favorable social bond and positive emotional attribution toward the target. the speaker also expresses empathy and understand"
conv_198,Travis,Yeller,[Turn 8] [SPEAKER] Speaker 1: What when [E2]Yeller[/E2] saves saves the family from the wolf and everyone's happy?,positive,0.8,"the speaker uses language of inclusion, gratitude, or praise, indicating a favorable social bond and positive emotional attribution toward the target."
conv_372,Denise,Speaker 2,"[Turn 7] [SPEAKER] Speaker 1: That would be great! Wait, how long is [E1]Denise[/E1] gone for?",neutral,0.8,"the sentence lacks specific emotional charge or interpersonal sentiment, indicating a neutral emotional attribution between the parties."
conv_381,Joey,Speaker 1,"[Turn 13] [SPEAKER] Speaker 1: Phoebe, it’s okay. I like living with [E1]Joey[/E1].",positive,0.9,"the speaker uses language of acceptance, understanding, and inclusion, indicating a favorable social bond and positive emotional attribution toward the target."
conv_936,Chandler,Speaker 2,"[Turn 5] [SPEAKER] Speaker 1: Please, what about you and [E1]Chandler[/E1]?",neutral,0.8,"the speaker's tone is polite and inquiring, indicating a neutral or friendly emotional attribution. the use of ""please"" also suggests a respectful tone."
conv_624,Joey,Speaker 1,"[Turn 17] [SPEAKER] Speaker 1: Yeah. But you know what? I think you should give [E1]Joey[/E1] a chance. I mean, he's a great guy, and sure he doesn't know that much about art but you know, you can always talk about that with someone else.",positive,0.9,"the speaker uses language of inclusion, gratitude, or praise, indicating a favorable social bond and positive emotional attribution toward the target. the speaker also expresses a desire for the targe"
conv_299,Bob,Speaker 1,[Turn 2] [SPEAKER] Speaker 2: [E1]Bob[/E1]? Who the hell's [E1]Bob[/E1]?,neutral,0.8,"the speaker uses a question to address the subject, which is a neutral inquiry. the use of the phrase ""who the hell's"" is a colloquialism that can be interpreted as slightly negative, but the overall"
conv_354,Elizabeth,Speaker 2,"[Turn 12] [SPEAKER] Speaker 2: Uh-uh—Wow! Uh, I thought you guys were just like making jokes, I had no idea. What you know what? You guys are wrong. Uh yes, there is a chronological age difference but I never notice it. You know why? Because she is very mature. Besides, it doesn’t really matter to me what you guys think. I mean, I’m the one dating [E1]Elizabeth[/E1], not you!",positive,0.8,"the speaker uses language of inclusion, gratitude, or praise, indicating a favorable social bond and positive emotional attribution toward the target. the speaker also expresses a sense of ownership a"
conv_435,Janine,Speaker 1,"[Turn 9] [SPEAKER] Speaker 4: I am so over [E1]Janine[/E1]. I mean, yeah, at first I thought she was hot, but now she’s like OLD NEWS!",negative,0.9,"the speaker uses language of rejection, dismissal, or devaluation, indicating a negative emotional attribution toward the subject (janine). the speaker's tone is dismissive and critical, implying a la"
conv_233,Chandler,Monica,"[Turn 1] [SPEAKER] Speaker 1: I’d like to propose a toast. To [E2]Monica[/E2] and [E1]Chandler[/E1], the greatest couple in the world. And my best friends. Now, my when I first found out they were getting married I was, I was a little angry. I was like, ""Why God? Why? How can you take them away from me?!"" But then I thought back over all our memories together, some happy memories. And-and there was some sad memories. I’m sorry. And-and some scared memories—Whoa! Eh? And then, and then I realized I’ll always be their friend, their friend who can speak in many dialects and has training in stage combat and is willing to do partial nudity. Oh! To the happy couple!",positive,0.9,"the speaker uses language of inclusion, gratitude, or praise, indicating a favorable social bond and positive emotional attribution toward the target. the speaker also acknowledges their initial anger"
conv_295,Phoebe,Pottery Barn,"[Turn 7] [SPEAKER] Speaker 1: Ross! [E1]Phoebe[/E1]’s gonna be here any second, she cannot see this!",negative,0.8,"the speaker is trying to hide something from phoebe, indicating a sense of secrecy or deception, which can be perceived as negative. additionally, the speaker's tone is urgent and anxious, suggesting"
conv_3,Speaker 2,Clark,"[Turn 12] [SPEAKER] Speaker 1: Well, she actually has a boyfriend y’know herself, named [E2]Clark[/E2]. Uh, she also kinda invited herself to our wedding. [E2]Clark[/E2] too.",negative,0.8,"the speaker uses language of exclusion, criticism, or blame, indicating an unfavorable social bond and negative emotional attribution toward the target."
conv_1042,Speaker 1,Carol,"[Turn 12] [SPEAKER] Speaker 3: Hey, imagine if I never got fired off Days Of Our Lives! Oh-hey, there’s [E2]Carol[/E2] again!",positive,0.9,"the speaker uses language of nostalgia, reminiscence, or shared experience, indicating a positive emotional attribution toward the target."
conv_290,Speaker 1,Brian,[Turn 15] [SPEAKER] Speaker 1: Excuse me? You don't think I could get a [E2]Brian[/E2]? Because I could get a [E2]Brian[/E2]. Believe you me. ...I'm really not.,positive,0.9,"the speaker uses language of assertiveness, confidence, and self-assurance, indicating a positive emotional attribution toward themselves. the speaker also uses language of persuasion, trying to convi"
conv_588,Richard,Monica,"[Turn 1] [SPEAKER] Speaker 1: Umm, Chandler, you do realize that those ideas are probably already in [E2]Monica[/E2]'s head.",neutral,0.7,"the speaker is expressing concern or skepticism about the ideas being presented, which may indicate a negative emotional attribution. however, the tone is more neutral and inquiring, rather than confr"
conv_558,Speaker 2,Jason,[Turn 13] [SPEAKER] Speaker 2: [E2]Jason[/E2] is not a sissy!,negative,0.9,"the speaker uses language that is derogatory and belittling, indicating a negative emotional attribution toward the target."
conv_71,Ross,Mona,"[Turn 4] [SPEAKER] Speaker 3: Hi! I’m so sorry to barge in on your Valentine’s, but I had to get away from all the yelling. [E2]Mona[/E2] is dumping [E1]Ross[/E1].",negative,0.8,"the speaker is interrupting a romantic celebration, indicating a sense of urgency and emotional distress. the speaker is also sharing a piece of personal news, which can be perceived as a breach of tr"
conv_793,Nancy Branson,Chip,[Turn 2] [SPEAKER] Speaker 2: I think his begging days are over now that he's going out with [E1]Nancy Branson[/E1].,negative,0.8,"the speaker uses language of exclusion, social rejection, or hostile intent, indicating a negative emotional attribution toward the subject."
conv_198,Speaker 5,Janice,[Turn 8] [SPEAKER] Speaker 5: Their not breaking up. Chandler and [E2]Janice[/E2]. Their not breaking up. He didn't blink or anything.,positive,0.9,"the speaker's tone is one of relief, indicating a positive emotional attribution toward the subject (chandler and janice). the speaker's language is also reassuring, stating that they are not breaking"
conv_135,Speaker 1,Phoebe,"[Turn 10] [SPEAKER] Speaker 2: I am trying to open your eyes, my man! Don't you see, if you lived with [E2]Phoebe[/E2] she's always gonna be there. You're gonna get home, she's there. You go to bed, she's there. You wake up and oh yes, she's there!",positive,0.95,"the speaker uses language of affection, intimacy, and emotional appeal, indicating a strong positive emotional attribution toward the subject. the use of ""my man"" and ""always gonna be there"" suggests"
conv_341,Monica,Mr. Geller,"[Turn 3] [SPEAKER] Speaker 1: Yeah, I dreamt that he saved me from a burning building and he was so brave and so strong! And it’s making me look at him totally differently. Y’know, I mean he used to be just, y’know “Jack Geller [E1]Monica[/E1] and Ross’s dad” and now he’s he’s “Jack Geller, dream hunk.""",positive,0.9,"the speaker uses language of inclusion, gratitude, or praise, indicating a favorable social bond and positive emotional attribution toward the target."
conv_148,Bill,Speaker 3,"[Turn 3] [SPEAKER] Speaker 1: Uhm, we just wanna give you a heads-up. [E1]Bill[/E1] and Colleen hate us.",negative,0.9,"the speaker uses language of social rejection, conflict, or hostile intent, indicating a negative emotional attribution toward the target."
conv_20,Speaker 2,Tag,"[Turn 12] [SPEAKER] Speaker 2: It was ... oh my god. He didn't have a last name. It was just ""[E2]Tag[/E2]"". You know, like Cher, or, you know, Moses.",neutral,0.8,"the speaker uses language of surprise, curiosity, or fascination, indicating a neutral emotional attribution toward the target. the tone is more observational than emotional."
conv_294,Denise,Speaker 2,[Turn 13] [SPEAKER] Speaker 2: Maybe because you never listen to anything that I say. I talk about her all the time! DENISE!!!!!,negative,0.9,"the speaker uses language of criticism, blame, or accusation, indicating a negative emotional attribution toward the target. the speaker's tone is confrontational and aggressive, suggesting a strong n"
conv_844,Kathy,Speaker 3,[Turn 1] [SPEAKER] Speaker 1: Ooh! How was [E1]Kathy[/E1]’s play?,positive,0.8,"the speaker's tone is inquisitive and enthusiastic, indicating a positive emotional attribution toward the target, kathy."
conv_279,Leslie,Speaker 1,"[Turn 3] [SPEAKER] Speaker 1: Yeah, that was [E1]Leslie[/E1] calling again to see if we can get back together. That’s the twentieth time today! And good luck [E1]Leslie[/E1]!",negative,0.9,"the speaker is frustrated and annoyed with leslie's repeated attempts to get back together, indicating a negative emotional attribution."
conv_191,Speaker 3,Monica,[Turn 12] [SPEAKER] Speaker 1: This is [E2]Monica[/E2].,neutral,0.9,"the sentence is a simple introduction, providing a name and no emotional context. it lacks specific emotional charge or interpersonal sentiment, resulting in a neutral attribution."
conv_128,Timmy,Speaker 2,[Turn 6] [SPEAKER] Speaker 2: [E1]Timmy[/E1] was my boyfriend and you made out with him!,negative,0.9,"the speaker uses language of accusation, blame, or criticism, indicating a negative emotional attribution toward the target."
conv_160,Emma,Speaker 1,"[Turn 5] [SPEAKER] Speaker 1: Ok, look, Ross. I do not want [E1]Emma[/E1] going to the playground.",negative,0.8,"the speaker is addressing ross in a direct and assertive manner, indicating a sense of authority and control. the use of the phrase ""i do not want"" implies a strong desire to prevent something from ha"
conv_124,Speaker 2,Chandler,[Turn 23] [SPEAKER] Speaker 1: R-R-Richard said he wants to marry you?! And-and [E2]Chandler[/E2]’s tellin’ ya how much he hates marriage?!,negative,0.8,"the speaker uses language of surprise, shock, and incredulity, indicating a strong emotional reaction. the tone is more negative than positive, as the speaker seems to be expressing disbelief and poss"
conv_354,Susan,Carol,"[Turn 5] [SPEAKER] Speaker 1: 'Cause [E2]Carol[/E2]'s a lesbian. And, and I'm not one. And apparently it's not a mix and match situation.",negative,0.9,"the speaker uses language of rejection, exclusion, or criticism, indicating a negative emotional attribution toward the target."
conv_357,Emma,Speaker 2,[Turn 3] [SPEAKER] Speaker 1: Where is [E1]Emma[/E1]?,neutral,0.8,"the dialogue is task-oriented, logistical, or observational. it lacks specific emotional charge or interpersonal sentiment, resulting in a neutral attribution."
conv_276,Kip,Speaker 3,[Turn 13] [SPEAKER] Speaker 1: Do you even know who [E1]Kip[/E1] is?,neutral,0.9,"the speaker is asking a question about someone's knowledge, which is a neutral topic. the tone is inquiring, not confrontational or emotional."
conv_1051,Speaker 5,Vince,"[Turn 9] [SPEAKER] Speaker 5: Yeah, I like [E2]Vince[/E2] a lot, y'know? But, it's just Jason's so sensitive, y'know? And in the long run, I think sensitive it's just better than having just like a really, really, really nice butt. Jason! Definitely Jason! Okay, wish me luck!",positive,0.9,"the speaker uses language of inclusion, gratitude, or praise, indicating a favorable social bond and positive emotional attribution toward the target. the speaker also expresses a preference for jason"
conv_58,Ben,Carol,"[Turn 4] [SPEAKER] Speaker 2: Uh-huh, I’m with [E1]Ben[/E1].",positive,0.9,"the speaker uses language of confirmation, agreement, or support, indicating a favorable social bond and positive emotional attribution toward the target."
conv_418,Aunt Silvia,Speaker 3,"[Turn 7] [SPEAKER] Speaker 1: Well ah, [E1]Aunt Silvia[/E1] was, well not a nice person.",negative,0.9,"the speaker uses language of criticism, disapproval, or negative evaluation, indicating a negative emotional attribution toward the target."
conv_50,Speaker 2,Charlie,[Turn 4] [SPEAKER] Speaker 2: Uh... [E2]Charlie[/E2] and I broke up.,negative,0.9,"the speaker uses language of separation, rejection, or loss, indicating a negative emotional attribution toward the target."
conv_370,James Brolin,Barbara Streisand,[Turn 10] [SPEAKER] Speaker 1: As in [E2]Barbara Streisand[/E2]’s husband [E1]James Brolin[/E1]?,neutral,0.9,"the speaker is sharing a piece of information about a celebrity couple, indicating a neutral or observational tone. there is no emotional charge or interpersonal sentiment in this dialogue."
conv_316,Lizzie,Speaker 1,"[Turn 1] [SPEAKER] Speaker 1: Okay look, Ross, just so you know that since [E1]Lizzie[/E1] likes you so much, I’ve decided to accept the fact that you’re going out with her.",positive,0.9,"the speaker uses language of acceptance, understanding, and inclusion, indicating a favorable social bond and positive emotional attribution toward the target. the speaker is willing to accept the fac"
conv_185,Speaker 2,Paulo,"[Turn 7] [SPEAKER] Speaker 2: Well, first of all, [E2]Paulo[/E2] and I are not back together. It was just a stupid thing I did, and if I could go back in time and do it again, well, I wouldn't. Um, second of all, what?",negative,0.9,"the speaker expresses regret and disappointment about a past event, indicating a negative emotional attribution toward the target. the speaker also uses a tone of self-criticism, which further reinfor"
conv_209,Rick,Speaker 2,[Turn 6] [SPEAKER] Speaker 1: Who's [E1]Rick[/E1]?,neutral,0.9,"the speaker is asking about a person named rick, which is a neutral topic. there is no emotional charge or interpersonal sentiment in this sentence."
conv_223,Barry,Speaker 2,"[Turn 22] [SPEAKER] Speaker 2: Okay, okay... when [E1]Barry[/E1] was engaged to you, he and I...kind of... had a little thing on the side.",negative,0.8,"the speaker is sharing a secret or intimate information, which can be perceived as a breach of trust or a betrayal. this can lead to a negative emotional attribution between the parties."
conv_196,Speaker 1,Matt Lauer,"[Turn 11] [SPEAKER] Speaker 1: So umm, now do you have any of [E2]Matt Lauer[/E2]’s clothes here? Maybe? Just ones that haven’t been cleaned yet?",neutral,0.9,"the speaker is asking a question about matt lauer's clothes, which is a neutral topic. the tone is casual and polite, indicating a neutral emotional attribution."
conv_39,Speaker 2,duck,"[Turn 3] [SPEAKER] Speaker 1: Wow, I didn’t know they let you keep chickens and [E2]duck[/E2]s as pets.",neutral,0.8,"the speaker uses language of surprise, curiosity, or interest, indicating a neutral emotional attribution toward the target."
conv_89,Mindy,Barry,[Turn 7] [SPEAKER] Speaker 1: [E2]Barry[/E2] who you almost...?,positive,0.8,"the speaker uses a name, indicating a familiar or close relationship, and the phrase ""who you almost..."" suggests a sense of shared experience or understanding. this language of inclusion and shared u"
conv_702,Speaker 1,Bethel,[Turn 8] [SPEAKER] Speaker 5: That is so cruel! Why? Why would a parent name their child [E2]Bethel[/E2]?,negative,0.9,"the speaker uses strong language of disapproval, indicating a negative emotional attribution toward the subject. the speaker is expressing a strong emotional response to the object (the name bethel),"
conv_164,Speaker 2,Gary,"[Turn 6] [SPEAKER] Speaker 5: Come on! [E2]Gary[/E2]'s such a great guy! Whatever the problem is, you can work it out!",positive,0.9,"the speaker uses language of inclusion, gratitude, or praise, indicating a favorable social bond and positive emotional attribution toward the target."
conv_180,Monica,Ross,"[Turn 5] [SPEAKER] Speaker 3: Oh, I’m Phoebe Buffay. I’m one of [E2]Ross[/E2]’s best friends.",positive,0.9,"the speaker introduces themselves as phoebe buffay, indicating a casual and friendly tone. the speaker also mentions being one of ross's best friends, which implies a strong social bond."
conv_160,Emma,Speaker 1,"[Turn 11] [SPEAKER] Speaker 1: Ok, fine! You can make fun of me. I do not want [E1]Emma[/E1] going there. And I was thinking Claire Danes.",negative,0.8,"the speaker expresses a desire to exclude someone (emma) from a situation, indicating a negative emotional attribution toward the target. the speaker also mentions claire danes, which may be a neutral"
conv_65,Mary,Speaker 1,"[Turn 1] [SPEAKER] Speaker 1: I’ve gotta call my friend [E1]Mary[/E1] and tell her how good this is, from Monica’s room.",positive,0.9,"the speaker is expressing enthusiasm and appreciation for the situation, indicating a positive emotional attribution toward the subject (mary). the speaker is also referencing a specific person (monic"
conv_866,Mona,Speaker 1,"[Turn 2] [SPEAKER] Speaker 2: Oh hey! Hey Ross! Hey how’s it, how’s it going with you and [E1]Mona[/E1]? Are you guys still together?",positive,0.9,"the speaker uses language of inclusion, greeting, and inquiry, indicating a friendly and positive tone. the speaker is asking about the relationship status of ross and mona, which suggests a genuine i"
conv_304,Speaker 1,Ross,"[Turn 23] [SPEAKER] Speaker 1: Because... look, no one wants this to happen more than me, ok? I have gone over this moment in my head a hundred times and not once did I ever say no! I couldn't do it to [E2]Ross[/E2]!",negative,0.9,"the speaker expresses a sense of reluctance, frustration, and disappointment, indicating a negative emotional attribution toward the target. the speaker also uses language of self-justification, empha"
conv_506,Emily,Speaker 1,"[Turn 10] [SPEAKER] Speaker 4: Yeah! But, he can't not exactly see [E1]Emily[/E1], I mean that's his wife.",positive,0.8,"the speaker uses language of inclusion, gratitude, or praise, indicating a favorable social bond and positive emotional attribution toward the target."
conv_317,Monica,Speaker 2,"[Turn 6] [SPEAKER] Speaker 2: Well this is great. Y’know, those cameras were the only thing that was gonna cheer [E1]Monica[/E1] up today, she’s really depressed.",positive,0.9,"the speaker uses language of empathy and understanding, indicating a favorable social bond and positive emotional attribution toward the subject (monica). the speaker acknowledges monica's emotional s"
conv_615,Speaker 1,Phoebe,[Turn 10] [SPEAKER] Speaker 2: What's up? Is [E2]Phoebe[/E2] OK?,positive,0.8,"the speaker uses a casual greeting (""what's up?""), which is a common way to initiate a conversation. the question about phoebe's well-being (""is phoebe ok?"") shows concern and interest in the other pe"
conv_200,Speaker 4,Pottery Barn,[Turn 9] [SPEAKER] Speaker 4: I hate [E2]Pottery Barn[/E2] too. They kicked me out of there just because I sat on a bed!,negative,0.9,"the speaker uses language of criticism, rejection, or hostility, indicating a negative emotional attribution toward the object (pottery barn)."
conv_844,Nicole Kidman,Tom Cruise,[Turn 10] [SPEAKER] Speaker 4: [E2]Tom Cruise[/E2] and [E1]Nicole Kidman[/E1].,neutral,0.8,"the speaker mentions two celebrities, indicating a neutral or observational tone. the dialogue lacks specific emotional charge or interpersonal sentiment, resulting in a neutral attribution."
conv_8,Speaker 1,Mitzi,[Turn 2] [SPEAKER] Speaker 2: [E2]Mitzi[/E2] is.....,positive,0.8,"the speaker uses a pause and an ellipsis to create suspense, indicating a sense of surprise or revelation. the use of the name ""mitzi"" also implies a personal connection or familiarity."
conv_251,Mindy,Barry,"[Turn 6] [SPEAKER] Speaker 4: Oh sorry, I hear divorce I immediately go to Ross. Who-who’s [E2]Barry[/E2] and [E1]Mindy[/E1]?",positive,0.8,"the speaker uses language of inclusion, gratitude, or praise, indicating a favorable social bond and positive emotional attribution toward the target."
conv_845,Ross,Speaker 2,"[Turn 10] [SPEAKER] Speaker 2: Phoebe, I’m going to [E1]Ross[/E1]’s wedding because he is my ex-boyfriend and that would be really uncomfortable. Not because, I’m still in love with him! I mean, hey, y’know, I like [E1]Ross[/E1] as much as the next guy, y’know? Clearly I have feelings for him, but feelings don’t mean love! I mean, I still have loving feelings for [E1]Ross[/E1]. Yeah! But, I have, I have continuing feelings of love, but that doesn’t mean that-that I’m still in love with him. Y’know? I-I have sexual feelings for him, but I do love him—Ohh! Oh my God! Oh my—why didn’t you tell me?!!",neutral,0.7,"the speaker uses language of self-contradiction, emotional turmoil, and inner conflict, indicating a complex emotional attribution toward the subject. the speaker's statements are ambiguous, and their"
conv_438,Rachel,Speaker 2,[Turn 2] [SPEAKER] Speaker 2: Sorry! I'm just—I'm not very good at this! I'm a terrible liar and I hate having to lie to [E1]Rachel[/E1]!,negative,0.9,"the speaker is expressing regret, self-doubt, and a sense of discomfort, indicating a negative emotional attribution toward themselves and potentially toward rachel. the use of the phrase ""i hate havi"
conv_496,Joshua,Speaker 3,[Turn 6] [SPEAKER] Speaker 3: Three people. [E1]Joshua[/E1]’s not gonna be there.,neutral,0.8,"the speaker mentions a specific person, joshua, who will not be present, indicating a neutral or observational tone. the interaction lacks emotional charge or interpersonal sentiment."
conv_610,Julie,Speaker 1,"[Turn 5] [SPEAKER] Speaker 1: Yeah, it was, but...I get home, ok, and I see [E1]Julie[/E1]'s saline solution on my night table. And I'm thinking to myself, oh my god, what the hell am I doing? I mean, here I am, I am with [E1]Julie[/E1], this incredible, great woman, who I care about and who cares about me, and I'm like, what, am I just gonna throw all that away?",negative,0.8,"the speaker expresses a mix of emotions, including confusion, self-doubt, and possibly regret. the speaker is reflecting on their relationship with julie and seems to be questioning their decision to"
conv_327,Speaker 2,Chandler,[Turn 19] [SPEAKER] Speaker 1: I’m gonna get you to talk to [E2]Chandler[/E2].,neutral,0.8,"the speaker is trying to facilitate communication between two individuals, indicating a neutral or task-oriented interaction. the tone is not overtly positive or negative, suggesting a lack of strong"
conv_68,Janice,Speaker 1,"[Turn 12] [SPEAKER] Speaker 2: Okay. I went down to the 'Mattress King' showroom and, and I saw [E1]Janice[/E1], kissing her ex-husband.",negative,0.9,"the speaker's tone is critical, and the language used is confrontational, indicating a negative emotional attribution toward the subject (janice). the speaker's actions (going to the showroom) and the"
conv_314,Speaker 1,chick,[Turn 1] [SPEAKER] Speaker 1: Hey! Can you take a duck and a [E2]chick[/E2] to the theatre?,positive,0.9,"the speaker uses a playful and casual tone, indicating a friendly and lighthearted interaction. the use of a duck and a chick as characters adds a whimsical touch, further suggesting a positive emotio"
conv_595,Speaker 4,Daryl Hannah,"[Turn 9] [SPEAKER] Speaker 4: [E2]Daryl Hannah[/E2] was the most beautiful woman that he'd ever seen in his life and I said yeah, I liked her in Splash, a lot, but not so much in- in Wall Street, I thought she had kind of a",positive,0.9,"the speaker describes a person as the most beautiful woman they've ever seen, indicating a strong positive emotional attribution. the speaker also mentions a shared experience (watching splash) and a"
conv_931,Chandler,Speaker 1,"[Turn 19] [SPEAKER] Speaker 1: You know what? I know [E1]Chandler[/E1] longer, so I always think of him as my best friend, but now... I may have to rethink some stuff...",neutral,0.8,"the speaker expresses a sense of reevaluation and potential change in their perception of chandler, indicating a possible shift in their emotional attribution. the tone is introspective and contemplat"
conv_624,Speaker 2,Joey,"[Turn 5] [SPEAKER] Speaker 1: Yeah? [E2]Joey[/E2] really knows his art, huh?",positive,0.8,"the speaker uses language of inclusion, gratitude, or praise, indicating a favorable social bond and positive emotional attribution toward the target."
conv_198,Travis,Yeller,[Turn 8] [SPEAKER] Speaker 1: What when [E2]Yeller[/E2] saves saves the family from the wolf and everyone's happy?,positive,0.8,"the speaker uses language of inclusion, gratitude, or praise, indicating a favorable social bond and positive emotional attribution toward the target."
conv_717,Speaker 1,Joey,"[Turn 3] [SPEAKER] Speaker 1: Well, [E2]Joey[/E2]’s my best friend.",positive,0.9,"the speaker uses language of affection, closeness, or familiarity, indicating a positive social bond and positive emotional attribution toward the target."
conv_413,Speaker 2,Alan,"[Turn 12] [SPEAKER] Speaker 5: Well, no. That's impossible. You can never be too [E2]Alan[/E2].",neutral,0.8,"the speaker uses language of negation, impossibility, and a hint of sarcasm, indicating a neutral or possibly negative emotional attribution toward the target."
conv_399,Chandler,Speaker 2,"[Turn 1] [SPEAKER] Speaker 1: Ugh! I don't know Monica. It feels funny just being here. I mean if you buy a bed from Janice's ex-husband, that's like betraying [E1]Chandler[/E1].",negative,0.9,"the speaker expresses discomfort and unease about being in a situation, indicating a negative emotional attribution. the mention of ""betraying chandler"" implies a sense of loyalty and commitment, whic"
conv_146,Drake,Olivia,"[Turn 6] [SPEAKER] Speaker 2: A little. Yeah no, I really am worried, you know, I mean I have to make it convincing that I'm in love with [E2]Olivia[/E2].",negative,0.9,"the speaker is expressing concern and anxiety about convincing someone (olivia) that they are in love, indicating a negative emotional attribution toward the target."
conv_435,Speaker 4,Janine,"[Turn 9] [SPEAKER] Speaker 4: I am so over [E2]Janine[/E2]. I mean, yeah, at first I thought she was hot, but now she’s like OLD NEWS!",negative,0.95,"the speaker uses language of rejection, dismissal, and devaluation, indicating a negative emotional attribution toward the subject (janine). the tone is informal, casual, and slightly sarcastic, which"
conv_135,Phoebe,Speaker 1,"[Turn 2] [SPEAKER] Speaker 2: Well, I heard that you thinking about asking [E1]Phoebe[/E1] to move in with you and I thought maybe, we should have a talk. Man to uh, me.",positive,0.9,"the speaker uses language of concern, empathy, or understanding, indicating a positive social bond and positive emotional attribution toward the target. the speaker is showing interest in the subject'"
conv_313,Speaker 1,Mark,[Turn 5] [SPEAKER] Speaker 1: That guy [E2]Mark[/E2]. From Bloomingdale's... She thinks he's just being nice to her. But I know he really wants to sleep with her.,negative,0.8,"the speaker is expressing skepticism and possibly even jealousy towards mark's intentions towards the subject. the use of the phrase ""just being nice to her"" implies that the speaker believes mark's a"
conv_31,Victor,Adrienne,"[Turn 6] [SPEAKER] Speaker 1: Well, I don't understand why [E2]Adrienne[/E2]'s attracted to [E1]Victor[/E1].",neutral,0.8,"the speaker expresses confusion or skepticism about the attraction between adrienne and victor, indicating a neutral or potentially negative emotional attribution."
conv_1,Albert Wintermeyer,Speaker 2,"[Turn 3] [SPEAKER] Speaker 1: Ooh... so sad... Still, it can't be easy for you to leave Harvard? Especially after working alongside a Nobel Prize winner like [E1]Albert Wintermeyer[/E1]?",positive,0.9,"the speaker uses language of empathy and understanding, indicating a positive emotional attribution toward the target. the tone is sympathetic and acknowledges the difficulty of leaving a prestigious"
conv_622,Speaker 3,G.Stephanopoulos,[Turn 4] [SPEAKER] Speaker 3: Wait! Did you say '[E2]G.Stephanopoulos[/E2]?',neutral,0.8,"the speaker uses language of surprise, inquiry, or curiosity, indicating a neutral emotional attribution toward the target."
conv_298,Chandler,Mr. Chandler,[Turn 2] [SPEAKER] Speaker 2: More turkey Mr. [E1]Chandler[/E1]?,positive,0.8,"the speaker uses a formal address (""mr."") and a name (""chandler""), indicating a level of familiarity and respect. the request for ""more turkey"" is a neutral topic, and the tone is polite."
conv_17,Speaker 2,Tag,[Turn 7] [SPEAKER] Speaker 1: No way! No way! You just broke with [E2]Tag[/E2] a week ago.,negative,0.9,"the speaker uses language of conflict, rejection, or hostile intent, indicating a negative emotional attribution between the parties."
conv_192,Joey,Speaker 1,"[Turn 5] [SPEAKER] Speaker 1: [E1]Joey[/E1] is a great guy, but we're just... so different! I mean, during your speech he kept laughing at homo erectus!",negative,0.8,"the speaker expresses a sense of disconnection or incompatibility with joey, using phrases like ""we're just... so different"" and ""kept laughing at homo erectus"", which implies a lack of shared values"
conv_217,Speaker 1,Joey,[Turn 2] [SPEAKER] Speaker 2: Of course! [E2]Joey[/E2] wouldn’t let you have one?,positive,0.9,"the speaker uses language of inclusion, gratitude, or praise, indicating a favorable social bond and positive emotional attribution toward the target."
conv_319,Speaker 4,Knicks,"[Turn 3] [SPEAKER] Speaker 1: No, not that one. We're trying to figure out who to bring to the [E2]Knicks[/E2] game tonight, we have an extra ticket.",neutral,0.8,"the speaker is discussing a social event and asking for input on who to bring, indicating a neutral or task-oriented interaction."
conv_295,Speaker 1,Pottery Barn,[Turn 11] [SPEAKER] Speaker 1: Because she hates [E2]Pottery Barn[/E2].,neutral,0.9,"the speaker mentions a specific reason for someone's dislike, which is a neutral statement. the tone is informative, not emotional."
conv_71,Mona,Ross,[Turn 6] [SPEAKER] Speaker 2: Poor [E2]Ross[/E2].,positive,0.9,"the speaker uses language of sympathy, pity, or concern, indicating a favorable social bond and positive emotional attribution toward the target."
conv_80,Speaker 2,Caitlin,[Turn 9] [SPEAKER] Speaker 1: Is that what this is about? You like [E2]Caitlin[/E2]?,positive,0.8,"the speaker is asking a question about the subject's feelings towards caitlin, which implies a level of emotional investment and interest in the subject's emotional state. this suggests a positive emo"
conv_368,Mike,Speaker 1,"[Turn 12] [SPEAKER] Speaker 2: Wow, isn't it ironic that David would show up on the same day that you and [E1]Mike[/E1] exchange keys?",negative,0.8,"the speaker uses language of irony, which can be interpreted as a form of social commentary or critique. this may indicate a negative emotional attribution toward the target, as the speaker is highlig"
conv_1042,Speaker 1,Carol,"[Turn 12] [SPEAKER] Speaker 3: Hey, imagine if I never got fired off Days Of Our Lives! Oh-hey, there’s [E2]Carol[/E2] again!",positive,0.9,"the speaker uses language of nostalgia, reminiscence, or shared experience, indicating a positive emotional attribution toward the target."
conv_833,Speaker 2,Monica,[Turn 10] [SPEAKER] Speaker 2: Because uh…we-we…we split up. [E2]Monica[/E2] and I split up. Hold me.,negative,0.9,"the speaker uses language of vulnerability, intimacy, and emotional appeal, indicating a strong emotional bond and a negative emotional attribution toward the target."
conv_701,Emma,Speaker 1,[Turn 24] [SPEAKER] Speaker 1: Ehm... Her name is [E1]Emma[/E1].,neutral,0.9,"the speaker is providing information about a person, emma, without any emotional tone or interpersonal sentiment. the sentence lacks specific emotional charge or social interaction."
conv_174,Speaker 2,Kash,"[Turn 10] [SPEAKER] Speaker 2: Okay Joey, first of all [E2]Kash[/E2] Ford is not people. Second of all, what did he say when you told him I was pregnant?",negative,0.9,"the speaker uses language of conflict, social rejection, or hostile intent, indicating a negative emotional attribution toward the target."
conv_294,Denise,Speaker 2,"[Turn 6] [SPEAKER] Speaker 2: Well, that would be great but then what do we do about [E1]Denise[/E1]?",neutral,0.8,"the speaker is asking about denise, indicating a neutral or task-oriented conversation. the tone is not explicitly positive or negative, but the speaker is seeking information, which suggests a neutra"
conv_333,Speaker 1,Ross,[Turn 7] [SPEAKER] Speaker 3: Noo! Oh no! No! God no! He should not get back together with her. I know that! You know that! Even [E2]Ross[/E2] knows that! But that still doesn’t give us the right to erase his message!,negative,0.95,"the speaker expresses strong emotions (shock, disapproval) and uses language of urgency and emphasis, indicating a strong negative emotional attribution toward the subject (ross getting back together"
conv_205,Speaker 3,little boy,"[Turn 6] [SPEAKER] Speaker 2: Shh! Doogie, shh! Doesn't anybody understand that I'm gonna be having babies soon? Huh? Go! Go [E2]little boy[/E2], go!",negative,0.9,"the speaker uses language of urgency, frustration, and emotional appeal, indicating a negative emotional attribution toward the target. the speaker is expressing a sense of desperation and anxiety abo"
conv_287,Richard,Speaker 2,"[Turn 2] [SPEAKER] Speaker 2: [E1]Richard[/E1]'s living room, drinking wine.",neutral,0.8,"the speaker is describing a scene where they are in richard's living room, drinking wine, which implies a social setting and a sense of relaxation. the tone is neutral, without any apparent conflict o"
conv_615,Phoebe,Speaker 1,[Turn 16] [SPEAKER] Speaker 2: Hey wait wait wait wait! Is that true what you said? [E1]Phoebe[/E1]'s never had a serious relationship?,neutral,0.8,"the speaker uses language of inquiry, curiosity, or surprise, indicating a neutral emotional attribution toward the target. the tone is more observational than confrontational."
conv_345,Speaker 1,Ross,"[Turn 2] [SPEAKER] Speaker 2: OK, you've got to promise that you'll never, ever tell [E2]Ross[/E2] that I told you.",positive,0.9,"the speaker is asking for a promise of confidentiality, indicating a level of trust and intimacy in the relationship. the speaker is also showing vulnerability by sharing a secret, which suggests a st"
conv_1057,Speaker 1,Dina,"[Turn 5] [SPEAKER] Speaker 1: No-no-no-no-no-no, not her, not her. My youngest sister, [E2]Dina[/E2], she’s really interested in fashion, and she wants to talk to someone successful, y’know, to give her some advice.",positive,0.9,"the speaker is expressing a desire to help their sister, dina, and is seeking advice from someone successful. this indicates a positive emotional attribution towards their sister and a desire to suppo"
conv_968,Monica,Chandler,"[Turn 5] [SPEAKER] Speaker 1: Yeah. Yeah, and y’know you-you deserve to win. And-and y’know I was thinking about it, if-if you’re [E1]Monica[/E1]’s maid of honor that means I get to be yours.",positive,0.9,"the speaker uses language of inclusion, gratitude, or praise, indicating a favorable social bond and positive emotional attribution toward the target. the speaker also expresses a desire to reciprocat"
conv_309,Speaker 2,Julie,"[Turn 4] [SPEAKER] Speaker 2: I uh, I just got back from uh, from [E2]Julie[/E2]'s.",neutral,0.8,"the speaker's tone is uncertain and hesitant, indicating a lack of emotional charge or interpersonal sentiment. the sentence lacks specific emotional attribution between the subject and object."
conv_200,Speaker 2,Pottery Barn,[Turn 5] [SPEAKER] Speaker 3: You got it from [E2]Pottery Barn[/E2]?!,neutral,0.9,"the dialogue lacks specific emotional charge or interpersonal sentiment, and the language used is neutral and task-oriented. the speaker is simply asking a question about the origin of an item."
conv_10,Judy,Speaker 7,[Turn 8] [SPEAKER] Speaker 2: And that's [E1]Judy[/E1] over there at the bar with Emma?,neutral,0.8,"the speaker is pointing out someone, judy, at the bar with emma, indicating a neutral or observational tone."
conv_889,Speaker 3,Amanda,"[Turn 10] [SPEAKER] Speaker 3: You know what [E2]Amanda[/E2] said to me when she got me on the phone? ""Oh, so sorry to catch you on your Mo-Bile!"" If-if you don't wanna get me on my mo-Bile, don't call me on my mo-Bile!""",negative,0.9,"the speaker uses language of frustration, annoyance, or sarcasm, indicating a negative emotional attribution toward the target."
conv_146,Drake,Olivia,[Turn 1] [SPEAKER] Speaker 1: What... how is it going with [E1]Drake[/E1]?,neutral,0.8,"the speaker's tone is neutral, and the sentence lacks specific emotional charge or interpersonal sentiment, indicating a neutral attribution."
conv_327,Speaker 2,Chandler,[Turn 4] [SPEAKER] Speaker 2: I’m sending back all this stuff that [E2]Chandler[/E2] bought out of guilt.,negative,0.9,"the speaker uses language of criticism, blame, or disapproval, indicating a negative emotional attribution toward the target."
conv_323,Speaker 4,Knicks,"[Turn 14] [SPEAKER] Speaker 4: Yeah, the [E2]Knicks[/E2] rule all!",positive,0.9,"the speaker uses language of enthusiasm, excitement, or admiration, indicating a positive emotional attribution toward the subject (knicks)."
conv_185,Julie,Speaker 1,"[Turn 10] [SPEAKER] Speaker 1: Well, then, I think, I think the guy is scum. I hate him. I physically hate him. I always have. You are way too good to be with a guy like that. You deserve to be with someone who appreciates you, and who gets how funny and sweet and amazing, and adorable, and sexy you are, you know? Someone who wakes up every morning thinking ""Oh my god, I'm with Rachel"". You know, someone who makes you feel good, the way I am with [E1]Julie[/E1]. Was there a second of all?",negative,0.95,"the speaker uses strong negative language (""scum"", ""hate"", ""physically hate"") to describe the target, indicating a strong negative emotional attribution."
conv_656,Phoebe,Speaker 2,"[Turn 11] [SPEAKER] Speaker 2: [E1]Phoebe[/E1] is going to say ""Yes"" to David. See, that's what happens when you meddle in people's lives!",negative,0.8,"the speaker's statement implies a sense of control, manipulation, and possibly even criticism towards phoebe, indicating a negative emotional attribution towards her. the tone is somewhat condescendin"
conv_3,Phoebe,Mike,"[Turn 3] [SPEAKER] Speaker 1: I just finished getting [E1]Phoebe[/E1] all dressed to meet [E2]Mike[/E2]'s parents. She's so nervous, it's so sweet!",positive,0.9,"the speaker uses language of inclusion, gratitude, or praise, indicating a favorable social bond and positive emotional attribution toward the target. the speaker describes phoebe's nervousness as ""so"
conv_323,Speaker 2,Joshua,"[Turn 2] [SPEAKER] Speaker 2: Or I’ll give them to my new boyfriend, [E2]Joshua[/E2].",negative,0.8,"the speaker mentions a new boyfriend, which implies a shift in emotional attachment or interest away from the original subject. this could be seen as a negative emotional attribution."
conv_588,Speaker 2,Monica,"[Turn 1] [SPEAKER] Speaker 1: Umm, Chandler, you do realize that those ideas are probably already in [E2]Monica[/E2]'s head.",neutral,0.8,"the speaker uses language of caution, concern, or warning, indicating a neutral emotional attribution toward the target. the tone is more informative than emotional."
conv_344,Speaker 1,Monica,"[Turn 3] [SPEAKER] Speaker 1: No, I don’t want to tell anybody else because I don’t want [E2]Monica[/E2] to find out.",negative,0.8,"the speaker is hesitant to share information, possibly due to fear of negative consequences or social repercussions. this implies a negative emotional attribution toward the target, monica."
conv_252,Speaker 1,Janice,"[Turn 1] [SPEAKER] Speaker 1: You know, I may be way out on a limb here, but do you, do you, have a problem with [E2]Janice[/E2]?",neutral,0.8,"the speaker uses language of inquiry, curiosity, or tentative suggestion, indicating a neutral or exploratory tone. the mention of janice may be a sensitive topic, but the speaker's tone is not overtl"
conv_32,Ginger,Pepper,[Turn 16] [SPEAKER] Speaker 2: Oh my God!! You threw [E2]Pepper[/E2] on the fire!,negative,0.8,"the speaker's reaction is one of shock and surprise, indicating a strong emotional response. the use of ""oh my god!!"" is an exclamation of surprise and possibly even alarm. the fact that the speaker i"
conv_622,G.Stephanopoulos,Big Bird,[Turn 4] [SPEAKER] Speaker 3: Wait! Did you say '[E1]G.Stephanopoulos[/E1]?',neutral,0.7,"the speaker seems to be surprised or even shocked by the mention of stephanopoulos, which could indicate a negative emotional attribution. however, the tone is more curious than hostile, suggesting a"
conv_174,Nathan,Andr,"[Turn 4] [SPEAKER] Speaker 2: Oh, well this morning he got a call from who I think was our cousin [E1]Nathan[/E1], and frankly, it was a little more than I needed to know.",negative,0.7,"the speaker's tone is somewhat negative, as they mention ""a little more than i needed to know"", which implies a sense of discomfort or annoyance. additionally, the speaker's use of ""frankly"" suggests"
conv_157,Speaker 1,Lennart Haze,[Turn 13] [SPEAKER] Speaker 1: With [E2]Lennart Haze[/E2]?,neutral,0.9,"the dialogue lacks specific emotional charge or interpersonal sentiment, and the speaker's tone is neutral. the sentence appears to be a simple statement of fact, without any emotional connotation."
conv_309,Ross,Speaker 3,"[Turn 12] [SPEAKER] Speaker 3: Not until you said it. Somebody switch! Wait a minute... [E1]Ross[/E1] and Charlie, Joey and Rachel, Phoebe and Mike! We're the only people leaving with the same person we came with.",positive,0.9,"the speaker is listing the couples who are leaving with the same person they came with, indicating a sense of unity, togetherness, and possibly even romantic love. this suggests a positive emotional a"
conv_552,Speaker 5,Tommy,[Turn 12] [SPEAKER] Speaker 3: Okay! Hey [E2]Tommy[/E2].,positive,0.9,"the speaker uses a friendly and casual tone, addressing tommy by name, indicating a positive social bond and emotional attribution."
conv_170,Ethel,Speaker 2,"[Turn 9] [SPEAKER] Speaker 2: Yeah, did she sound happy about it? 'Cause my friend [E1]Ethel[/E1]'s baby was born with a teeny, tiny beard.",positive,0.8,"the speaker is asking about someone's emotional state, specifically whether they sounded happy, which implies a concern for the person's well-being. the mention of a friend's baby with a beard is an u"
conv_342,Richard,Monica,[Turn 3] [SPEAKER] Speaker 1: [E1]Richard[/E1] told [E2]Monica[/E2] he wants to marry her!,positive,0.9,"the speaker uses language of romantic commitment, indicating a strong positive emotional attribution toward the target."
conv_537,Ross,Speaker 1,"[Turn 7] [SPEAKER] Speaker 1: Wow, that is a surprise. Just one little question, uh, why not [E1]Ross[/E1]'s room?",neutral,0.8,"the speaker expresses surprise and curiosity, indicating a neutral emotional attribution. the speaker also asks a question, which is a neutral action."
conv_727,Emily,British,[Turn 1] [SPEAKER] Speaker 1: Where is [E1]Emily[/E1]?,neutral,0.8,"the dialogue is task-oriented, logistical, or observational. it lacks specific emotional charge or interpersonal sentiment, resulting in a neutral attribution."
conv_217,Speaker 1,Joey,[Turn 2] [SPEAKER] Speaker 2: Of course! [E2]Joey[/E2] wouldn’t let you have one?,positive,0.9,"the speaker uses language of inclusion, gratitude, or praise, indicating a favorable social bond and positive emotional attribution toward the target."
conv_3,Speaker 2,Emma,[Turn 4] [SPEAKER] Speaker 2: Guess what? I made [E2]Emma[/E2] laugh today.,positive,0.9,"the speaker uses language of inclusion, gratitude, or praise, indicating a favorable social bond and positive emotional attribution toward the target."
conv_608,Speaker 2,Althea,[Turn 22] [SPEAKER] Speaker 2: [E2]Althea[/E2] is correct.,neutral,0.8,"the dialogue is task-oriented, logistical, or observational. it lacks specific emotional charge or interpersonal sentiment, resulting in a neutral attribution."
conv_3,Clark,Speaker 2,"[Turn 28] [SPEAKER] Speaker 1: Good, so do it Saturday night because we’re going to dinner with her and [E1]Clark[/E1].",neutral,0.8,"the speaker is making a plan with someone, mentioning a social engagement with a third person (clark). this suggests a positive social bond and a neutral emotional attribution."
conv_354,Carol,Susan,"[Turn 5] [SPEAKER] Speaker 1: 'Cause [E1]Carol[/E1]'s a lesbian. And, and I'm not one. And apparently it's not a mix and match situation.",negative,0.9,"the speaker uses language of social exclusion, rejection, or hostile intent, indicating a negative emotional attribution toward the target."
conv_8,Speaker 1,Mitzi,[Turn 1] [SPEAKER] Speaker 1: Here [E2]Mitzi[/E2]! Here [E2]Mitzi[/E2]!,positive,0.9,"the speaker uses a familiar and affectionate tone, addressing the target by name, indicating a positive emotional attribution."
conv_171,Speaker 5,puppy,"[Turn 18] [SPEAKER] Speaker 5: Oh, I-I-I understand all that, but it’s just—that was my [E2]puppy[/E2].",positive,0.9,"the speaker expresses a strong emotional attachment to the puppy, indicating a positive emotional attribution toward the object (puppy). the use of the word ""my"" emphasizes the speaker's ownership and"
conv_189,Phoebe,Speaker 2,"[Turn 13] [SPEAKER] Speaker 2: No, I-I live with [E1]Phoebe[/E1]. I mean you’re alone, alone. And I just-it’s just not the time for us. I’m sorry.",negative,0.9,"the speaker uses language of rejection, apology, and self-acknowledgment, indicating a negative emotional attribution toward the target. the speaker is expressing regret and disappointment, which are"
conv_912,Speaker 2,Ernie Cofax,"[Turn 4] [SPEAKER] Speaker 2: I'm sorry, it's just this [E2]Ernie Cofax[/E2] thing on in a few minutes I wanted to watch.",neutral,0.8,"the speaker is apologizing for interrupting or changing plans, indicating a neutral or potentially negative emotional attribution. the mention of a tv show or event (""ernie cofax thing"") suggests a ne"
conv_679,Charlie,Joey,[Turn 2] [SPEAKER] Speaker 2: He's probably in his room with his current girlfriend [E1]Charlie[/E1]. That's the situation as we know it...,neutral,0.9,"the speaker is discussing a situation involving a person (speaker 1) and their romantic partner (charlie). the speaker's tone is neutral, as they are simply stating the situation as they know it. ther"
conv_135,Speaker 3,Roger,[Turn 3] [SPEAKER] Speaker 1: [E2]Roger[/E2] wants to take her out tomorrow night.,neutral,0.8,"the speaker uses a formal tone and mentions a specific person (roger) and a specific action (taking someone out), indicating a neutral or task-oriented interaction."
conv_390,Speaker 3,Dr. Gettleman,[Turn 6] [SPEAKER] Speaker 2: Are you serious? You still see [E2]Dr. Gettleman[/E2]?,negative,0.8,"the speaker's tone and language convey shock, disbelief, and possibly even anger, indicating a negative emotional attribution between the parties."
conv_313,Mindy,Speaker 1,"[Turn 6] [SPEAKER] Speaker 2: No, not that, I mean, what about you and [E1]Mindy[/E1]?",neutral,0.9,"the speaker is asking about the relationship between the subject (speaker 2) and the object (mindy). the tone is inquiring and neutral, without any apparent emotional charge or interpersonal sentiment"
conv_176,Monica,Speaker 3,"[Turn 1] [SPEAKER] Speaker 1: Look, what am I gonna do? I'm not flirting but still, I'm drawing her to me like - like a moth to a flame! What the hell's going on over here?!?!? [E1]Monica[/E1]'s gonna kill you! Look I need your help, I have to do something to-to repel this woman! Wait a minute, wait a minute, you guys repel women all the time.",negative,0.8,"the speaker expresses frustration, confusion, and a sense of being overwhelmed, indicating a negative emotional attribution toward the target. the speaker also uses language of self-doubt and vulnerab"
conv_1042,Speaker 1,Carol,"[Turn 12] [SPEAKER] Speaker 3: Hey, imagine if I never got fired off Days Of Our Lives! Oh-hey, there’s [E2]Carol[/E2] again!",positive,0.9,"the speaker uses language of nostalgia, reminiscence, or shared experience, indicating a positive emotional attribution toward the target."
conv_332,Phoebe,Speaker 1,"[Turn 3] [SPEAKER] Speaker 1: Thank you. Come meet my friends. This is uh, [E1]Phoebe[/E1].",positive,0.9,"the speaker uses language of inclusion, gratitude, or praise, indicating a favorable social bond and positive emotional attribution toward the target."
conv_655,Speaker 2,Central Perk,"[Turn 2] [SPEAKER] Speaker 2: Terry's a jerk, and he won't let me work, and I hate [E2]Central Perk[/E2]!",negative,0.9,"the speaker uses language of criticism, rejection, or hostility, indicating a negative emotional attribution toward the target."
conv_714,Speaker 2,Fun Bobby,"[Turn 2] [SPEAKER] Speaker 2: I'm sorry, okay. It's just that Chandler has somebody, and Phoebe has somebody- I thought I'd ask [E2]Fun Bobby[/E2].",positive,0.8,"the speaker expresses regret and apology, indicating a willingness to compromise and maintain a positive social bond. the mention of chandler and phoebe having someone else implies a sense of social c"
conv_252,Chandler,Speaker 1,"[Turn 15] [SPEAKER] Speaker 1: Alright, so that leaves [E1]Chandler[/E1].",neutral,0.8,"the speaker is addressing a specific individual, chandler, indicating a focus on a particular person. this suggests a social bond and emotional attribution, but the tone is neutral, lacking emotional"
conv_1040,Joey,Kathy,"[Turn 7] [SPEAKER] Speaker 1: Actually, this is for [E2]Kathy[/E2]'s birthday. It's an early edition of her favorite book.",positive,0.8,"the speaker is giving a gift to kathy, indicating a positive and friendly interaction. the tone is neutral and task-oriented, focusing on the gift rather than any emotional sentiment."
conv_276,Speaker 5,Kip,"[Turn 11] [SPEAKER] Speaker 1: Oh my God, its happening. It's already started. I'm [E2]Kip[/E2].",positive,0.9,"the speaker uses language of surprise, excitement, and self-introduction, indicating a positive emotional attribution toward the target."
conv_799,Speaker 1,Lewis Posin,"[Turn 5] [SPEAKER] Speaker 1: [E2]Lewis Posin[/E2]! He was my best friend in fifth grade, and-and then one day I asked him to be my boyfriend and he said no. Do you know why?",negative,0.8,"the speaker shares a personal story about a past experience of rejection, which is a sensitive topic. the tone is introspective and emotional, indicating a sense of vulnerability. the speaker's emotio"
conv_83,Speaker 3,Rachel,"[Turn 3] [SPEAKER] Speaker 1: See my friend-my friend, [E2]Rachel[/E2], she wants to be set up.",positive,0.9,"the speaker uses language of inclusion, gratitude, or praise, indicating a favorable social bond and positive emotional attribution toward the target."
conv_197,Richard,Speaker 2,"[Turn 4] [SPEAKER] Speaker 2: Okay, you can not tell Chandler. Okay? That I ran into [E1]Richard[/E1].",positive,0.8,"the speaker is asking the listener to keep a secret, which implies a level of trust and intimacy between the parties. the speaker is also asking the listener to keep the information from chandler, whi"
conv_870,Speaker 2,Ross,"[Turn 8] [SPEAKER] Speaker 2: No honey, okay, okay, you wanna know why [E2]Ross[/E2] canceled the date? Because I asked him to.",negative,0.9,"the interaction contains elements of conflict, social rejection, or hostile intent, establishing a negative emotional attribution between the parties."
conv_678,Speaker 2,Rachel,[Turn 1] [SPEAKER] Speaker 1: How could you not tell Mona that [E2]Rachel[/E2] is living with you?,negative,0.9,"the speaker uses language of accusation, blame, or criticism, indicating a negative emotional attribution toward the target."
conv_701,Emma,Speaker 4,[Turn 24] [SPEAKER] Speaker 1: Ehm... Her name is [E1]Emma[/E1].,neutral,0.9,"the speaker is providing information about a person, emma, without any emotional tone or interpersonal sentiment. the sentence lacks specific emotional charge or social interaction."
conv_334,Speaker 1,Pete Carney,"[Turn 7] [SPEAKER] Speaker 1: Ok, uh, Billy Dreskin, [E2]Pete Carney[/E2], Barry, and uh, oh, Paolo.",neutral,0.8,"the speaker is listing names, which lacks specific emotional charge or interpersonal sentiment, indicating a neutral attribution."
conv_974,Carol,Ben,[Turn 7] [SPEAKER] Speaker 1: Well it turns out that [E2]Ben[/E2] and Sting’s son do not get along.,neutral,0.9,"the speaker mentions a specific event or situation, which is a neutral topic. there is no emotional language or tone used, and the speaker does not express a personal opinion or sentiment."
conv_91,Phoebe,Speaker 1,"[Turn 6] [SPEAKER] Speaker 3: So, [E1]Phoebe[/E1] runs weird huh?",neutral,0.8,"the speaker uses a neutral tone, making a statement about phoebe's behavior without expressing a clear emotional sentiment. the sentence lacks specific emotional charge or interpersonal sentiment, res"
conv_54,Joey,Ursula,"[Turn 5] [SPEAKER] Speaker 1: Yeah. It’s just, you know, it’s this whole stupid [E2]Ursula[/E2] thing, it’s...",negative,0.8,"the speaker uses language of frustration, annoyance, or disappointment, indicating a negative emotional attribution toward the subject ursula."
conv_299,Speaker 2,Pete Carney,[Turn 8] [SPEAKER] Speaker 1: Which one was [E2]Pete Carney[/E2]?,neutral,0.9,"the speaker asks a question, which is a neutral and objective action. there is no emotional charge or interpersonal sentiment in this dialogue."
conv_458,Speaker 1,Ross,"[Turn 9] [SPEAKER] Speaker 1: Come on, Chandler, [E2]Ross[/E2] is our friend. He needs us right now, so why don't you be a grown up and come and watch some TV in the fort!",positive,0.9,"the speaker is using a persuasive tone, appealing to chandler's sense of responsibility and friendship, indicating a positive emotional attribution toward ross. the speaker is also using a gentle, enc"
conv_144,Emily,Speaker 2,[Turn 17] [SPEAKER] Speaker 1: [E1]Emily[/E1] Waltham.,neutral,0.8,"the sentence lacks specific emotional charge or interpersonal sentiment, and the speaker's name is not accompanied by any emotional or evaluative language."
conv_847,Speaker 1,Monica,[Turn 8] [SPEAKER] Speaker 2: What about [E2]Monica[/E2].,neutral,0.7,"the speaker is asking about monica, which implies a level of interest or concern, but the context is unclear. without more information, it's difficult to determine the emotional attribution."
conv_312,Speaker 1,Emily,[Turn 9] [SPEAKER] Speaker 3: You actually think that something can happen between [E2]Emily[/E2] and Susan?,neutral,0.9,"the speaker's tone is inquiring, and the language used is neutral, indicating a lack of emotional charge or interpersonal sentiment. the speaker is simply seeking information or clarification, which d"
conv_286,Uncle Lenny,Speaker 1,"[Turn 7] [SPEAKER] Speaker 1: Yeah, tell that to my [E1]Uncle Lenny[/E1].",positive,0.8,"the speaker uses a family member (uncle lenny) as a reference, which implies a sense of familiarity and closeness. the tone is informal, and the speaker seems to be sharing a personal anecdote. this s"
conv_281,Speaker 4,Nate,[Turn 13] [SPEAKER] Speaker 1: Sense the tone! No that kid [E2]Nate[/E2] got it.,positive,0.9,"the speaker uses a playful tone and a sense of camaraderie, indicating a positive emotional attribution toward the target."
conv_594,Mrs. Tribbiani,Irish,"[Turn 14] [SPEAKER] Speaker 2: Hello? Yeah, hi! [E1]Mrs. Tribbiani[/E1]? Hi, this is Monica Geller. Yeah I’m just calling to say that Chandler and I uh, really hope you can make it to the wedding. Yeah, apparently a bunch of invitations that we sent weren’t delivered. Umm, I guess there was some screw up at the damn post office! T-Tell me about it! Yeah, yeah, the US Post Office? No, more like US lost office! What are they [E2]Irish[/E2]?!",positive,0.9,"the speaker is making a friendly phone call to mrs. tribbiani, inviting her to a wedding. the tone is casual and playful, with a dash of humor. the speaker uses colloquial language and makes a lighthe"
conv_935,Speaker 3,Ursula,"[Turn 4] [SPEAKER] Speaker 3: Hi, it’s Eric. From the Halloween party, [E2]Ursula[/E2]’s fiancée.",neutral,0.9,"the speaker is introducing themselves and providing context about their relationship to ursula, indicating a neutral or observational tone. the sentence lacks emotional charge or interpersonal sentime"
conv_117,Speaker 2,Joey,[Turn 5] [SPEAKER] Speaker 1: I don’t know! [E2]Joey[/E2] hasn’t had this much trouble getting out words since we saw him in Macbeth!,negative,0.8,"the speaker uses language of frustration, confusion, or annoyance, indicating a negative emotional attribution toward the target."
conv_74,Joey,Speaker 3,[Turn 6] [SPEAKER] Speaker 2: So does-does [E1]Joey[/E1] know you’re moving?,neutral,0.8,"the speaker is asking a question about someone's (joey's) knowledge of a significant event (moving), which implies a level of intimacy and shared experience. the tone is neutral, without any obvious e"
conv_645,Emma,Jill,[Turn 1] [SPEAKER] Speaker 1: Oh [E1]Emma[/E1]. This is going to be your first Thanksgiving. What are you thankful for? Mommy's bobbies.,positive,0.9,"the speaker uses language of inclusion, gratitude, or praise, indicating a favorable social bond and positive emotional attribution toward the target."
conv_1040,Kathy,The Velveteen Rabbit,"[Turn 7] [SPEAKER] Speaker 1: Actually, this is for [E1]Kathy[/E1]'s birthday. It's an early edition of her favorite book.",positive,0.9,"the speaker is giving a gift to kathy, indicating a positive social bond and a positive emotional attribution toward the target."
conv_473,Chandler,Speaker 2,[Turn 3] [SPEAKER] Speaker 1: Listen...I need to know that what I'm about to ask you will never get back to [E1]Chandler[/E1].,positive,0.9,"the speaker is asking for confidentiality, which implies a level of trust and intimacy. the speaker is also addressing the listener directly, which suggests a personal connection. the tone is serious"
conv_43,Charlie,Speaker 1,[Turn 7] [SPEAKER] Speaker 1: I have to break up with [E1]Charlie[/E1]?,negative,0.9,"the speaker is initiating a breakup, which typically involves conflict, social rejection, or hostile intent, establishing a negative emotional attribution between the parties."
conv_323,Speaker 4,Knicks,[Turn 9] [SPEAKER] Speaker 3: Screw the [E2]Knicks[/E2]!,negative,0.9,"the speaker uses a strong negative sentiment (""screw"") towards the object (""knicks""), indicating a negative emotional attribution."
conv_19,Ross,Speaker 2,"[Turn 2] [SPEAKER] Speaker 2: Any one of the brilliant actresses nominated for this award tonight deserves to take it home. Unfortunately only one can. The nominees for Best Supporting Actress are from Passions Erin Goff. From One Life to Live Mary Loren Bishop, from All My Children Sarah Mchann, and from Days of Our Lives Jessica Ashley. And the winner is……Jessica Ashley from Days of Our Lives. Uh, unfortunately Jessica couldn’t be with us tonight so I’ll be accepting this award on her behalf. And I’m sure that Jessica would like to thank my parents who always believed in me. She’d also like to thank my friends, Chandler, Monica, [E1]Ross[/E1], Phoebe, and Rachel who’s sittin’ right there!",neutral,0.9,"the speaker is giving an award acceptance speech, using formal language and acknowledging the nominees. the tone is neutral and respectful, without any emotional charge or interpersonal sentiment."
conv_276,Speaker 5,Kip,"[Turn 15] [SPEAKER] Speaker 3: [E2]Kip[/E2], my old roommate, y'know we all used to hang out together.",positive,0.9,"the speaker uses language of familiarity, shared experience, and nostalgia, indicating a positive social bond and positive emotional attribution toward the target."
conv_252,Speaker 2,Janice,"[Turn 4] [SPEAKER] Speaker 2: Look, I don't hate [E2]Janice[/E2], she's-she's just a lot to take, you know.",negative,0.9,"the speaker uses language of frustration, annoyance, or exasperation, indicating a negative emotional attribution toward the target."
conv_285,Phoebe,Mike,"[Turn 8] [SPEAKER] Speaker 2: Oh that's so cute: Ross and [E2]Mike[/E2]'s first date. Is that going to be awkward? I mean, what are you guys going to talk about?",neutral,0.8,"the speaker uses language of social commentary, curiosity, or playful teasing, indicating a neutral emotional attribution toward the subject and object. the tone is lighthearted and non-confrontationa"
conv_1053,Speaker 2,Rachel,"[Turn 1] [SPEAKER] Speaker 1: So, how does Mona feel about you and [E2]Rachel[/E2] living together?",neutral,0.8,"the speaker is asking about mona's feelings towards the subject (speaker 1) and object (rachel) living together, which implies a level of emotional investment and interest in the relationship. the ton"
conv_154,Speaker 1,Dr. Drake Remore,"[Turn 3] [SPEAKER] Speaker 1: No, no no no, you don't have to tell me anything. You don't have to explain yourself to me. Ooh, who am I to question the great [E2]Dr. Drake Remore[/E2]?",negative,0.9,"the speaker uses language of rejection, dismissal, and deference, indicating a negative emotional attribution toward the target. the speaker's tone is condescending and patronizing, implying that the"
conv_286,Ben,Carol,"[Turn 9] [SPEAKER] Speaker 1: Yeah, well my-my ex-wife and I share custody of [E1]Ben[/E1] and umm, uh, and just so you know, [E2]Carol[/E2] and I are on excellent terms as I’m sure you are with your wife! Oh, I’m sorry! It’s unbelievable!",positive,0.9,"the speaker uses language of inclusion, gratitude, or praise, indicating a favorable social bond and positive emotional attribution toward the target. the speaker also mentions sharing custody of a ch"
conv_129,Ross,Speaker 2,"[Turn 14] [SPEAKER] Speaker 2: Yes I do, it's just that [E1]Ross[/E1] is. . .",neutral,0.9,"the speaker's tone is neutral, and the sentence does not contain any explicit emotional language. the speaker is simply stating a fact about ross."
conv_615,Phoebe,Speaker 1,[Turn 10] [SPEAKER] Speaker 2: What's up? Is [E1]Phoebe[/E1] OK?,neutral,0.9,"the speaker uses a casual greeting (""what's up?""), which is a neutral or friendly tone. the question about phoebe's well-being (""is phoebe ok?"") is also a neutral or concerned tone. there is no appare"
conv_177,Speaker 1,Phoebe,"[Turn 1] [SPEAKER] Speaker 1: And the winner is…Joey Tribbiani! Oh… Wow! I honestly never expected this. I uh, I didn’t prepare a speech. But umm, I’d like to thank my parents, who’ve always been there for me. I’d also like to thank my friends, Chandler, Monica, [E2]Phoebe[/E2], Rachel…",positive,0.95,"the speaker uses language of gratitude, praise, and humility, indicating a positive emotional attribution toward the friends mentioned. the tone is celebratory and sincere, suggesting a strong social"
conv_853,Speaker 4,"Win, Lose or Draw","[Turn 11] [SPEAKER] Speaker 2: Or ""[E2]Win, Lose or Draw[/E2]"".",neutral,0.8,"the dialogue is task-oriented, logistical, or observational. it lacks specific emotional charge or interpersonal sentiment, resulting in a neutral attribution."
conv_176,Ross,Emily,"[Turn 1] [SPEAKER] Speaker 1: ...And so then I realized. All this stuff I had been doing. proposing to Joshua, lying to [E1]Ross[/E1] about why I couldn’t come to the wedding. Was all just a way of...",neutral,0.8,"the speaker is reflecting on past actions and their motivations, indicating a level of self-awareness and introspection. the tone is more contemplative than emotional, and the speaker is not directly"
conv_314,Speaker 1,duck,[Turn 1] [SPEAKER] Speaker 1: Hey! Can you take a [E2]duck[/E2] and a chick to the theatre?,neutral,0.8,"the dialogue is task-oriented, logistical, or observational. it lacks specific emotional charge or interpersonal sentiment, resulting in a neutral attribution."
conv_638,Speaker 4,Ross,"[Turn 6] [SPEAKER] Speaker 2: Look, there's Chandler, you know, that stupid friend of [E2]Ross[/E2]' who said I'm fat. You know I've already lost 4 pounds!",negative,0.9,"the speaker uses language of criticism, blame, or insult, indicating a negative emotional attribution toward the target. the speaker also mentions a past conflict or negative experience with the targe"
conv_219,Cassie,Speaker 1,"[Turn 7] [SPEAKER] Speaker 2: Fine, she can stay at my place. By the way, what-what does [E1]Cassie[/E1] even look like now.",neutral,0.9,"the speaker's tone is neutral, and the sentence does not contain any explicit emotional language. the speaker is simply stating a fact and making a neutral inquiry about cassie's appearance."
conv_276,Ross,Speaker 3,"[Turn 7] [SPEAKER] Speaker 2: I-I-I don't know if this falls under this category, but uh, [E1]Ross[/E1] is right back there.",neutral,0.8,"the speaker is referring to a person, ross, and is uncertain about the category, indicating a neutral emotional attribution."
conv_297,Monica,Speaker 3,[Turn 5] [SPEAKER] Speaker 2: I didn't know [E1]Monica[/E1] had these!,neutral,0.9,"the speaker's tone is neutral, and the sentence lacks emotional charge or interpersonal sentiment. the speaker is simply stating a fact about monica."
conv_608,Speaker 5,Althea,[Turn 19] [SPEAKER] Speaker 3: [E2]Althea[/E2]?! What are you doing?!,neutral,0.8,"the speaker uses a name, althea, which is not a common name, and the tone is inquisitive, indicating a sense of surprise or curiosity. this suggests a neutral emotional attribution."
conv_974,Carol,Ben,[Turn 13] [SPEAKER] Speaker 1: Playpen?! [E2]Ben[/E2]’s seven!,negative,0.8,"the speaker uses a tone of surprise, possibly even shock, and a hint of frustration, indicating a negative emotional attribution toward the target."
conv_316,Lizzie,Speaker 1,"[Turn 1] [SPEAKER] Speaker 1: Okay look, Ross, just so you know that since [E1]Lizzie[/E1] likes you so much, I’ve decided to accept the fact that you’re going out with her.",positive,0.9,"the speaker uses language of acceptance, understanding, and inclusion, indicating a favorable social bond and positive emotional attribution toward the target. the speaker is willing to accept the fac"
conv_1009,Rachel,Speaker 2,"[Turn 14] [SPEAKER] Speaker 2: Umm, candles, champagne, yeah anniversaries are great. 'Cause you know love lasts forever, y'know. Nothing like it in this lifetime, money in the bank, so [E1]Rachel[/E1] and I broke up.",negative,0.8,"the speaker expresses a sense of disappointment, sadness, or loss, indicating a negative emotional attribution toward the target."
conv_265,Speaker 2,Monica,[Turn 5] [SPEAKER] Speaker 1: [E2]Monica[/E2].,neutral,0.8,"the dialogue is task-oriented, logistical, or observational. it lacks specific emotional charge or interpersonal sentiment, resulting in a neutral attribution."
conv_506,Emily,Speaker 1,"[Turn 1] [SPEAKER] Speaker 1: So I asked [E1]Emily[/E1] if she would come to New York, and she said yes.",positive,0.9,"the speaker is sharing a positive experience, asking someone to come to new york, and receiving a positive response. this indicates a positive emotional attribution between the parties."
conv_870,Ross,Speaker 2,"[Turn 13] [SPEAKER] Speaker 1: I don’t understand, do you want to go out with [E1]Ross[/E1]?",neutral,0.8,"the speaker is asking for clarification about the target's intentions, indicating a neutral or uncertain emotional attribution."
conv_1009,Speaker 2,Rachel,"[Turn 14] [SPEAKER] Speaker 2: Umm, candles, champagne, yeah anniversaries are great. 'Cause you know love lasts forever, y'know. Nothing like it in this lifetime, money in the bank, so [E2]Rachel[/E2] and I broke up.",negative,0.9,"the speaker is expressing a negative sentiment about their relationship with rachel, using phrases like ""broke up"" and ""nothing like it in this lifetime, money in the bank"". this indicates a negative"
conv_242,Speaker 1,Mike,"[Turn 5] [SPEAKER] Speaker 3: So, so, is [E2]Mike[/E2] coming to dinner?",neutral,0.8,"the dialogue is task-oriented, logistical, or observational. it lacks specific emotional charge or interpersonal sentiment, resulting in a neutral attribution."
conv_615,Speaker 2,Phoebe,"[Turn 3] [SPEAKER] Speaker 1: I'm Ross, [E2]Phoebe[/E2]'s friend from the coffeehouse.",neutral,0.8,"the speaker introduces themselves as a friend of phoebe's, indicating a positive social bond and a neutral emotional attribution."
conv_168,Speaker 1,Allan,"[Turn 1] [SPEAKER] Speaker 1: …anyway, his name is [E2]Allan[/E2] and we’ve been going out for three years. He was my first client when I became a party planner. He was planning a party for his girlfriend at the time. Oh well. And he was Theta Beta Pi at Syracuse.",neutral,0.8,"the speaker shares a personal anecdote about a past relationship, using a tone that is reflective and matter-of-fact. the language used is neutral, without any strong emotional connotations. the speak"
conv_935,Speaker 3,Ursula,"[Turn 8] [SPEAKER] Speaker 3: Uh listen, I just—I thought you should know I broke up with [E2]Ursula[/E2].",neutral,0.8,"the speaker is sharing personal news, which can be a vulnerable act. the tone is casual and conversational, indicating a friendly and non-confrontational atmosphere. the speaker is not expressing ange"
conv_56,Speaker 1,Janice,[Turn 3] [SPEAKER] Speaker 1: I just saw [E2]Janice[/E2].,neutral,0.8,"the speaker mentions a person, janice, without any emotional charge or interpersonal sentiment, indicating a neutral attribution."
conv_253,Ben,Speaker 1,[Turn 4] [SPEAKER] Speaker 2: Don't be silly. [E1]Ben[/E1] loves you. He's just being Mr. Crankypants.,positive,0.95,"the speaker uses language of reassurance, affection, and understanding, indicating a positive emotional attribution toward the subject. the phrase ""don't be silly"" is a calming and reassuring phrase,"
conv_109,Chandler,Knicks,"[Turn 1] [SPEAKER] Speaker 1: Hey Pheebs, what-what was the deal with you and [E1]Chandler[/E1] blowing us off before?",neutral,0.8,"the speaker uses language of inquiry, curiosity, or concern, indicating a neutral emotional attribution toward the target."
conv_174,Speaker 2,Nathan,"[Turn 4] [SPEAKER] Speaker 2: Oh, well this morning he got a call from who I think was our cousin [E2]Nathan[/E2], and frankly, it was a little more than I needed to know.",neutral,0.8,"the speaker uses language of surprise, curiosity, or mild annoyance, indicating a neutral emotional attribution toward the target."
conv_195,Monica,Speaker 2,"[Turn 8] [SPEAKER] Speaker 2: Postpone it? Emily, do you think [E1]Monica[/E1] realises how much our parents spent on this wedding? Do you my sister’s teeny-tiny little brain comprehends that people took time out of their lives to fly thousands of miles to be here, huh? This isn’t right.",negative,0.9,"the speaker uses language of criticism, blame, or frustration, indicating a negative emotional attribution toward the target. the speaker is upset about the postponement of the wedding and is question"
conv_82,Speaker 1,Joey,"[Turn 2] [SPEAKER] Speaker 2: Ah, yeah, he's so adorable, God, he's just so much fun, [E2]Joey[/E2] is the best, I'm glad you're having so much fun here.",positive,0.95,"the speaker uses language of affection, admiration, and enthusiasm, indicating a strong positive emotional attribution toward the subject, joey."
conv_46,Speaker 2,Soap Opera Digest,"[Turn 2] [SPEAKER] Speaker 2: Oh, ooh, [E2]Soap Opera Digest[/E2], oh that's one of my favorite digests.",positive,0.9,"the speaker expresses enthusiasm and excitement about a magazine, indicating a positive emotional attribution."
conv_547,Speaker 1,Janice,"[Turn 4] [SPEAKER] Speaker 3: Not even, say, breaking up with [E2]Janice[/E2]?",neutral,0.7,"the speaker's tone is neutral, and the sentence is a question, which lacks emotional charge. the mention of janice, a character known for her eccentricity and annoying behavior, might elicit a negativ"
conv_413,Speaker 6,Alan,[Turn 14] [SPEAKER] Speaker 6: I personally could have a gallon of [E2]Alan[/E2].,neutral,0.9,"the dialogue lacks specific emotional charge or interpersonal sentiment, and the speaker's statement appears to be a neutral, factual declaration."
conv_370,Barbara Streisand,James Brolin,"[Turn 9] [SPEAKER] Speaker 3: Okay, okay. It’s [E2]James Brolin[/E2]. [E2]James Brolin[/E2] is the father of my baby.",positive,0.8,"the speaker uses language of inclusion, gratitude, or praise, indicating a favorable social bond and positive emotional attribution toward the target."
conv_245,Susan,Tanya,"[Turn 12] [SPEAKER] Speaker 1: The sex? Um, I'm having enough trouble with the image of you and [E1]Susan[/E1] together, when you throw in [E2]Tanya[/E2], yaw...",negative,0.8,"the speaker uses language of discomfort, awkwardness, or unease, indicating a negative social bond and negative emotional attribution toward the target."
conv_638,Ross,Speaker 2,"[Turn 6] [SPEAKER] Speaker 2: Look, there's Chandler, you know, that stupid friend of [E1]Ross[/E1]' who said I'm fat. You know I've already lost 4 pounds!",negative,0.9,"the speaker uses language of criticism, blame, or hostility, indicating a negative emotional attribution toward the subject (chandler). the speaker also uses language of self-pity, self-blame, or self"
conv_762,Emily,Ross,"[Turn 8] [SPEAKER] Speaker 2: I—Rachel, you can’t go! [E2]Ross[/E2] loves [E1]Emily[/E1]!",negative,0.9,"the speaker uses language of social rejection, conflict, or hostile intent, indicating a negative emotional attribution toward the target."
conv_353,Speaker 1,Tim,"[Turn 9] [SPEAKER] Speaker 1: He is sweet. He’s too sweet. He calls me all the time. ""So did-did you get home from work okay?"" ""Did-did you get out of the shower okay?""",negative,0.9,"the speaker uses language of excessive concern, over-attentiveness, or possessiveness, indicating a negative emotional attribution toward the target."
conv_28,Ben,Carol,[Turn 5] [SPEAKER] Speaker 1: When [E2]Carol[/E2] was pregnant with [E1]Ben[/E1]…,neutral,0.9,"the speaker is discussing a past event, specifically a pregnancy and birth, which is a neutral topic. there is no emotional charge or interpersonal sentiment expressed in this sentence."
conv_782,Rachel,Speaker 2,[Turn 3] [SPEAKER] Speaker 1: So [E1]Rachel[/E1]’s all moved out huh? How are you taking it?,neutral,0.8,"the speaker's tone is neutral, and the question is task-oriented, logistical, or observational. the speaker is inquiring about the target's emotional state, but the language used is not emotionally ch"
conv_176,Speaker 1,Ross,"[Turn 1] [SPEAKER] Speaker 1: ...And so then I realized. All this stuff I had been doing. proposing to Joshua, lying to [E2]Ross[/E2] about why I couldn’t come to the wedding. Was all just a way of...",negative,0.9,"the speaker is reflecting on past actions, revealing a sense of regret, guilt, or self-awareness, indicating a negative emotional attribution toward themselves. the use of phrases like ""lying to"" and"
conv_303,Joey,Speaker 2,[Turn 8] [SPEAKER] Speaker 2: Or! I should rush through dinner with [E1]Joey[/E1] and I can meet David at 9:00!,positive,0.9,"the speaker is planning to meet david at 9:00, which implies a social engagement. the tone is casual and friendly, with no apparent conflict or negative emotions."
conv_575,Speaker 1,Aunt Sheryl,"[Turn 4] [SPEAKER] Speaker 1: So I finally heard back from [E2]Aunt Sheryl[/E2] and apparently it wasn’t a mistake. Ahh, there’s-there’s limited seating in the hall.",positive,0.9,"the speaker expresses relief and surprise, indicating a positive emotional attribution toward the target (aunt sheryl). the tone is casual and conversational, suggesting a friendly and familiar relati"
conv_166,Speaker 1,Jean-Claude Van Damme,"[Turn 3] [SPEAKER] Speaker 1: [E2]Jean-Claude Van Damme[/E2]. I didn't know he was in this movie, he is so hot.",positive,0.9,"the speaker uses language of admiration, attraction, or enthusiasm, indicating a favorable social bond and positive emotional attribution toward the target."
conv_286,Emily,Speaker 1,"[Turn 14] [SPEAKER] Speaker 3: Oh! Whoops! I’m sorry, you were talking about [E1]Emily[/E1]!",negative,0.8,"the speaker uses language of apology, regret, or remorse, indicating a negative emotional attribution toward the target."
conv_599,Emma,Speaker 2,"[Turn 13] [SPEAKER] Speaker 1: Okay, oh, and [E1]Emma[/E1] needs a cowgirl outfit for the competition.",neutral,0.8,"the speaker is providing information about a specific request, indicating a neutral emotional attribution."
conv_944,Lilly,Speaker 2,"[Turn 18] [SPEAKER] Speaker 2: Y'know, I don't think I want the lipstick that much. But umm… Oh, would you do me a favor? And umm, would you, would you give [E1]Lilly[/E1] that, please?",positive,0.8,"the speaker is asking for a favor, which indicates a sense of trust and social bond between the speaker and the target. the speaker is also showing consideration for someone else (lilly), which adds t"
conv_296,Speaker 1,New York,[Turn 8] [SPEAKER] Speaker 3: [E2]New York[/E2].,neutral,0.8,"the speaker mentions a location, which does not contain emotional language or social cues, making it difficult to determine the emotional attribution."
conv_265,Speaker 2,Rachel,"[Turn 8] [SPEAKER] Speaker 2: Uh, really good. Really good. Yeah, I should be ready to kill myself any day now. Wow, you sure found that quick. I just—I wish I didn’t feel this way about [E2]Rachel[/E2] anymore, y’know? I wish things could go back to normal. I mean, I love living with her and God, helping out with the baby is just amazing, but now I think…I think Ross feels left out. Y’know? When I had to take [E2]Rachel[/E2] to the hospital, the doctor thought I was the father. God… You should’ve seen the look on Ross’s face. By the way, I have no idea what I’m doing here. For all I know I’m just locking it more. Oh hey, did you try opening it with a credit card?",negative,0.9,"the speaker expresses feelings of sadness, regret, and frustration, indicating a negative emotional attribution toward the subject. the speaker also mentions a sense of disconnection and longing for a"
conv_413,Speaker 6,Alan,[Turn 9] [SPEAKER] Speaker 1: Can I ask you guys a question? D'you ever think that [E2]Alan[/E2] is maybe.. sometimes..,neutral,0.8,"the speaker is asking a question, which is a neutral and non-confrontational act. the speaker is also using a tentative phrase (""maybe.. sometimes.."") which suggests a lack of strong emotional commitm"
conv_329,Speaker 1,Amy,[Turn 1] [SPEAKER] Speaker 1: Um look I was thinking... If its ok with Monica I would like to invite [E2]Amy[/E2] to Thanksgiving.,positive,0.9,"the speaker is expressing a desire to invite someone to a social event, indicating a positive emotional attribution toward the target. the use of phrases like ""if it's ok with monica"" suggests a consi"
conv_4,Ross,Speaker 1,"[Turn 1] [SPEAKER] Speaker 1: Now, Mom, everything's going fine, really. Yeah, [E1]Ross[/E1] is great. He's uh, he's in a whole other place. No, he's gone. No no, you don't have to fly back, really. What do you mean this might be your only chance? Would you stop? I'm only 26, I'm not even thinking about babies yet.",positive,0.9,"the speaker uses language of concern, empathy, and understanding, indicating a positive emotional attribution toward the target. the speaker is trying to reassure the target and alleviate their concer"
conv_290,Speaker 1,Brian,[Turn 15] [SPEAKER] Speaker 1: Excuse me? You don't think I could get a [E2]Brian[/E2]? Because I could get a [E2]Brian[/E2]. Believe you me. ...I'm really not.,positive,0.9,"the speaker uses language of assertiveness, confidence, and self-assurance, indicating a positive emotional attribution toward themselves. the speaker also uses language of persuasion, trying to convi"
conv_267,Speaker 1,Chandler,"[Turn 2] [SPEAKER] Speaker 2: I still love you. And I know I probably shouldn’t even be here telling you this, I mean you’re with [E2]Chandler[/E2] a guy I really like, and if you say he’s straight I’ll believe you! After seeing ya the other night I knew if I didn’t tell ya I’d regret it for the rest of my life. Letting you go was the stupidest thing I ever did.",positive,0.95,"the speaker expresses strong emotions of love, regret, and vulnerability, indicating a deep emotional connection and attachment to the subject. the speaker's words convey a sense of longing and yearni"
conv_250,Monica,Speaker 4,"[Turn 10] [SPEAKER] Speaker 4: It was pretty simple actually, I came up with a couple of cost-cutting solutions, wrote out a list and [E1]Monica[/E1] told me to go to hell.",negative,0.9,"the speaker uses language of conflict, social rejection, or hostile intent, indicating a negative emotional attribution between the parties."
conv_77,Joey,Speaker 2,"[Turn 4] [SPEAKER] Speaker 2: I don't know, you know, just the way she waltzed in here all smart, and tall! You know, and just swept [E1]Joey[/E1] off his feet... I mean, nobody else has a chance!",negative,0.8,"the speaker uses language of criticism, jealousy, or resentment, indicating a negative emotional attribution toward the subject. the speaker describes the subject as ""smart"" and ""tall"", which could be"
conv_474,Speaker 5,Knicks,"[Turn 11] [SPEAKER] Speaker 5: Ooh, ooh, I know! We should pool all own money and buy the [E2]Knicks[/E2]!",positive,0.9,"the speaker uses language of excitement, enthusiasm, or shared experience, indicating a positive social bond and positive emotional attribution toward the target."
conv_3,Speaker 2,Emma,[Turn 4] [SPEAKER] Speaker 2: Guess what? I made [E2]Emma[/E2] laugh today.,positive,0.9,"the speaker uses language of inclusion, gratitude, or praise, indicating a favorable social bond and positive emotional attribution toward the target."
conv_58,Susan,Ben,[Turn 11] [SPEAKER] Speaker 1: Right. Are you looking for Jack’s parents to discuss the problems he’s having with [E2]Ben[/E2]? Yeah. Because I really do think the parents should sit down and have a conversation.,neutral,0.8,"the speaker is asking about a potential conversation between jack's parents and ben, indicating a neutral or task-oriented tone. there is no emotional charge or interpersonal sentiment in this sentenc"
conv_386,Minnie,Speaker 2,"[Turn 9] [SPEAKER] Speaker 1: Still, you- you say [E1]Minnie[/E1], you hear Mouse. Um, how about, um.. how about Julia?",neutral,0.8,"the speaker is trying to initiate a conversation, but the language used is hesitant and uncertain, indicating a lack of emotional charge or interpersonal sentiment. the speaker is not using language o"
conv_804,Rachel,Speaker 2,"[Turn 21] [SPEAKER] Speaker 1: Well, I guess having [E1]Rachel[/E1] back wouldn’t be the worst thing in the world.",neutral,0.8,"the speaker expresses a neutral sentiment, neither strongly positive nor negative, about having rachel back. the phrase ""wouldn't be the worst thing in the world"" implies a lack of strong enthusiasm o"
conv_117,Speaker 1,Joey,[Turn 5] [SPEAKER] Speaker 1: I don’t know! [E2]Joey[/E2] hasn’t had this much trouble getting out words since we saw him in Macbeth!,negative,0.9,"the speaker uses language of frustration, confusion, or annoyance, indicating a negative emotional attribution toward the target."
conv_599,Emma,Speaker 2,"[Turn 7] [SPEAKER] Speaker 1: Okay, but, well, before you say no, my friend Susanne is entering her kid and compared to [E1]Emma[/E1] she's a real dog!",negative,0.9,"the interaction contains elements of conflict, social rejection, or hostile intent, as the speaker is comparing someone unfavorably to another person. this implies a negative emotional attribution bet"
conv_197,Speaker 2,Richard,[Turn 6] [SPEAKER] Speaker 2: The [E2]Richard[/E2].,neutral,0.9,"the speaker is addressing someone named richard, which does not contain any emotional language or conflict."
conv_974,Ben,Carol,[Turn 7] [SPEAKER] Speaker 1: Well it turns out that [E1]Ben[/E1] and Sting’s son do not get along.,neutral,0.9,"the speaker uses a neutral tone and does not express any emotional sentiment towards the subject or object. the sentence is a statement of fact, providing information about a situation."
conv_74,Mrs. Braverman,Speaker 1,"[Turn 6] [SPEAKER] Speaker 2: Chandler, this is not addressed to you. This is addressed to [E1]Mrs. Braverman[/E1] downstairs. Thief.",neutral,0.8,"the speaker uses language of authority, directness, and specificity, indicating a neutral or potentially negative emotional attribution toward the target. the tone is formal and matter-of-fact, withou"
conv_170,Ethel,Speaker 2,"[Turn 9] [SPEAKER] Speaker 2: Yeah, did she sound happy about it? 'Cause my friend [E1]Ethel[/E1]'s baby was born with a teeny, tiny beard.",positive,0.8,"the speaker is asking about someone's emotional state, specifically whether they sounded happy, which implies a concern for the person's well-being. the mention of a friend's baby with a beard is an u"
conv_356,Veronica,Joey,"[Turn 8] [SPEAKER] Speaker 4: Are you insane? I mean [E2]Joey[/E2], is going to kill you, he's actually going to kill you dead.",negative,0.9,"the speaker uses language of strong negative emotion, specifically anger and frustration, indicating a strong negative emotional attribution toward the target."
conv_866,Speaker 1,Mona,"[Turn 2] [SPEAKER] Speaker 2: Oh hey! Hey Ross! Hey how’s it, how’s it going with you and [E2]Mona[/E2]? Are you guys still together?",positive,0.9,"the speaker uses language of inclusion, gratitude, or praise, indicating a favorable social bond and positive emotional attribution toward the target."
conv_312,Emily,Susan,[Turn 9] [SPEAKER] Speaker 3: You actually think that something can happen between [E1]Emily[/E1] and [E2]Susan[/E2]?,negative,0.8,"the speaker is expressing skepticism or doubt about the possibility of a romantic relationship between emily and susan, indicating a negative emotional attribution between the parties."
conv_947,Speaker 2,Rover,"[Turn 10] [SPEAKER] Speaker 2: Oh, is it? Is it? Look, when Monica and I were kids, we had a dog named [E2]Rover[/E2]. And, uh, one day, my dad decides, he doesn't like dogs. So Monica and her friend…Phyllis…take away the dog. And that was the last time we ever saw him. Don't you see? This is just like that. Only with a few details changed.",positive,0.9,"the speaker uses a metaphor to describe a past event, which is a way of expressing emotional connection and shared experience. the speaker also uses a rhetorical question to emphasize the emotional si"
conv_804,Rachel,Speaker 1,"[Turn 2] [SPEAKER] Speaker 2: Yeah, I'm a friend of [E1]Rachel[/E1] Green's. Uhm, actually we met at the Christmas party about two years ago.",neutral,0.8,"the speaker introduces themselves as a friend of rachel green's, indicating a positive social bond. the tone is casual and friendly, suggesting a neutral emotional attribution."
conv_265,Rachel,Speaker 2,"[Turn 8] [SPEAKER] Speaker 2: Uh, really good. Really good. Yeah, I should be ready to kill myself any day now. Wow, you sure found that quick. I just—I wish I didn’t feel this way about [E1]Rachel[/E1] anymore, y’know? I wish things could go back to normal. I mean, I love living with her and God, helping out with the baby is just amazing, but now I think…I think Ross feels left out. Y’know? When I had to take [E1]Rachel[/E1] to the hospital, the doctor thought I was the father. God… You should’ve seen the look on Ross’s face. By the way, I have no idea what I’m doing here. For all I know I’m just locking it more. Oh hey, did you try opening it with a credit card?",negative,0.9,"the speaker expresses feelings of guilt, regret, and frustration, indicating a negative emotional attribution toward the subject (rachel). the speaker also mentions ross's feelings of being left out,"
conv_311,Ross,Speaker 1,"[Turn 2] [SPEAKER] Speaker 2: I don't know. I don't know... I thought about it all the way there, and I thought about it all the way back... and, uh, oh, you guys, y'know, it's [E1]Ross[/E1]. Y'know what I mean? I mean, it's [E1]Ross[/E1].",neutral,0.7,"the speaker seems to be hesitant and uncertain, using phrases like ""i don't know"" and ""y'know what i mean?"" which indicates a lack of confidence or clarity. the mention of ross's name also implies a s"
conv_33,Speaker 1,Mrs. Verhoeven,[Turn 4] [SPEAKER] Speaker 2: I-I heard about [E2]Mrs. Verhoeven[/E2] passing away and I’m so sorry for your loss.,negative,0.9,"the speaker expresses condolences and sympathy, indicating a negative emotional attribution toward the subject (the deceased person)."
conv_845,Ross,Speaker 2,[Turn 4] [SPEAKER] Speaker 2: I’m just bummed about the way I left things with [E1]Ross[/E1]. I shouldn’t have lied to him about having to work. He seemed so mad at me.,negative,0.9,"the speaker expresses regret and remorse for their actions, indicating a negative emotional attribution toward the target (ross). the use of words like ""bummed"" and ""lied"" also convey a sense of guilt"
conv_297,Monica,Richard,[Turn 5] [SPEAKER] Speaker 2: I didn't know [E1]Monica[/E1] had these!,neutral,0.9,"the speaker's tone is neutral, and the sentence lacks emotional charge or interpersonal sentiment. the speaker is simply stating a fact about monica."
conv_947,Monica,Phyllis,[Turn 1] [SPEAKER] Speaker 1: Where's [E1]Monica[/E1]?,neutral,0.8,"the dialogue is task-oriented, logistical, or observational. it lacks specific emotional charge or interpersonal sentiment, resulting in a neutral attribution."
conv_678,Rachel,Speaker 2,[Turn 1] [SPEAKER] Speaker 1: How could you not tell Mona that [E1]Rachel[/E1] is living with you?,negative,0.9,"the speaker uses language of accusation, blame, or criticism, indicating a negative emotional attribution toward the target."
conv_217,Speaker 2,Rachel,"[Turn 6] [SPEAKER] Speaker 2: Y’know, I really have to tell [E2]Rachel[/E2], but I… We just have to get it over with! Y’know, the next time we see them we’re just gonna tell them. Okay? That’s it.",negative,0.8,"the speaker is hesitant to share information with someone, indicating a sense of discomfort or unease. the use of phrases like ""i really have to tell"" and ""we just have to get it over with"" suggests a"
conv_58,Carol,Ben,[Turn 9] [SPEAKER] Speaker 1: I’ve only met your partner [E1]Carol[/E1].,neutral,0.8,"the speaker is referring to a past relationship or acquaintance, which may have had a negative emotional connotation. however, the tone is neutral and lacks any explicit emotional language."
conv_131,Speaker 2,Sarah,[Turn 7] [SPEAKER] Speaker 1: What are you talking about? [E2]Sarah[/E2]'s great!,neutral,0.8,"the speaker uses a question to clarify the conversation, indicating a neutral emotional attribution toward the target."
conv_135,Janice,Speaker 5,"[Turn 12] [SPEAKER] Speaker 4: Pathetic mess? I know, but—come on, man, she's needy, she's vulnerable. I'm thinkin', cha-ching! Thanks. Look, you have not been out with a woman since [E1]Janice[/E1]. You're doin' this.",negative,0.9,"the speaker uses language of manipulation, exploitation, and objectification, indicating a negative emotional attribution toward the subject. the speaker is trying to take advantage of the subject's v"
conv_276,Speaker 3,Ross,[Turn 8] [SPEAKER] Speaker 1: That's not [E2]Ross[/E2]!,neutral,0.8,"the speaker is addressing someone, likely a friend or acquaintance, and is using a familiar tone. the sentence lacks any explicit emotional language or conflict, indicating a neutral emotional attribu"
conv_435,Speaker 4,Janine,"[Turn 3] [SPEAKER] Speaker 1: I had to get out of the apartment. [E2]Janine[/E2] is like stretching all over the place. Y’know, everywhere I look she’s like…",negative,0.8,"the speaker uses language of frustration, annoyance, or irritation, indicating a negative emotional attribution toward the target."
conv_892,Karen,Brittany,"[Turn 11] [SPEAKER] Speaker 1: Well, see when you're acting you need to think about stuff like that. My character, Joseph the processor guy, has two little girls, Ashley and [E2]Brittany[/E2]. Ashley copies everything [E2]Brittany[/E2] does.",neutral,0.8,"the speaker is discussing a character's family and behavior, indicating a neutral emotional attribution."
conv_208,Wallis,Mr. Pincer,"[Turn 11] [SPEAKER] Speaker 1: Yeah, totally! You are in such good hands. And I'm so good with meeting parents. With the father, you know, you want to flirt a little bit, but not in a gross way. Just kind of like: ""Oh [E2]Mr. Pincer[/E2], I can see where [E1]Wallis[/E1] gets his good looks...""",positive,0.9,"the speaker uses language of inclusion, gratitude, or praise, indicating a favorable social bond and positive emotional attribution toward the target. the speaker also uses a lighthearted and playful"
conv_592,Speaker 2,Lee Majors,"[Turn 7] [SPEAKER] Speaker 2: Yeah! How would you like it if I sent you to [E2]Lee Majors[/E2]’ house and told you that he liked you, and you went down there and you found out that he didn’t like you? How would you feel?",positive,0.9,"the speaker uses a hypothetical scenario to express empathy and understanding, indicating a favorable social bond and positive emotional attribution toward the target."
conv_59,Speaker 4,Knicks,"[Turn 14] [SPEAKER] Speaker 2: Joey. Hey Jake, do you like the [E2]Knicks[/E2]?",neutral,0.8,"the speaker uses a casual, informal greeting (""hey jake"") and a question about a shared interest (""do you like the knicks""), indicating a friendly and neutral tone."
conv_457,Ursula,Speaker 1,"[Turn 7] [SPEAKER] Speaker 1: Um, yeah, you want [E1]Ursula[/E1], and I'm Phoebe. Twin sisters! Seriously.",neutral,0.8,"the speaker introduces themselves and their twin sister, indicating a neutral or observational tone. the language used is casual and conversational, lacking strong emotional charge or interpersonal se"
conv_3,Phoebe,Mike,"[Turn 3] [SPEAKER] Speaker 1: I just finished getting [E1]Phoebe[/E1] all dressed to meet [E2]Mike[/E2]'s parents. She's so nervous, it's so sweet!",positive,0.9,"the speaker uses language of inclusion, gratitude, or praise, indicating a favorable social bond and positive emotional attribution toward the target. the speaker describes phoebe's nervousness as ""so"
conv_129,Ross,Speaker 2,[Turn 9] [SPEAKER] Speaker 1: What? Is it - is this 'cause of what [E1]Ross[/E1] said?,negative,0.8,"the speaker's tone and language suggest a sense of surprise, confusion, and possibly even hurt or betrayal. the mention of ross's name implies a personal connection and potentially a past conflict or"
conv_151,Dorothy,Speaker 2,"[Turn 3] [SPEAKER] Speaker 1: Hi, I'm Chandler, and I have no idea who [E1]Dorothy[/E1] is",neutral,0.9,"the speaker introduces themselves and mentions a name, dorothy, without any emotional connotation or interpersonal sentiment. the interaction is task-oriented, logistical, or observational."
conv_608,Speaker 5,Althea,[Turn 21] [SPEAKER] Speaker 3: Are you sure it was [E2]Althea[/E2]?!,neutral,0.9,"the sentence is a question, and the speaker is seeking confirmation about the identity of a person. the tone is neutral, and there is no emotional charge or interpersonal sentiment."
conv_157,Speaker 3,Lennart Haze,[Turn 13] [SPEAKER] Speaker 1: With [E2]Lennart Haze[/E2]?,neutral,0.9,"the dialogue lacks specific emotional charge or interpersonal sentiment, and the speaker's tone is neutral. the sentence appears to be a statement of fact or a reference to a person, without any emoti"
conv_312,Emily,Susan,"[Turn 8] [SPEAKER] Speaker 1: Look, this is just a little too familiar, okay? For like, for like six months before Carol and I spilt up, all I heard was: ""My friend [E2]Susan[/E2] is so smart. My friend [E2]Susan[/E2] is so funny. My friend [E2]Susan[/E2] is so great.""",negative,0.9,"the speaker expresses discomfort and familiarity with the situation, indicating a negative emotional attribution toward the target."
conv_52,Ross,Julie,[Turn 7] [SPEAKER] Speaker 1: What about her? They've only been going out for two weeks. [E1]Ross[/E1] has been in love with you for like 10 years.,negative,0.8,"the speaker expresses skepticism, doubt, or concern about the relationship, indicating a negative emotional attribution toward the target."
conv_63,Brian,Speaker 1,"[Turn 12] [SPEAKER] Speaker 2: Speaking for my people, I'd have to say no. By the way, your friend [E1]Brian[/E1] from Payroll, he is.",positive,0.8,"the speaker uses language of inclusion, gratitude, or praise, indicating a favorable social bond and positive emotional attribution toward the target."
conv_52,Frannie,Speaker 4,"[Turn 19] [SPEAKER] Speaker 5: Yeah, well you call her and tell her that y’know when we were kids her precious little [E1]Frannie[/E1] tried to undress me several times, okay? And if I hadn’t have stopped her, there probably wouldn’t even be a wedding to go too.",negative,0.9,"the speaker uses language of hostility, aggression, or threat, indicating a negative emotional attribution toward the target. the speaker is recalling a past incident and using it to manipulate or con"
conv_808,Speaker 2,MET,"[Turn 18] [SPEAKER] Speaker 2: No, no, no, not the Mets, the [E2]MET[/E2], singular!",positive,0.8,"the speaker uses a playful and humorous tone, indicating a lighthearted and friendly interaction. the use of the word ""no"" in a repetitive manner also suggests a sense of teasing or joking."
conv_711,Speaker 1,Phoebe,"[Turn 13] [SPEAKER] Speaker 1: Ahh! There's gotta be a way. I mean, you know, if Monica and Chandler move out here and now [E2]Phoebe[/E2] is married to Mike. That just leaves me and Ross and Rach, you know what I mean?",positive,0.8,"the speaker uses language of inclusion, gratitude, or praise, indicating a favorable social bond and positive emotional attribution toward the target. the speaker is discussing a hypothetical scenario"
conv_260,Speaker 2,Emma,"[Turn 23] [SPEAKER] Speaker 3: Thank you. I've got to admit, [E2]Emma[/E2] does look cute.",positive,0.9,"the speaker uses language of gratitude, appreciation, or admiration, indicating a positive emotional attribution toward the target."
conv_179,Speaker 2,Chandler,[Turn 4] [SPEAKER] Speaker 2: What-what’s wrong with Monica and [E2]Chandler[/E2]?,neutral,0.8,"the dialogue is task-oriented, logistical, or observational. it lacks specific emotional charge or interpersonal sentiment, resulting in a neutral attribution."
conv_136,Speaker 3,Denise,"[Turn 15] [SPEAKER] Speaker 3: No. No, I won’t. But I should tell you this, this exact same thing happened to my roommate [E2]Denise[/E2]. She moved in with a guy who was secretly married to her and he said he didn’t love her, but he really did, and it just blew up! And that’s how she ended up living with me! Okay, that’s a lie.",negative,0.9,"the speaker uses language of warning, caution, or negative experience, indicating a negative emotional attribution toward the target."
conv_457,Speaker 2,Ursula,"[Turn 7] [SPEAKER] Speaker 1: Um, yeah, you want [E2]Ursula[/E2], and I'm Phoebe. Twin sisters! Seriously.",positive,0.9,"the speaker introduces themselves as phoebe, and mentions twin sisters, which implies a sense of shared identity and connection. the tone is casual and friendly, indicating a positive emotional attrib"
conv_295,Speaker 1,Pottery Barn,"[Turn 14] [SPEAKER] Speaker 2: What? No! No! I am not gonna hide it from Phoebe—Ooh, although I did get some great [E2]Pottery Barn[/E2] sheets!",negative,0.9,"the speaker uses language of frustration, denial, or resistance, indicating a negative emotional attribution toward the target."
conv_775,Monica,Chandler,"[Turn 20] [SPEAKER] Speaker 2: Okay, I can’t believe that [E1]Monica[/E1] and [E2]Chandler[/E2] are getting married. I remember talking about this day with Rachel while we were showering together, naked.",neutral,0.8,"the speaker uses language of surprise, incredulity, or reminiscence, indicating a neutral emotional attribution toward the subject. the speaker's tone is more observational than emotional, focusing on"
conv_84,Speaker 4,Aunt Liddy,[Turn 5] [SPEAKER] Speaker 2: She went to pick up [E2]Aunt Liddy[/E2].,neutral,0.8,the speaker mentions a family member (aunt liddy) without any apparent conflict or negative sentiment. the tone is neutral and informative.
conv_16,Speaker 4,Chappy,"[Turn 5] [SPEAKER] Speaker 2: You know, [E2]Chappy[/E2]'s too small to handle all this snow. Someone's gonna have to walk him down the aisle.",neutral,0.8,"the speaker uses language of concern, responsibility, or practicality, indicating a neutral emotional attribution toward the target."
conv_151,Joey,Speaker 2,[Turn 1] [SPEAKER] Speaker 1: You wanna fool around with [E1]Joey[/E1]?,positive,0.8,"the speaker's tone is playful and flirtatious, indicating a positive emotional attribution toward the target."
conv_108,Phoebe,Rachel,"[Turn 3] [SPEAKER] Speaker 3: You think?! God, I, ah, I’m in hell. I mean what, what am I gonna do? [E2]Rachel[/E2]’s all like, ‘I love you and, and let’s work on this.’ And all I can think about is, ‘What is she gonna do? What is she gonna say?’ when I tell her what I did.",negative,0.9,"the speaker expresses frustration, anxiety, and self-doubt, indicating a negative emotional attribution toward themselves. the mention of rachel's words and actions implies a sense of responsibility a"
conv_61,Geoffrey Cleric,Andrea Tamburino,"[Turn 1] [SPEAKER] Speaker 1: So weird to see all these people again... Oh my God, look, there's [E1]Geoffrey Cleric[/E1].",neutral,0.8,"the speaker uses language of surprise, curiosity, or observation, indicating a neutral emotional attribution toward the target. the speaker's tone is more observational than emotional, focusing on the"
conv_338,Janine,Speaker 1,"[Turn 4] [SPEAKER] Speaker 2: So, is [E1]Janine[/E1] around?",neutral,0.8,"the dialogue is task-oriented, logistical, or observational. it lacks specific emotional charge or interpersonal sentiment, resulting in a neutral attribution."
conv_219,Cassie,Speaker 2,[Turn 1] [SPEAKER] Speaker 1: [E1]Cassie[/E1] needs to stay at your place.,positive,0.8,"the speaker is addressing cassie, indicating a personal or intimate relationship. the request to stay at someone's place implies a level of trust and familiarity, which suggests a positive emotional a"
conv_281,Speaker 4,Nate,[Turn 13] [SPEAKER] Speaker 1: Sense the tone! No that kid [E2]Nate[/E2] got it.,positive,0.9,"the speaker uses a playful tone and a sense of camaraderie, indicating a positive emotional attribution toward the target."
conv_155,Speaker 4,Emily,"[Turn 5] [SPEAKER] Speaker 1: Well, I mean if uh, if [E2]Emily[/E2] gave me a choice…",neutral,0.8,"the speaker seems to be expressing uncertainty or hesitation, which could indicate a lack of confidence or emotional attachment to the subject. the mention of emily also implies a personal connection,"
conv_333,Speaker 2,Ross,[Turn 7] [SPEAKER] Speaker 3: Noo! Oh no! No! God no! He should not get back together with her. I know that! You know that! Even [E2]Ross[/E2] knows that! But that still doesn’t give us the right to erase his message!,negative,0.9,"the speaker expresses strong emotional disapproval and frustration, indicating a negative emotional attribution toward the subject. the use of emphatic language (""noo!"", ""god no!"") and the repetition"
conv_808,Speaker 2,MET,"[Turn 18] [SPEAKER] Speaker 2: No, no, no, not the Mets, the [E2]MET[/E2], singular!",positive,0.8,"the speaker uses a playful and humorous tone, indicating a lighthearted and friendly interaction. the use of the word ""no"" in a repetitive manner also suggests a sense of teasing or joking."
conv_160,Emma,Speaker 1,"[Turn 14] [SPEAKER] Speaker 2: Space is filled with orbiting children. Look, please, just come on, you know, when you see the look on [E1]Emma[/E1]'s face, I swear you won't regret it.",positive,0.9,"the speaker uses language of persuasion, inclusion, and emotional appeal, indicating a positive social bond and emotional attribution toward the target. the speaker is trying to convince the listener"
conv_721,Spackel Back Harry,Speaker 1,"[Turn 3] [SPEAKER] Speaker 1: Hey, don’t call him that! His name is [E1]Spackel Back Harry[/E1]!",positive,0.9,"the speaker uses language of protection, defense, or advocacy, indicating a positive emotional attribution toward the target."
conv_108,Rachel,Speaker 3,"[Turn 2] [SPEAKER] Speaker 2: Yeah. We figured when we couldn’t find you, you’d gone home to make up with [E1]Rachel[/E1]. Which is probably what you shoulda done. Huh?",negative,0.9,"the speaker uses language of criticism, blame, or disapproval, indicating a negative emotional attribution toward the subject. the speaker implies that the subject should have made up with rachel, whi"
conv_853,Speaker 4,Match game,"[Turn 10] [SPEAKER] Speaker 4: Except for ""[E2]Match game[/E2]""...",neutral,0.8,"the sentence lacks specific emotional charge or interpersonal sentiment, and the context is unclear. it appears to be a reference to a game or activity, but without more information, it's difficult to"
conv_233,Chandler,Monica,"[Turn 1] [SPEAKER] Speaker 1: I’d like to propose a toast. To [E2]Monica[/E2] and [E1]Chandler[/E1], the greatest couple in the world. And my best friends. Now, my when I first found out they were getting married I was, I was a little angry. I was like, ""Why God? Why? How can you take them away from me?!"" But then I thought back over all our memories together, some happy memories. And-and there was some sad memories. I’m sorry. And-and some scared memories—Whoa! Eh? And then, and then I realized I’ll always be their friend, their friend who can speak in many dialects and has training in stage combat and is willing to do partial nudity. Oh! To the happy couple!",positive,0.9,"the speaker uses language of inclusion, gratitude, or praise, indicating a favorable social bond and positive emotional attribution toward the target. the speaker also acknowledges their initial anger"
conv_139,Phoebe,Speaker 4,"[Turn 6] [SPEAKER] Speaker 2: Wow! I mean, I just—I can’t, I can’t believe this. Y’know, I mean you think you know someone even, even [E1]Phoebe[/E1] who’s always been somewhat of a question mark.",neutral,0.7,"the speaker uses language of shock, surprise, and emotional turmoil, indicating a complex emotional attribution toward the subject. the speaker's tone is more introspective and self-doubting, suggesti"
conv_489,Speaker 2,Ross,[Turn 18] [SPEAKER] Speaker 2: What handsome is not your type? Smart? Kind? Good kisser? What those things aren’t on your list? [E2]Ross[/E2] is a great guy! You would be lucky to be with him!,positive,0.95,"the speaker uses language of inclusion, gratitude, or praise, indicating a favorable social bond and positive emotional attribution toward the target. the speaker is also expressing a strong opinion a"
conv_28,Carol,Ben,[Turn 5] [SPEAKER] Speaker 1: When [E1]Carol[/E1] was pregnant with [E2]Ben[/E2]…,neutral,0.8,"the speaker mentions a person (carol) and a family member (ben) in a neutral context, indicating a neutral emotional attribution."
conv_170,Erica,Jack,"[Turn 30] [SPEAKER] Speaker 2: Oh, [E2]Jack[/E2] Bing. I love that. Ooh, it sounds like a '40s newspaper guy, you know? ""[E2]Jack[/E2] Bing, Morning Gazette. I'm gonna blow this story wide open!""",positive,0.9,"the speaker uses language of enthusiasm, excitement, and playfulness, indicating a positive emotional attribution toward the subject. the use of the phrase ""i love that"" and the tone of the sentence s"
conv_762,Speaker 1,Ross,"[Turn 8] [SPEAKER] Speaker 2: I—Rachel, you can’t go! [E2]Ross[/E2] loves Emily!",negative,0.9,"the speaker uses language of exclusion, prohibition, or rejection, indicating a negative emotional attribution toward the target."
conv_10,Speaker 7,Judy,"[Turn 11] [SPEAKER] Speaker 4: She spit up. [E2]Judy[/E2]! She spi...[E2]Judy[/E2]! Look alive, [E2]Judy[/E2]! Thank you.",positive,0.9,"the speaker uses language of urgency, concern, and gratitude, indicating a positive emotional attribution toward the target."
conv_714,Speaker 2,Fun Bobby,"[Turn 2] [SPEAKER] Speaker 2: I'm sorry, okay. It's just that Chandler has somebody, and Phoebe has somebody- I thought I'd ask [E2]Fun Bobby[/E2].",positive,0.8,"the speaker expresses regret and apology, indicating a willingness to compromise and maintain a positive social bond. the mention of chandler and phoebe having someone else implies a sense of social c"
conv_115,Speaker 2,Chi-Chi,[Turn 4] [SPEAKER] Speaker 2: It’s a dead dog. That’s [E2]Chi-Chi[/E2]; she died when I was in high school.,negative,0.9,"the speaker uses language of loss, grief, or mourning, indicating a negative emotional attribution toward the subject (chi-chi)."
conv_912,Speaker 1,Ernie Cofax,"[Turn 4] [SPEAKER] Speaker 2: I'm sorry, it's just this [E2]Ernie Cofax[/E2] thing on in a few minutes I wanted to watch.",neutral,0.8,"the speaker expresses a desire to watch a tv show, indicating a neutral emotional attribution toward the target."
conv_276,Jo,Laurie,"[Turn 17] [SPEAKER] Speaker 4: All right, okay, [E2]Laurie[/E2] proposes to [E1]Jo[/E1], and she says no, even though she’s still in love with him, and then he ends up marrying Amy.",neutral,0.8,"the dialogue is task-oriented, logistical, or observational. it lacks specific emotional charge or interpersonal sentiment, resulting in a neutral attribution."
conv_199,Speaker 1,Rachel,"[Turn 9] [SPEAKER] Speaker 2: She said, ""He’s obviously still in love with this [E2]Rachel[/E2] girl.""",negative,0.9,"the speaker is expressing a negative opinion about the subject's emotional state, indicating a negative emotional attribution."
conv_223,Speaker 1,Barry,"[Turn 22] [SPEAKER] Speaker 2: Okay, okay... when [E2]Barry[/E2] was engaged to you, he and I...kind of... had a little thing on the side.",negative,0.9,"the speaker uses language of secrecy, guilt, or shame, indicating a negative emotional attribution toward the target. the speaker also implies a betrayal of trust, which further reinforces the negativ"
conv_1,Speaker 1,Albert Wintermeyer,[Turn 5] [SPEAKER] Speaker 1: You... you dated [E2]Albert Wintermeyer[/E2]?,neutral,0.8,"the speaker's tone is inquiring, and the question is about a past relationship. this suggests a neutral or casual tone, without any apparent emotional charge or interpersonal sentiment."
conv_181,Tracy,Speaker 1,"[Turn 1] [SPEAKER] Speaker 1: I Think last night was great. You know, the Karaoke thing. [E1]Tracy[/E1] and I doing Ebony and Ivory.",positive,0.9,"the speaker uses language of praise, gratitude, or appreciation, indicating a favorable social bond and positive emotional attribution toward the target. the tone is lighthearted and playful, suggesti"
conv_63,Speaker 2,Brian,"[Turn 15] [SPEAKER] Speaker 1: Out of my league. I could get a [E2]Brian[/E2].  If I wanted to get a [E2]Brian[/E2], I could get a [E2]Brian[/E2]. Hey, [E2]Brian[/E2].",negative,0.9,"the speaker uses language of self-deprecation, self-doubt, and frustration, indicating a negative emotional attribution toward themselves and potentially others."
conv_217,Speaker 1,Joey,"[Turn 5] [SPEAKER] Speaker 1: No, no, I keep trying, y’know? I can get out, ""[E2]Joey[/E2], I have too…"" but then I lose my nerve and I always finish with, ""…go to the bathroom."" He may think I’m sick.",negative,0.8,"the speaker is expressing frustration and disappointment about their inability to overcome their fear and take action. the use of ""i keep trying"" and ""i have too"" suggests a sense of determination, bu"
conv_55,Speaker 2,Ben,[Turn 2] [SPEAKER] Speaker 2: How 'bout [E2]Ben[/E2]?,neutral,0.9,"the speaker uses a neutral tone and does not express any strong emotions or sentiments. the sentence is a suggestion or proposal, lacking any specific emotional charge or interpersonal sentiment."
conv_73,Rachel,Ross,[Turn 13] [SPEAKER] Speaker 1: Yeah that’s [E1]Rachel[/E1]. Beat me over the head with it.,negative,0.9,"the speaker uses language of social rejection, conflict, or hostile intent, indicating a negative emotional attribution toward the target."
conv_178,Mike,Speaker 2,[Turn 13] [SPEAKER] Speaker 2: I just can't believe that [E1]Mike[/E1] didn't give me any warning.,negative,0.9,"the speaker expresses surprise, disappointment, or frustration, indicating a negative emotional attribution toward the subject (mike)."
conv_698,Adam Ritter,Speaker 2,"[Turn 16] [SPEAKER] Speaker 2: Ok, Barry's letters. [E1]Adam Ritter[/E1]'s boxer shorts.",neutral,0.7,"the speaker mentions a person's name (barry) and a specific item (boxer shorts), which may indicate a casual or familiar tone. however, the tone is not overtly positive or negative, and the context is"
conv_124,Sue,Jen,"[Turn 6] [SPEAKER] Speaker 2: By the way, do you know who's moving back into town? Tom and [E1]Sue[/E1]'s daughter [E2]Jen[/E2].",neutral,0.8,"the dialogue is task-oriented, logistical, or observational. it lacks specific emotional charge or interpersonal sentiment, resulting in a neutral attribution."
conv_178,Mike,Speaker 2,"[Turn 18] [SPEAKER] Speaker 2: Screw you, [E1]Mike[/E1]. You're a coward and a bastard, and I hope you rot in hell.",negative,0.95,"the speaker uses extremely aggressive and derogatory language, indicating a strong negative emotional attribution toward the target."
conv_964,Ross,Speaker 1,[Turn 3] [SPEAKER] Speaker 3: [E1]Ross[/E1] couldn't fit down the trash chute.,neutral,0.8,"the speaker is referring to a past event or situation, using a third-person singular pronoun (""he"") and a specific name (""ross""). the context is neutral, without any emotional charge or interpersonal"
conv_70,Speaker 1,Marcel,"[Turn 4] [SPEAKER] Speaker 1: Are you insane? C'mere, [E2]Marcel[/E2], c'mon.",negative,0.9,"the speaker uses language of aggression, hostility, or anger, indicating a negative emotional attribution toward the target."
conv_1040,Joey,Speaker 1,[Turn 15] [SPEAKER] Speaker 4: How do you think it's gonna look when you get her something incredibly meaningful and expensive and her boyfriend [E1]Joey[/E1] gives her an orange?,negative,0.9,"the speaker's tone is sarcastic and critical, implying that the gift is not meaningful or expensive enough, and that joey's gift of an orange is inadequate. this suggests a negative emotional attribut"
conv_353,Tim,Speaker 2,"[Turn 2] [SPEAKER] Speaker 2: Hey. Okay, I gave him another chance, but [E1]Tim[/E1] has got to go!",negative,0.8,"the speaker uses a direct and assertive tone, indicating a sense of urgency and finality. the phrase ""has got to go"" implies a strong emotional attachment to the decision, which may be perceived as ne"
conv_91,Jill,Speaker 1,"[Turn 17] [SPEAKER] Speaker 1: Oh my God! I can not believe that! I mean I don’t really like it when Ross goes out with anyone, but my sister isn’t that like incest or something?! Oh my God, and they’re gonna have sex! Oh! Oh no what if he marries her too?! Oh this is just terrible, this is just terrible. And I can’t stop it! I can’t—I don’t own Ross! Y’know? And [E1]Jill[/E1], she should be able to do whatever it is that she wants to do! And oh my God, I can’t believe Ross is marrying my little sister, this terrible. Oh my God, this is just the worst thing that could have ever happened to me.",negative,0.95,"the speaker expresses strong negative emotions, including shock, disgust, and despair, in response to the news about ross and her sister. the speaker's language is hyperbolic and exaggerated, indicati"
conv_318,Speaker 1,Charlie,"[Turn 5] [SPEAKER] Speaker 1: I'm telling you, Rach, [E2]Charlie[/E2] is not right for me!",negative,0.9,"the speaker uses language of exclusion, criticism, or rejection, indicating a negative emotional attribution toward the target."
conv_276,Speaker 3,Kip,[Turn 14] [SPEAKER] Speaker 2: Who cares? You're Rachel! Who's [E2]Kip[/E2]?,negative,0.8,"the speaker uses language of social rejection, conflict, or hostile intent, indicating a negative emotional attribution toward the target."
conv_845,Speaker 2,Ross,[Turn 14] [SPEAKER] Speaker 2: You all know? Does [E2]Ross[/E2] know?,neutral,0.8,"the speaker asks a question, which is a neutral inquiry, and does not contain any emotional charge or interpersonal sentiment. the mention of ross does not provide enough context to infer a specific e"
conv_622,Speaker 4,G.Stephanopoulos,"[Turn 3] [SPEAKER] Speaker 1: Wait, you're not '[E2]G.Stephanopoulos[/E2]?' Man, my dad's gonna kill me!",negative,0.9,"the speaker uses language of surprise, embarrassment, or concern, indicating a negative emotional attribution toward the target. the speaker's father's reaction is implied to be negative, which adds t"
conv_286,Carol,Speaker 1,"[Turn 9] [SPEAKER] Speaker 1: Yeah, well my-my ex-wife and I share custody of Ben and umm, uh, and just so you know, [E1]Carol[/E1] and I are on excellent terms as I’m sure you are with your wife! Oh, I’m sorry! It’s unbelievable!",positive,0.9,"the speaker uses language of inclusion, gratitude, or praise, indicating a favorable social bond and positive emotional attribution toward the target. the speaker also mentions a shared experience wit"
conv_15,Speaker 1,Bob,[Turn 1] [SPEAKER] Speaker 1: Thank you. So what does this [E2]Bob[/E2] guy look like? Is he tall? Short?,neutral,0.9,"the dialogue is task-oriented, logistical, or observational. the speaker is asking a question about a person's physical appearance, which lacks specific emotional charge or interpersonal sentiment, re"
conv_891,Terry,Speaker 2,"[Turn 6] [SPEAKER] Speaker 2: I can't! It's too late! [E1]Terry[/E1] already hired that girl over there. Look at her, she's even got waitress experience. Last night she was teaching everybody how to make napkin.... swans.",negative,0.9,"the speaker expresses frustration, disappointment, and possibly anger due to the situation. the use of ""can't"" and ""it's too late"" implies a sense of hopelessness. the speaker also seems to be critici"
conv_159,Speaker 2,Rachel,"[Turn 7] [SPEAKER] Speaker 2: And I guess, you know, sometimes, she's a little ditzy, you know. And I've seen her be a little too into her looks. Oh, and Julie and I, we have a lot in common 'cause we're both paleontologists, but [E2]Rachel[/E2]'s just a waitress.",negative,0.9,"the speaker uses language of criticism, judgment, or disapproval, indicating a negative emotional attribution toward the target. the speaker describes rachel as ""a little ditzy"" and ""too into her look"
conv_489,Ross,Speaker 2,"[Turn 12] [SPEAKER] Speaker 2: Oh not-not so much. Umm, what-what do you, what do you mean is there something wrong with [E1]Ross[/E1]?",neutral,0.8,"the speaker seems hesitant and uncertain, using phrases like ""oh not-not so much"" and ""umm"", indicating a lack of confidence or clarity. the question ""what do you mean is there something wrong with ro"
conv_957,Speaker 1,Sting,"[Turn 7] [SPEAKER] Speaker 1: [E2]Sting[/E2]’s son, seven years old and there’s a picture.",neutral,0.9,"the speaker mentions sting's son, which is a neutral topic. there is no emotional charge or interpersonal sentiment in this sentence, indicating a neutral attribution."
conv_32,Chandler,Speaker 1,"[Turn 3] [SPEAKER] Speaker 1: Is ah, is [E1]Chandler[/E1] around?",neutral,0.8,"the speaker is asking about the whereabouts of chandler, indicating a neutral or casual inquiry without any emotional connotation."
conv_232,Speaker 3,Dick’n Rock’n Dickie Eve,[Turn 3] [SPEAKER] Speaker 1: I just got a call to be a dancer on a television special for New Year’s Eve. It’s called some sort of [E2]Dick’n Rock’n Dickie Eve[/E2].,positive,0.9,"the speaker shares a positive event, a job opportunity, and uses a playful tone, indicating a positive emotional attribution toward the target."
conv_345,Speaker 1,Ross,"[Turn 2] [SPEAKER] Speaker 2: OK, you've got to promise that you'll never, ever tell [E2]Ross[/E2] that I told you.",positive,0.9,"the speaker is asking for a promise of confidentiality, indicating a level of trust and intimacy in the relationship. the speaker is also showing vulnerability by sharing a secret, which suggests a st"
conv_759,Lilly,Francis,[Turn 5] [SPEAKER] Speaker 1: [E1]Lilly[/E1]'s dead.,neutral,0.9,"the sentence is a statement of fact, and it does not contain any emotional language or interpersonal sentiment. it is a neutral statement."
conv_219,Cassie,Speaker 2,"[Turn 7] [SPEAKER] Speaker 2: Fine, she can stay at my place. By the way, what-what does [E1]Cassie[/E1] even look like now.",neutral,0.9,"the speaker's tone is neutral, and the sentence does not contain any explicit emotional language. the speaker is simply stating a fact and making a neutral inquiry about cassie's appearance."
conv_199,Speaker 4,Italian-American,"[Turn 10] [SPEAKER] Speaker 2: Okay, all right, how's this? 27. [E2]Italian-American[/E2] guy. He's an actor, born in Queens. Wow, big family, seven sisters, and he's the only....boy. Oh my God, under personal comments: 'New York Knicks, rule!'",positive,0.8,"the speaker uses a lighthearted and playful tone, making a humorous comment about the subject's family and personal interests. the use of the phrase ""oh my god"" adds to the playful and non-serious nat"
conv_547,Janice,Speaker 1,"[Turn 11] [SPEAKER] Speaker 5: No, I mean you break up with [E1]Janice[/E1] and I'll break up with Tony.",negative,0.9,"the speaker is making a proposal to end their respective relationships, indicating a negative emotional attribution between the parties."
conv_54,Joey,Ursula,"[Turn 11] [SPEAKER] Speaker 1: I mean, I know [E1]Joey[/E1] is not my boyfriend, or my thermos, or anything, but...",neutral,0.8,"the speaker uses language of self-clarification, self-reflection, or introspection, indicating a neutral emotional attribution toward the target. the speaker is not expressing any strong emotions or s"
conv_276,Laurie,Amy,"[Turn 17] [SPEAKER] Speaker 4: All right, okay, [E1]Laurie[/E1] proposes to Jo, and she says no, even though she’s still in love with him, and then he ends up marrying [E2]Amy[/E2].",neutral,0.9,"the speaker describes a romantic relationship between laurie and jo, and then a subsequent marriage between the male character and amy. the tone is neutral, as it simply reports events without express"
conv_1034,Lily,Speaker 1,"[Turn 20] [SPEAKER] Speaker 2: The three losers. Oh, poor [E1]Lily[/E1]. Ohh, y'know I-I heard about what happened, that must have been just terrible for you, losing your mother that way.",negative,0.9,"the speaker uses language of exclusion, criticism, or blame, indicating an unfavorable social bond and negative emotional attribution toward the target."
conv_333,Speaker 2,Ross,"[Turn 10] [SPEAKER] Speaker 2: No, look, she's obviously unstable, okay? I mean she's thinking about running out on her wedding day. Okay, fine! But I mean, look at the position she's putting him in! What's he gonna do? [E2]Ross[/E2] is gonna run over there on the wedding day and break up the marriage?! I mean, who would do that?!  Okay, fine, all right, but that's y'know, it's different! Although it did involve a lot of the same people.",negative,0.8,"the speaker uses language of criticism, blame, or frustration, indicating a negative emotional attribution toward the subject. the speaker also expresses concern for the well-being of the subject, but"
conv_5,Speaker 2,Ross,"[Turn 4] [SPEAKER] Speaker 3: Hey, so, uh, how’s it going living over at [E2]Ross[/E2]’?",neutral,0.8,"the speaker is asking a casual, friendly question about the subject's living situation, indicating a neutral or positive emotional attribution."
conv_156,Speaker 2,Mike,"[Turn 6] [SPEAKER] Speaker 2: No, no, it's not that. Uhm... Remember when you asked me if I was seeing someone and I said no? Well, uhm... I am. His ... his name is [E2]Mike[/E2].",negative,0.8,"the speaker is sharing a personal secret, which can be perceived as vulnerable or intimate. the tone is apologetic and hesitant, indicating a sense of guilt or shame. the speaker is also revealing a s"
conv_333,Speaker 4,Dutch,"[Turn 7] [SPEAKER] Speaker 1: I'm sorry [E2]Dutch[/E2], I didn't get that last little bit.",negative,0.9,"the speaker uses language of apology, regret, or remorse, indicating a negative emotional attribution toward the target."
conv_298,Speaker 2,Susan,"[Turn 15] [SPEAKER] Speaker 1: Uh-huh, Carol, so were we. All right, just-just imagine for a moment, [E2]Susan[/E2] meets someone and-and they really hit it off. Y’know? Say-say they’re coming back from the theatre, and they-they stop at a pub for a couple of drinks, they’re laughing, y’know, someone innocently touches someone else… There’s electricity, it’s new. It’s exciting. Are you telling me there isn’t even the slightest possibility of something happening?",positive,0.9,"the speaker uses language of imagination, excitement, and possibility, indicating a positive emotional attribution toward the target. the tone is optimistic and encouraging, suggesting a favorable soc"
conv_354,Susan,Carol,"[Turn 8] [SPEAKER] Speaker 2: Aw! Hey, do you think that [E1]Susan[/E1] person is her lover?",neutral,0.8,"the speaker uses language of curiosity, inquiry, or speculation, indicating a neutral emotional attribution toward the target. the tone is more observational than emotional."
conv_375,Joey,Charlie,"[Turn 5] [SPEAKER] Speaker 4: I don't know why [E1]Joey[/E1] had to kiss her! I mean, of all the girls at the party, GOD!",negative,0.9,"the speaker expresses strong negative emotions, specifically anger and frustration, towards the subject (joey) for kissing someone. the use of the phrase ""god"" emphasizes the speaker's strong disappro"
conv_747,Rachel,Speaker 2,"[Turn 2] [SPEAKER] Speaker 2: Hey! You hold on pal! Now you made my friend, [E1]Rachel[/E1], cry. So now, you’re gonna go up there and apologize to her, unless you want me to call the landlord.",negative,0.9,"the speaker uses language of confrontation, accusation, and threat, indicating a negative emotional attribution toward the target."
conv_622,Speaker 4,G.Stephanopoulos,[Turn 4] [SPEAKER] Speaker 3: Wait! Did you say '[E2]G.Stephanopoulos[/E2]?',neutral,0.9,"the speaker's tone is inquisitive, and the language used is neutral, indicating a lack of emotional charge or interpersonal sentiment. the speaker is seeking clarification, which is a neutral and task"
conv_114,Speaker 2,Emily,"[Turn 2] [SPEAKER] Speaker 2: Well, I-I-I don't know how this fits into your whole ""seizing"" thing but um, [E2]Emily[/E2] called you today.",neutral,0.7,"the speaker's tone is uncertain and hesitant, using phrases like ""i-i-i don't know"" and ""um"". this suggests a lack of confidence or clarity in their message, which may be perceived as negative. additi"
conv_901,Sidney,Speaker 1,"[Turn 8] [SPEAKER] Speaker 1: Yeah, is [E1]Sidney[/E1] there?  Oh, this is? [E1]Sidney[/E1]'s a woman.",neutral,0.8,"the speaker asks about sidney's presence, and then clarifies that sidney is a woman. this interaction lacks specific emotional charge or interpersonal sentiment, resulting in a neutral attribution."
conv_1040,Speaker 1,Joey,[Turn 15] [SPEAKER] Speaker 4: How do you think it's gonna look when you get her something incredibly meaningful and expensive and her boyfriend [E2]Joey[/E2] gives her an orange?,negative,0.9,"the speaker uses language of criticism, sarcasm, or ridicule, indicating a negative emotional attribution toward the target. the speaker is implying that the gift is not meaningful or expensive enough"
conv_260,Speaker 2,Emma,"[Turn 23] [SPEAKER] Speaker 3: Thank you. I've got to admit, [E2]Emma[/E2] does look cute.",positive,0.9,"the speaker uses language of gratitude, appreciation, or admiration, indicating a positive emotional attribution toward the target."
conv_117,Joey,Speaker 3,"[Turn 2] [SPEAKER] Speaker 2: Well, I actually had the weirdest conversation with [E1]Joey[/E1]. He was talking about rules and right and wrong and…",positive,0.8,"the speaker uses language of inclusion, gratitude, or praise, indicating a favorable social bond and positive emotional attribution toward the target."
conv_13,Pete,Speaker 3,[Turn 4] [SPEAKER] Speaker 2: [E1]Pete[/E1] Becker. [E1]Pete[/E1]... Is this him?,neutral,0.9,"the speaker is asking about a person named pete becker, which is a neutral topic. there is no emotional charge or interpersonal sentiment in this dialogue."
conv_624,Speaker 2,Joey,"[Turn 5] [SPEAKER] Speaker 1: Yeah? [E2]Joey[/E2] really knows his art, huh?",positive,0.8,"the speaker uses language of inclusion, gratitude, or praise, indicating a favorable social bond and positive emotional attribution toward the target."
conv_25,Speaker 3,Ursula,[Turn 9] [SPEAKER] Speaker 5: Your sister [E2]Ursula[/E2].,neutral,0.8,"the speaker mentions a family member, which can be a neutral or positive reference. however, the tone is more observational and lacks emotional charge or interpersonal sentiment, indicating a neutral"
conv_344,Monica,Speaker 1,"[Turn 1] [SPEAKER] Speaker 1: Pheebs, can you help me pick out an engagement ring for [E1]Monica[/E1]? I can’t figure this out! It’s so hard! Should I get her a Tiffany cut or a Princess cut or a—ah-ah! Paper cut!",positive,0.9,"the speaker is seeking advice from pheebs on choosing an engagement ring for monica, indicating a positive emotional attribution toward monica. the speaker's language is uncertain and seeking guidance"
conv_892,Karen,Ashley,"[Turn 13] [SPEAKER] Speaker 1: Yeah. Joseph and his wife, [E1]Karen[/E1], are thinking of having a third kid... Ya know what? Just did.",positive,0.9,"the speaker uses a casual, conversational tone, indicating a friendly and relaxed social bond. the mention of joseph and his wife, karen, suggests a positive emotional attribution toward the target."
conv_267,Julie,Speaker 2,"[Turn 1] [SPEAKER] Speaker 1: Hello? Oh, hi. Yeah, hold on a second. Ross, it's [E1]Julie[/E1], for you.",positive,0.8,"the speaker is initiating a phone call and addressing someone by name, indicating a familiar or friendly tone. the language used is polite and courteous, suggesting a positive emotional attribution."
conv_1054,Speaker 2,Ben,"[Turn 16] [SPEAKER] Speaker 2: It’s just I always thought when I had another kid it would be different. Now I-I love [E2]Ben[/E2], but every time I have to drop him off at Carol and Susan’s, it’s like—It breaks my heart a little. I mean I’ve always had this picture of me and my next wife in bed on Sunday and, my kid comes running in and leaps up onto the bed. And we all read the paper together. Y’know? Maybe fight over the science section.",negative,0.8,"the speaker expresses a sense of longing and nostalgia for a family life that they have not yet achieved. they describe a idyllic scene of a family reading the paper together, which contrasts with the"
conv_276,Kip,Speaker 3,"[Turn 12] [SPEAKER] Speaker 2: Hey, you're not [E1]Kip[/E1]!",positive,0.9,"the speaker uses a familiar and informal greeting (""hey""), which suggests a friendly and casual tone. the use of the name ""kip"" implies a personal connection or familiarity between the speaker and the"
conv_372,Denise,Speaker 2,"[Turn 2] [SPEAKER] Speaker 2: What about me? I just found out that [E1]Denise[/E1] is leaving town for a while, I don’t have a roommate.",negative,0.9,"the speaker expresses a sense of exclusion and disappointment due to the departure of denise, indicating a negative emotional attribution toward the target (denise)."
conv_108,Rachel,Speaker 3,"[Turn 16] [SPEAKER] Speaker 1: Okay, okay-okay, ah, Chloe works with that guy Issac. Issac’s sister is Jasmine. And Jasmine works at that massage place with Phoebe. And Phoebe’s friends with [E1]Rachel[/E1]. And that’s the trail, I did it!",neutral,0.9,"the speaker is describing a chain of acquaintances, indicating a neutral or observational tone. the language used is matter-of-fact and lacks emotional charge or interpersonal sentiment."
conv_845,Ross,Speaker 2,"[Turn 15] [SPEAKER] Speaker 1: Oh no, [E1]Ross[/E1] doesn’t know anything.",negative,0.9,"the speaker expresses concern or worry about ross's lack of knowledge, indicating a negative emotional attribution toward ross."
conv_634,Speaker 3,Ben,"[Turn 12] [SPEAKER] Speaker 1: Hi, [E2]Ben[/E2]. I'm your father. I am... the head. Aaaaaahhhh.... Alright, this barbecue is gonna be very fun.",negative,0.9,"the speaker's tone is confrontational, and the use of ""i am... the head"" implies a sense of authority and control. the speaker's emotional state is intense, and the use of ""aaaaaahhhh"" suggests a mix"
conv_281,Speaker 1,Charlie,"[Turn 17] [SPEAKER] Speaker 1: Yeah...I mean I want this so much! I mean, I wanna get one, I want my friend [E2]Charlie[/E2] to get one...Except I don't care about [E2]Charlie[/E2].",positive,0.9,"the speaker expresses strong desire and enthusiasm, indicating a positive emotional attribution toward the subject. the mention of a friend, charlie, is not a significant factor in this context, as th"
conv_198,Travis,Yeller,"[Turn 14] [SPEAKER] Speaker 1: What, what's about to happen? I've never seen this part before. Hey, [E1]Travis[/E1], watcha doin' with that gun? Oh no, no no [E1]Travis[/E1], put down the gun. No no no no, he he's your buddy, he's your [E2]Yeller[/E2], no, no no, the end, THE END.",positive,0.9,"the speaker uses language of concern, empathy, and pleading, indicating a favorable social bond and positive emotional attribution toward the target. the speaker also uses language of inclusion, addre"
conv_199,Rachel,Speaker 1,"[Turn 9] [SPEAKER] Speaker 2: She said, ""He’s obviously still in love with this [E1]Rachel[/E1] girl.""",neutral,0.9,"the speaker is discussing a third party's (rachel's) relationship, which is a neutral topic. the speaker is not expressing their own emotions or opinions, but rather reporting what someone else said."
conv_291,Speaker 1,Monica,"[Turn 1] [SPEAKER] Speaker 1: [E2]Monica[/E2], there are no words… There are no words! This should not be this hard!",negative,0.9,"the speaker is expressing shock, disbelief, and frustration, indicating a strong negative emotional attribution toward the subject (monica). the use of ""no words"" and the exclamation mark convey a sen"
conv_1051,Pete,Speaker 2,"[Turn 3] [SPEAKER] Speaker 3: Yes, but this is [E1]Pete[/E1]. Okay? He's not like other people, on your first date he took you to Rome. For most guys that's like a third or fourth date kinda thing.",positive,0.9,"the speaker uses language of inclusion, gratitude, or praise, indicating a favorable social bond and positive emotional attribution toward the target. the speaker also uses a romantic anecdote to emph"
conv_170,Speaker 6,Jack,"[Turn 30] [SPEAKER] Speaker 2: Oh, [E2]Jack[/E2] Bing. I love that. Ooh, it sounds like a '40s newspaper guy, you know? ""[E2]Jack[/E2] Bing, Morning Gazette. I'm gonna blow this story wide open!""",positive,0.9,"the speaker uses language of enthusiasm, excitement, and playfulness, indicating a positive emotional attribution toward the subject. the use of the phrase ""i love that"" and the tone of the sentence c"
conv_804,Rachel,Speaker 2,"[Turn 20] [SPEAKER] Speaker 2: You let [E1]Rachel[/E1] come back, and it’s done.",negative,0.8,"the speaker uses language of exclusion, rejection, or criticism, indicating an unfavorable social bond and negative emotional attribution toward the target."
conv_711,Speaker 1,Phoebe,"[Turn 13] [SPEAKER] Speaker 1: Ahh! There's gotta be a way. I mean, you know, if Monica and Chandler move out here and now [E2]Phoebe[/E2] is married to Mike. That just leaves me and Ross and Rach, you know what I mean?",positive,0.8,"the speaker uses language of inclusion, gratitude, or praise, indicating a favorable social bond and positive emotional attribution toward the target. the speaker is discussing a hypothetical scenario"
conv_328,Ross,Rachel,"[Turn 1] [SPEAKER] Speaker 1: Ok, so this is pretty much what's happened so far. [E1]Ross[/E1] was in love with [E2]Rachel[/E2] since, you know, forever, but every time he tried to tell her, something kind of got in the way, like cats, and Italian guys. Finally Chandler was like ""forget about her"" but when [E1]Ross[/E1] was in China on his dig, Chandler let it slip that [E1]Ross[/E1] was in love with [E2]Rachel[/E2]. She was like, ""Oh my god."" So she went to the airport to meet him when he came back, but what she didn't know was, that [E1]Ross[/E1] was getting off the plane with another woman. Uh-Oh! So, that's pretty much everything you need to know. But, enough about us. So, how've you been?",neutral,0.9,"the speaker is providing a narrative about a past event, using a neutral tone and focusing on the facts. the language used is observational and lacks emotional charge or interpersonal sentiment. the s"
conv_888,Charlie,Joey,[Turn 3] [SPEAKER] Speaker 1: And you know I wanted to ask [E1]Charlie[/E1] out since the day I met her.,neutral,0.8,"the speaker uses language of interest, curiosity, or inquiry, indicating a neutral social bond and a neutral emotional attribution toward the target."
conv_759,Francis,Ursula,"[Turn 1] [SPEAKER] Speaker 1: Okay. I have just a few questions to ask so I'm going to get out my official forms. Okay, so, question 1) You and uh, you were married to [E1]Francis[/E1]' daughter Lilly, is that correct?",neutral,0.9,"the speaker is asking a series of questions, which is a neutral and task-oriented interaction. there is no emotional charge or interpersonal sentiment expressed in this dialogue."
conv_3,Phoebe,Mike,"[Turn 3] [SPEAKER] Speaker 1: I just finished getting [E1]Phoebe[/E1] all dressed to meet [E2]Mike[/E2]'s parents. She's so nervous, it's so sweet!",positive,0.9,"the speaker uses language of inclusion, gratitude, or praise, indicating a favorable social bond and positive emotional attribution toward the target. the speaker describes phoebe's nervousness as ""so"
conv_124,Chandler,Speaker 2,[Turn 23] [SPEAKER] Speaker 1: R-R-Richard said he wants to marry you?! And-and [E1]Chandler[/E1]’s tellin’ ya how much he hates marriage?!,negative,0.9,"the speaker's tone is incredulous, and the language used is sarcastic, indicating a negative emotional attribution toward the target. the speaker is also expressing surprise and possibly even shock, w"
conv_305,Ross,Rachel,"[Turn 1] [SPEAKER] Speaker 1: Well [E1]Ross[/E1] was hangin' out over at our place, [E2]Rachel[/E2] comes over to borrow some moisturiser from Chandler....",positive,0.8,"the speaker is describing a social interaction involving friends, which is a common theme in the provided examples. the tone is casual and conversational, indicating a positive emotional attribution b"
conv_527,Speaker 2,Gloria Tribbiani,"[Turn 6] [SPEAKER] Speaker 2: I'll have you know that [E2]Gloria Tribbiani[/E2] was a handsome woman in her day, alright? You think it's easy giving birth to seven children?",neutral,0.7,"the speaker uses a tone of nostalgia, reminiscence, and possibly a hint of defensiveness, indicating a complex emotional attribution. the speaker is acknowledging gloria's past beauty and the challeng"
conv_91,Speaker 1,Ross,"[Turn 17] [SPEAKER] Speaker 1: Oh my God! I can not believe that! I mean I don’t really like it when [E2]Ross[/E2] goes out with anyone, but my sister isn’t that like incest or something?! Oh my God, and they’re gonna have sex! Oh! Oh no what if he marries her too?! Oh this is just terrible, this is just terrible. And I can’t stop it! I can’t—I don’t own [E2]Ross[/E2]! Y’know? And Jill, she should be able to do whatever it is that she wants to do! And oh my God, I can’t believe [E2]Ross[/E2] is marrying my little sister, this terrible. Oh my God, this is just the worst thing that could have ever happened to me.",negative,0.95,"the speaker expresses strong negative emotions, such as shock, disgust, and despair, towards the situation. the use of phrases like ""oh my god"", ""this is just terrible"", and ""the worst thing that coul"
conv_192,Speaker 1,Joey,"[Turn 5] [SPEAKER] Speaker 1: [E2]Joey[/E2] is a great guy, but we're just... so different! I mean, during your speech he kept laughing at homo erectus!",neutral,0.8,"the speaker uses language of comparison, contrast, and humor, indicating a neutral emotional attribution toward the target. the tone is observational and lacks specific emotional charge or interperson"
conv_1004,Speaker 1,chick,"[Turn 1] [SPEAKER] Speaker 1: Sorry! Sorry, I'm late; sorry, I'm late! My duck and my [E2]chick[/E2] and a fight, it-it was ugly.",positive,0.9,"the speaker uses language of apology, self-deprecation, and humor, indicating a positive emotional attribution toward the target. the speaker is acknowledging their own mistake and making light of the"
conv_788,Joey,Rachel,[Turn 9] [SPEAKER] Speaker 1: [E1]Joey[/E1]…he’s not even thinking about going after [E2]Rachel[/E2]!,neutral,0.8,"the speaker mentions joey's name, which is a reference to a person, and rachel's name, which is also a reference to a person. the speaker's tone is neutral, and there is no explicit emotional language"
conv_356,Joey,Dina,"[Turn 15] [SPEAKER] Speaker 4: No, no, no, that's [E2]Dina[/E2].",positive,0.8,"the speaker uses a name, which is a common way to establish a social bond and create a positive emotional attribution. the tone is also neutral, without any apparent conflict or negative sentiment."
conv_251,Mindy,Barry,[Turn 7] [SPEAKER] Speaker 1: [E2]Barry[/E2] was the guy that I was almost married and [E1]Mindy[/E1] was my best friend.,positive,0.9,"the speaker mentions a past relationship and a best friend, indicating a strong emotional connection and positive social bond. the tone is reflective and nostalgic, suggesting a positive emotional att"
conv_356,Gina,Joey,"[Turn 8] [SPEAKER] Speaker 4: Are you insane? I mean [E2]Joey[/E2], is going to kill you, he's actually going to kill you dead.",negative,0.9,"the speaker uses language of hostility, aggression, or threat, indicating a negative emotional attribution between the parties."
conv_185,Speaker 1,Paulo,"[Turn 7] [SPEAKER] Speaker 2: Well, first of all, [E2]Paulo[/E2] and I are not back together. It was just a stupid thing I did, and if I could go back in time and do it again, well, I wouldn't. Um, second of all, what?",negative,0.9,"the speaker expresses regret and disappointment about a past event, indicating a negative emotional attribution toward the target. the speaker also expresses a desire to change the past, which further"
conv_845,Speaker 2,Ross,[Turn 4] [SPEAKER] Speaker 2: I’m just bummed about the way I left things with [E2]Ross[/E2]. I shouldn’t have lied to him about having to work. He seemed so mad at me.,negative,0.9,"the speaker expresses regret and remorse for their actions, indicating a negative emotional attribution toward the subject (ross). the speaker also acknowledges ross's anger, further supporting a nega"
conv_588,Monica,Speaker 2,"[Turn 6] [SPEAKER] Speaker 2: I don't see it that way. Okay? Because, I see two [E1]Monica[/E1]s, the one that was my friend, who lived across the hall, and wanted to have a lot of babies and then the new [E1]Monica[/E1], who I just started to date. Now, who's to say what she wants?! I’m right. I'm right. Am I right?",negative,0.9,"the speaker uses language of conflict, disagreement, and self-affirmation, indicating a negative emotional attribution toward the target. the speaker is defending their perspective and questioning the"
conv_157,Speaker 1,Lennart Haze,"[Turn 18] [SPEAKER] Speaker 3: Yeah, and [E2]Lennart Haze[/E2] is starring in it...",neutral,0.8,"the dialogue is task-oriented, logistical, or observational. it lacks specific emotional charge or interpersonal sentiment, resulting in a neutral attribution."
conv_380,Speaker 1,Edward Nevski,[Turn 19] [SPEAKER] Speaker 1: [E2]Edward Nevski[/E2]?,neutral,0.8,"the speaker is addressing someone named edward nevski, but there is no context or emotional tone provided in the sentence. it appears to be a simple statement of fact."
conv_903,Chandler,Speaker 1,[Turn 1] [SPEAKER] Speaker 1: Have you seen [E1]Chandler[/E1]?,neutral,0.9,"the sentence is a simple inquiry, lacking any emotional charge or interpersonal sentiment. it is a neutral, task-oriented statement."
conv_624,Joey,Speaker 1,"[Turn 17] [SPEAKER] Speaker 1: Yeah. But you know what? I think you should give [E1]Joey[/E1] a chance. I mean, he's a great guy, and sure he doesn't know that much about art but you know, you can always talk about that with someone else.",positive,0.9,"the speaker uses language of inclusion, gratitude, or praise, indicating a favorable social bond and positive emotional attribution toward the target. the speaker also expresses a desire for the targe"
conv_294,Denise,Speaker 2,"[Turn 10] [SPEAKER] Speaker 2: Yes, [E1]Denise[/E1]. [E1]Denise[/E1]!",positive,0.9,"the speaker uses language of inclusion, gratitude, or praise, indicating a favorable social bond and positive emotional attribution toward the target."
conv_671,Rachel,Bob Saget,"[Turn 7] [SPEAKER] Speaker 3: Oh I do, it's.... it's [E2]Bob Saget[/E2]. She hates him.",negative,0.8,"the speaker mentions a celebrity, bob saget, which may be a neutral or positive reference. the speaker also mentions that the subject ""hates"" bob saget, which suggests a negative emotional attribution"
conv_833,Monica,Speaker 2,"[Turn 14] [SPEAKER] Speaker 2: Oh no-no-no, [E1]Monica[/E1] would freak. But to hell with that bitch.",negative,0.9,"the speaker uses language of hostility, aggression, or contempt, indicating an unfavorable social bond and negative emotional attribution toward the target."
conv_58,Carol,Ben,"[Turn 6] [SPEAKER] Speaker 2: I am one of [E2]Ben[/E2]’s mothers. I’m a lesbian. It was, it was difficult coming out to my parents.",neutral,0.8,"the speaker shares personal information about their sexual orientation, which may be perceived as vulnerable or intimate. the tone is matter-of-fact, without apparent emotional charge or judgment. the"
conv_82,Speaker 1,Joey,"[Turn 2] [SPEAKER] Speaker 2: Ah, yeah, he's so adorable, God, he's just so much fun, [E2]Joey[/E2] is the best, I'm glad you're having so much fun here.",positive,0.95,"the speaker uses language of affection, admiration, and enthusiasm, indicating a strong positive emotional attribution toward the subject, joey."
conv_135,Roger,Speaker 3,[Turn 3] [SPEAKER] Speaker 1: [E1]Roger[/E1] wants to take her out tomorrow night.,neutral,0.8,"the speaker is mentioning a specific person, roger, and his intention to take someone out, indicating a social interaction. the tone is neutral, without any emotional charge or interpersonal sentiment"
conv_315,Speaker 2,Mike,"[Turn 2] [SPEAKER] Speaker 2: Oh... [E2]Mike[/E2]'s sister just invited me to a party tonight, he's gonna be there. And she was like ""Oh, don't worry! I asked him. He's totally ok with seeing you!"". So now I have to go so he'll think that I'm totally ok with seeing him!",negative,0.8,the speaker is sharing a personal experience and expressing a sense of anxiety or uncertainty about attending a party where mike will be present. the speaker is also implying that mike's sister is try
conv_323,Joshua,Speaker 2,"[Turn 2] [SPEAKER] Speaker 2: Or I’ll give them to my new boyfriend, [E1]Joshua[/E1].",negative,0.9,"the speaker uses language of threat, coercion, or rejection, indicating a negative emotional attribution toward the target."
conv_138,Joshua,Speaker 1,[Turn 3] [SPEAKER] Speaker 1: Y’know who doesn’t even like dirty movies? My new boyfriend [E1]Joshua[/E1].,positive,0.8,"the speaker mentions a new boyfriend, which implies a positive emotional attribution. the tone is casual and conversational, indicating a friendly and relaxed atmosphere. the mention of ""dirty movies"""
conv_895,Speaker 1,Swedish,[Turn 7] [SPEAKER] Speaker 2: No! No-no they’re not. They’re still very angry! But y’know Chandler is also half-[E2]Swedish[/E2]. You know what the [E2]Swedish[/E2] people are famous for? Sitting down and being quiet.,positive,0.9,"the speaker uses language of teasing, sarcasm, and humor, indicating a playful and lighthearted tone. the mention of chandler's swedish heritage is used to make a joke, which is a common way to build"
conv_1040,Joey,Kathy,"[Turn 7] [SPEAKER] Speaker 1: Actually, this is for [E2]Kathy[/E2]'s birthday. It's an early edition of her favorite book.",positive,0.8,"the speaker is giving a gift to kathy, indicating a positive and friendly interaction. the tone is neutral and task-oriented, focusing on the gift rather than any emotional sentiment."
conv_155,Speaker 2,Emily,[Turn 10] [SPEAKER] Speaker 2: We all hate [E2]Emily[/E2]!,negative,0.9,"the interaction contains elements of conflict, social rejection, or hostile intent, establishing a negative emotional attribution between the parties."
conv_252,Leslie,Speaker 1,"[Turn 14] [SPEAKER] Speaker 2: Oh, no, no. Not [E1]Leslie[/E1]. No, she's, she's the only one that knows how to burp the alphabet.",positive,0.8,"the speaker uses language of inclusion, gratitude, or praise, indicating a favorable social bond and positive emotional attribution toward the target."
conv_298,Chandler,Mr. Chandler,[Turn 2] [SPEAKER] Speaker 2: More turkey Mr. [E1]Chandler[/E1]?,positive,0.8,"the speaker uses a formal address (""mr."") and a name (""chandler""), indicating a level of familiarity and respect. the request for ""more turkey"" is a neutral topic, and the tone is polite."
conv_723,Mike,Speaker 1,[Turn 2] [SPEAKER] Speaker 2: Hey! Where's [E1]Mike[/E1]?,neutral,0.8,"the dialogue is task-oriented, logistical, or observational. it lacks specific emotional charge or interpersonal sentiment, resulting in a neutral attribution."
conv_608,Althea,Speaker 5,[Turn 18] [SPEAKER] Speaker 4: [E1]Althea[/E1]!,positive,0.8,"the speaker uses a name, indicating a familiar or known entity, which suggests a positive emotional attribution."
conv_16,Speaker 2,Buddy,"[Turn 8] [SPEAKER] Speaker 2: Oh, this is, this is unbelievable. I mean, first you sleep with my ex-girlfriend then you insult my intelligence by lying about it and then you kill my fish, my [E2]Buddy[/E2]?",negative,0.95,"the speaker uses language of strong negative emotions, such as disbelief, anger, and betrayal, indicating a strong negative emotional attribution toward the target."
conv_892,Ashley,Brittany,"[Turn 11] [SPEAKER] Speaker 1: Well, see when you're acting you need to think about stuff like that. My character, Joseph the processor guy, has two little girls, [E1]Ashley[/E1] and [E2]Brittany[/E2]. [E1]Ashley[/E1] copies everything [E2]Brittany[/E2] does.",neutral,0.8,"the speaker is discussing a character's family, specifically the character's daughters, ashley and brittany. the speaker is providing context for the character's actions, indicating a neutral or obser"
conv_356,Veronica,Joey,"[Turn 4] [SPEAKER] Speaker 2: Ah, I fooled around with [E2]Joey[/E2]'s sister. Well, that's not the worst part.",negative,0.8,"the speaker shares a personal experience, which may be perceived as embarrassing or shameful, potentially leading to a negative emotional attribution between the parties."
conv_804,Rachel,Speaker 2,"[Turn 2] [SPEAKER] Speaker 2: Yeah, I'm a friend of [E1]Rachel[/E1] Green's. Uhm, actually we met at the Christmas party about two years ago.",neutral,0.8,"the speaker introduces themselves as a friend of rachel green's, indicating a positive social bond. the tone is casual and friendly, suggesting a neutral emotional attribution."
conv_58,Speaker 1,Aunt Syl,"[Turn 1] [SPEAKER] Speaker 1: [E2]Aunt Syl[/E2], stop yelling! All I'm saying is that if you had told me vegetarian lasagna, I would have made vegetarian lasagna. Well, the meat's only every third layer, maybe you could scrape.",negative,0.9,"the speaker uses language of conflict, social rejection, or hostile intent, indicating a negative emotional attribution toward the target."
conv_198,Leon,Speaker 1,"[Turn 5] [SPEAKER] Speaker 1: I'm at work, ordinary day, you know, chop chop chop, sauti, sauti, sauti. All of a sudden, [E1]Leon[/E1], the manager, calls me into his office. It turns out they fired the head lunch chef, and guess who got the job.",neutral,0.8,"the speaker uses a casual, matter-of-fact tone, describing a normal day at work. the introduction of leon, the manager, and the sudden change in events creates a sense of surprise and intrigue. the sp"
conv_150,Speaker 1,Ross,"[Turn 15] [SPEAKER] Speaker 1: [E2]Ross[/E2], hi, it's Rachel. I'm just calling to say that um, everything's fine and I'm really happy for you and your cat who, by the way, I think you should name Michael. And, you know, ya see there I'm thinking of names so obviously, I am over you. I am over you and that, my friend, is what they call closure.",positive,0.9,"the speaker uses language of self-assertion, self-empowerment, and closure, indicating a positive emotional attribution toward herself. the speaker also uses language of playful teasing and humor, ind"
conv_579,Speaker 1,Erin,[Turn 3] [SPEAKER] Speaker 3: How did it go with [E2]Erin[/E2]?,neutral,0.8,"the speaker is asking about the outcome of an interaction with erin, which implies a level of interest and concern. the tone is neutral, without any explicit emotional language."
conv_760,Mrs. Newman,Speaker 3,"[Turn 13] [SPEAKER] Speaker 3: I wish I could know if you’d heard any of that. I suppose I’ve either just told you I love you or given my neighbours a good laugh. [E1]Mrs. Newman[/E1] if you’re listening, bugger off this in none of your business. I suppose there’s not much chance you did heard that, and there’s the call waiting so, I should go. Oh well.  Hello.",negative,0.7,"the speaker expresses a mix of emotions, including vulnerability, frustration, and possibly even a hint of humor. the speaker's tone is informal and conversational, with a touch of sarcasm. the speake"
conv_84,Speaker 2,Joey,[Turn 10] [SPEAKER] Speaker 2: Ok! [E2]Joey[/E2] is having a secret Days Of Our Lives party up on the roof and he sent you guys to the play to get rid of you!,negative,0.9,"the speaker uses language of exclusion, secrecy, or manipulation, indicating a negative emotional attribution toward the target."
conv_276,Ross,Speaker 5,"[Turn 10] [SPEAKER] Speaker 3: Okay, [E1]Ross[/E1] is in the bathroom.",neutral,0.9,"the interaction is task-oriented, logistical, or observational, with no specific emotional charge or interpersonal sentiment. the speaker is simply stating a fact about ross's location."
conv_356,Joey,Veronica,"[Turn 4] [SPEAKER] Speaker 2: Ah, I fooled around with [E1]Joey[/E1]'s sister. Well, that's not the worst part.",negative,0.9,"the speaker's statement implies a negative social bond and a negative emotional attribution toward the subject, as they are sharing a personal and potentially embarrassing secret about someone's siste"
conv_510,Speaker 1,Chandler,[Turn 4] [SPEAKER] Speaker 2: [E2]Chandler[/E2]?,neutral,0.9,"the dialogue is task-oriented, logistical, or observational. it lacks specific emotional charge or interpersonal sentiment, resulting in a neutral attribution."
conv_200,Speaker 5,Richard,[Turn 5] [SPEAKER] Speaker 2: [E2]Richard[/E2]? I'm not gonna go see your ex-boyfriend!,negative,0.9,"the speaker uses language of exclusion, rejection, or criticism, indicating an unfavorable social bond and negative emotional attribution toward the target."
conv_160,Emma,Speaker 1,"[Turn 2] [SPEAKER] Speaker 2: Well, I was thinking of taking [E1]Emma[/E1] to the playground!",positive,0.9,"the speaker is planning an activity with emma, indicating a positive social bond and emotional attribution."
conv_389,Speaker 1,Phoebe,"[Turn 10] [SPEAKER] Speaker 2: Joe, I love [E2]Phoebe[/E2]. She's the single most important thing in my life. I'd die before I let anything happen to her.",positive,0.95,"the speaker expresses strong affection and devotion to phoebe, indicating a deep emotional connection and positive emotional attribution."
conv_804,Speaker 1,Rachel,"[Turn 20] [SPEAKER] Speaker 2: You let [E2]Rachel[/E2] come back, and it’s done.",negative,0.8,"the speaker's tone is critical and accusatory, implying a negative emotional attribution towards the subject. the use of ""you let"" and ""it's done"" suggests a sense of regret or disappointment."
conv_170,Jack,Speaker 6,"[Turn 30] [SPEAKER] Speaker 2: Oh, [E1]Jack[/E1] Bing. I love that. Ooh, it sounds like a '40s newspaper guy, you know? ""[E1]Jack[/E1] Bing, Morning Gazette. I'm gonna blow this story wide open!""",positive,0.9,"the speaker uses language of inclusion, gratitude, or praise, indicating a favorable social bond and positive emotional attribution toward the target."
conv_84,Emma,Speaker 2,[Turn 7] [SPEAKER] Speaker 2: So when do I get to meet [E1]Emma[/E1] and show her this?,neutral,0.7,"the speaker is asking about meeting someone named emma, which implies a desire for social interaction and potentially a positive emotional attribution. however, the context is unclear, and the tone is"
conv_27,Carol,Susan,"[Turn 8] [SPEAKER] Speaker 1: I got some, uh, hers and hers towels for [E2]Susan[/E2] and [E1]Carol[/E1]. And, uh, I got this blouse for mom.",positive,0.9,"the speaker is giving gifts to loved ones, indicating a positive emotional attribution toward the recipients. the use of ""hers and hers"" towels suggests a romantic relationship between susan and carol"
conv_276,Speaker 5,Kip,"[Turn 12] [SPEAKER] Speaker 2: Hey, you're not [E2]Kip[/E2]!",neutral,0.9,"the sentence lacks specific emotional charge or interpersonal sentiment, and the speaker's tone is neutral. the sentence is a simple greeting, and there is no apparent conflict or social rejection."
conv_38,Speaker 1,Rachel,"[Turn 3] [SPEAKER] Speaker 1: Do uh, do you got any beer? All-all I got is this melon stuff that [E2]Rachel[/E2] left. I don’t…",positive,0.8,"the speaker is asking for beer, which is a casual and informal request, indicating a friendly and relaxed social bond. the speaker also mentions rachel, which implies a positive association with the t"
conv_295,Speaker 1,Pottery Barn,[Turn 18] [SPEAKER] Speaker 2: Yeah but [E2]Pottery Barn[/E2]! Y’know what I think? It’s just she-she’s weird. Y’know it’s because she’s a twin. Twins are weird.,negative,0.9,"the speaker uses language of social rejection, labeling the target as ""weird"", indicating a negative emotional attribution."
conv_275,Tag,Speaker 1,[Turn 9] [SPEAKER] Speaker 1: How would you feel about taking out my assistant [E1]Tag[/E1]? I’ll pay.,positive,0.8,"the speaker is asking the target about their willingness to go on a date with tag, indicating a potential romantic interest. the speaker is also offering to pay, which could be seen as a gesture of ki"
conv_506,Speaker 1,Emily,"[Turn 1] [SPEAKER] Speaker 1: So I asked [E2]Emily[/E2] if she would come to New York, and she said yes.",neutral,0.8,"the dialogue is task-oriented, logistical, or observational. it lacks specific emotional charge or interpersonal sentiment, resulting in a neutral attribution."
conv_638,Speaker 2,Ross,"[Turn 11] [SPEAKER] Speaker 3: Yeah, Rachel. And this is [E2]Ross[/E2]' sister, Monica. We met at Thanksgiving.",neutral,0.9,"the speaker introduces the subject (monica) and object (rachel) in a neutral context, without any emotional charge or interpersonal sentiment. the dialogue is task-oriented, logistical, or observation"
conv_426,Rachel,Speaker 2,"[Turn 12] [SPEAKER] Speaker 3: Look, I-I-I am sorry that [E1]Rachel[/E1] dumped you 'cause she fell in love with that Mark guy, and you are the innocent victim in all of this, but don't punish your friends for what [E1]Rachel[/E1] did to you.",positive,0.9,"the speaker uses language of empathy, apology, and understanding, indicating a positive emotional attribution toward the target. the speaker acknowledges the target's pain and offers a conciliatory to"
conv_802,Speaker 2,Gandolf,"[Turn 5] [SPEAKER] Speaker 1: Kathy’s with her parents, I have nothing to do, so tomorrow we are partying with [E2]Gandolf[/E2] dude!",positive,0.9,"the speaker is expressing a desire to party with gandolf, indicating a positive emotional attribution toward the target. the tone is casual and friendly, suggesting a social bond between the parties."
conv_32,Ginger,Pepper,"[Turn 7] [SPEAKER] Speaker 1: Nooo. No, no, ah, are you sure it wasn’t something that sounded like [E1]Ginger[/E1], like ah, Gingeer?",negative,0.8,"the speaker's tone and language convey a sense of surprise, concern, and possibly even panic, indicating a negative emotional attribution between the parties."
conv_160,Emma,Speaker 1,"[Turn 14] [SPEAKER] Speaker 2: Space is filled with orbiting children. Look, please, just come on, you know, when you see the look on [E1]Emma[/E1]'s face, I swear you won't regret it.",positive,0.9,"the speaker uses language of persuasion, inclusion, and emotional appeal, indicating a positive social bond and emotional attribution toward the target. the speaker is trying to convince the listener"
conv_160,Speaker 1,Emma,"[Turn 5] [SPEAKER] Speaker 1: Ok, look, Ross. I do not want [E2]Emma[/E2] going to the playground.",neutral,0.7,"the speaker uses a direct and assertive tone, indicating a sense of authority and control. the use of the phrase ""i do not want"" implies a strong desire to prevent something from happening. the speake"
conv_643,Speaker 1,Mike,[Turn 2] [SPEAKER] Speaker 1: [E2]Mike[/E2]?? Who's [E2]Mike[/E2]?,neutral,0.8,"the dialogue is task-oriented, logistical, or observational. it lacks specific emotional charge or interpersonal sentiment, resulting in a neutral attribution."
conv_160,Emma,Hugsy,"[Turn 5] [SPEAKER] Speaker 1: Rachel... let's be clear on this, ok? I do not love [E2]Hugsy[/E2]. I like him a normal amount...",neutral,0.8,"the speaker uses language of clarity, directness, and specificity, indicating a neutral or objective tone. the speaker does not express strong emotions or sentiment, and the language is not overly pos"
conv_180,Emily,Ross,"[Turn 6] [SPEAKER] Speaker 2: Well, if you’re on e of [E2]Ross[/E2]’s best friends, why aren’t you here?",neutral,0.8,"the speaker's question seems to be a gentle inquiry, with no apparent hostility or aggression. the tone is more curious than confrontational."
conv_219,Aunt Marilyn,Speaker 1,"[Turn 9] [SPEAKER] Speaker 3: Umm, so this [E1]Aunt Marilyn[/E1] is-is-is-is she coming to the wedding?",neutral,0.9,"the speaker is asking about the attendance of a family member at a wedding, which is a neutral topic. the tone is inquiring and lacks emotional charge."
